<?xml version="1.0" encoding="UTF-8"?>
<metadata xml:lang="en"><Esri><CreaDate>20130607</CreaDate><CreaTime>13294400</CreaTime><ArcGISFormat>1.0</ArcGISFormat><SyncOnce>TRUE</SyncOnce><DataProperties><itemProps><itemLocation><linkage Sync="TRUE">file://\\UTWKS50153\E$\DATA\Kenya\IBLI\NEW\IBLI_108Divisions_NEWCopy</linkage><protocol Sync="TRUE">Local Area Network</protocol></itemLocation></itemProps><copyHistory><copy source="E:\DATA\Kenya\IBLI\NEW\IBLI_108Divisions_NEW" dest="\\UTWKS50153\E$\DATA\Kenya\IBLI\NEW\IBLI_108Divisions_NEWCopy" date="20130607" time="13294400"></copy></copyHistory></DataProperties></Esri></metadata>
