;Aggregated and intercalibrated zCumNDVI data for eMODIS: extended by GIMMS for 1981S*-2000S* for Kenyan divisions
adminID, pixels, L+S_R2cv, L+S_R2cv_within, L+S_gain, L+S_offset, 1981S*, 1982L*, 1982S*, 1983L*, 1983S*, 1984L*, 1984S*, 1985L*, 1985S*, 1986L*, 1986S*, 1987L*, 1987S*, 1988L*, 1988S*, 1989L*, 1989S*, 1990L*, 1990S*, 1991L*, 1991S*, 1992L*, 1992S*, 1993L*, 1993S*, 1994L*, 1994S*, 1995L*, 1995S*, 1996L*, 1996S*, 1997L*, 1997S*, 1998L*, 1998S*, 1999L*, 1999S*, 2000L*, 2000S*, 2001L, 2001S, 2002L, 2002S, 2003L, 2003S, 2004L, 2004S, 2005L, 2005S, 2006L, 2006S, 2007L, 2007S, 2008L, 2008S, 2009L, 2009S, 2010L, 2010S, 2011L, 2011S, 2012L, 2012S
1,6378,0.706201, 0.757812, 1.34806, 0.418422, -4.83354,3.03529,8.86135,-10.1788,0.546336,-42.6725,-5.30451,4.15298,-7.18743,-7.87966,-13.0987,-2.35994,-2.96367,-0.282387,7.91842,7.54834,9.93768,-0.889320,0.977929,-12.7105,-6.79795,-14.2506,5.52212,-3.09372,-6.65876,-1.84260,16.3697,-17.0391,-0.214256,-8.62957,-3.43765,9.75603,20.7106,4.93992,2.09533,-13.7845,-6.51473,-34.8855,-8.08346,-1.83759,-3.95340,-16.3589,-6.22477,3.46184,-5.09614,5.86298,1.97958,8.85536,-6.76376,-5.18687,15.7903,14.0273,5.59674,2.25709,2.76659,-27.7868,-4.75474,19.3073,-3.08809,-2.60160,14.3859,12.3462,14.1643
2,6555,0.631146, 0.694746, 1.59228, 0.313258, 3.49904,7.03677,17.5597,2.85965,4.20562,-57.9850,-5.50204,11.2334,-8.79981,2.80427,-15.5387,3.83709,-7.48165,-0.879957,7.13517,10.1137,12.8933,6.94937,3.08187,-19.8302,-12.4986,-14.8331,5.59206,-5.21265,-11.1144,-7.16503,9.13997,-6.16552,4.07042,-8.03725,-3.81608,13.7033,24.8603,12.8758,9.24598,-6.24538,-6.49219,-45.2826,-4.14415,-1.04892,-4.40415,-17.0201,-5.02688,1.52794,-6.70611,3.63710,6.80480,10.2827,-12.3322,-4.19830,12.7102,19.2994,4.44333,1.49809,6.15032,-28.7912,-3.30946,21.6887,-2.88670,-6.87547,12.7889,16.6897,18.0562
3,4589,0.797533, 0.832134, 1.32823, 0.135730, -2.35756,8.61758,6.53945,-3.23694,4.19687,-24.4490,-2.41478,2.42446,-4.03416,4.82174,-5.94779,3.24300,-3.58019,0.766704,5.79684,11.2733,14.5608,8.77778,6.91342,-1.94518,-3.72735,-6.51979,6.84106,-0.859970,-9.24466,-1.81355,11.4893,-0.679152,4.16619,-1.35620,5.01651,10.2538,13.8631,11.4577,4.92727,1.44244,-6.63907,-28.2086,-5.90122,-3.45316,1.39764,-5.57456,-5.90663,2.66568,-3.37032,5.68782,0.842835,4.35147,-13.0950,-4.87517,12.5696,12.5008,2.29487,-1.26849,4.47565,-26.5947,-7.55412,21.0590,-1.63449,-4.49876,10.8591,5.46436,11.5179
4,5040,0.862725, 0.886381, 1.43691, 0.175448, -1.65532,8.39910,4.97536,-3.43370,-1.17252,-41.4110,-3.31078,4.42728,-8.58344,5.39583,-10.0749,3.78969,-8.52106,1.88369,4.42386,12.5569,9.54373,9.98112,4.31783,-10.1319,-8.42457,-9.01119,4.29276,-4.29347,-9.80169,3.34392,8.80516,-5.08146,-0.914579,-3.10920,-3.35077,14.2019,13.6022,13.0904,4.36959,2.00808,-5.56300,-27.2082,-6.54025,-5.08622,1.40057,-8.63274,-4.01767,3.34501,-3.14866,4.84533,-0.274584,2.97582,-10.9344,-1.03712,12.3195,14.8489,4.58024,-1.86526,3.01830,-23.8653,-5.66757,18.2032,-5.35336,-3.73159,12.1362,5.47666,11.8217
5,5141,0.809817, 0.843305, 1.34843, 0.217308, -5.90727,2.68704,5.57058,-3.78444,-3.55793,-36.8067,-3.01739,3.35502,-6.18227,-1.49543,-9.38346,1.09468,-6.51083,-0.122743,5.10912,5.72706,6.51777,1.92723,-0.256060,-13.0911,-7.83624,-11.4080,5.11754,-7.63267,-7.96053,-0.689680,7.58753,-15.5654,-4.92645,-6.28276,-6.58957,12.7240,11.3259,6.91860,2.47013,-7.14052,-6.29063,-27.5926,-5.62040,-4.28744,1.98925,-13.7187,-6.91401,3.12746,-4.77866,5.53378,-2.81725,4.03414,-9.72863,-3.35929,14.2659,17.6844,6.23462,-1.66459,4.11525,-27.2265,-3.31409,19.9235,-7.55029,-0.0468088,17.0332,12.8453,13.1087
6,18385,0.719294, 0.768850, 1.50083, 0.322393, -4.91040,0.0412830,9.68205,-17.9501,2.33762,-52.0816,-6.25388,2.22231,-4.48370,-13.6393,-12.5857,-1.45570,-1.92749,2.65594,5.94342,6.44817,11.5784,-8.04580,-0.477048,-21.4938,-4.79175,-20.4911,3.89926,-6.88050,-5.95139,-11.6510,11.0237,-25.8407,-0.646860,-11.3304,-4.06020,16.7188,26.5117,4.95211,1.74443,-5.05778,-2.35042,-35.7070,-4.86530,1.74962,0.584338,-16.1173,-6.30795,2.93324,-8.96061,-3.32593,-0.847542,4.09043,-8.60464,-8.71435,13.6667,18.1282,2.22767,0.543863,3.60152,-20.3486,1.74754,19.9742,-4.92987,1.08667,17.0584,17.1888,8.98474
7,4223,0.802553, 0.837234, 1.33145, 0.0192358, 3.19150,4.00307,9.31181,-2.83097,2.80715,-40.8913,-3.26155,7.31430,-12.7211,6.47956,-3.72339,3.63050,-4.78034,5.65411,-0.222860,7.84698,6.27653,11.6116,2.68151,-3.71166,-13.6678,-10.4431,3.22866,-0.838821,-15.5587,-0.355654,13.5263,-3.04434,2.31997,4.58664,-3.85008,8.83762,18.2044,8.46614,4.66317,0.820353,-2.87041,-21.2544,-6.54930,9.86619,2.52953,-0.687521,-3.37572,6.45922,4.28899,8.28901,3.41335,-0.256714,-11.0726,-7.83959,9.04366,13.3927,4.77926,-11.8155,1.50540,-32.6864,-8.68428,17.2715,-4.73428,-1.99299,6.14776,3.87826,8.30145
8,2316,0.758714, 0.800817, 1.54574, 0.328428, 0.917044,15.1264,14.2319,3.09696,8.77200,-38.1995,-2.00326,18.2660,-5.54035,3.58812,-11.9024,5.04227,-4.52537,-2.31683,4.69303,17.0337,19.3523,15.1305,7.31867,-7.83436,-4.26101,-7.97439,5.07541,-3.29890,-18.5817,-2.69884,15.6727,5.79430,9.23820,2.42292,5.56414,17.7268,17.8713,13.0873,3.79189,5.26223,-5.71588,-51.1391,-1.82040,-0.680649,-1.52262,-13.1322,-7.50114,4.45821,-5.55540,0.712773,2.66716,3.60077,-14.9080,-5.37487,14.2460,19.8956,6.24671,1.26263,5.87711,-29.1678,-3.78996,23.2393,-0.931820,-4.81386,10.5278,16.5109,18.9916
9,29716,0.690347, 0.745044, 1.27480, 0.162076, -3.49772,0.153914,11.2705,-6.84823,1.78579,-31.5453,-2.53451,6.92224,-1.70094,-0.116488,-7.35247,0.925153,-0.0723495,6.88565,6.13681,9.17806,9.71703,-3.75960,-1.62459,-10.1946,-2.18901,-15.4178,7.01893,-5.71230,-4.33561,-1.12320,5.81061,-15.3229,-2.87457,-3.98308,-1.94336,18.7805,21.8588,0.319781,1.85015,-5.15231,-3.86326,-23.9782,-3.22811,-4.30458,0.0795035,-13.3033,-7.71243,1.38464,-5.18724,1.06361,-0.178626,3.10734,-7.89299,-10.2466,13.0889,15.5632,1.37334,-2.24504,2.94980,-19.6566,-0.0347941,22.0790,-8.30033,6.55821,19.3058,20.6461,9.34402
10,8766,0.742174, 0.787601, 1.24990, -0.0543985, -6.16237,-1.98941,2.06726,-6.66681,-2.53559,-37.4519,-8.44106,5.19209,-11.3575,4.13664,-9.83819,3.64671,-6.65866,5.81886,-0.265425,5.74991,2.25232,-0.804075,-6.70653,-7.98678,-11.0984,-13.0849,-2.95019,-9.01198,-12.6833,-2.51785,1.38600,-9.50447,-5.39197,-1.57063,-5.24998,14.2488,13.0508,6.87597,0.796416,-2.29461,-7.27527,-22.1514,-6.04107,-8.54955,1.76777,-8.49237,-7.24736,5.86690,-4.86288,0.416913,-2.87154,-3.29690,-8.98918,-10.4298,12.1333,18.8060,1.31122,-2.00214,6.28724,-22.6161,-0.935391,24.3180,-5.98741,5.97908,17.7943,19.9826,15.8230
11,14296,0.711447, 0.762395, 1.40349, 0.0195556, -4.07125,-11.9979,11.0546,-15.4628,1.78022,-49.9862,-2.65245,-2.76851,-4.73996,0.739872,-3.10484,-1.72032,-0.488655,2.76105,3.96197,-2.77483,4.77294,-15.4680,-3.14565,-23.0670,-2.75610,-20.7653,1.39097,-15.8225,-7.85300,-6.84540,-0.0758051,-14.4076,-3.78320,-9.29070,-1.80104,10.3233,22.5651,-5.73345,2.11825,-8.53929,-5.75749,-34.0534,-4.37265,-0.681389,-1.75139,-6.51229,-9.43237,4.35911,-1.36246,1.20015,1.23746,-0.130428,-10.0459,-8.24254,13.8681,17.3171,2.65539,-9.31187,3.51561,-27.4005,-4.22042,23.0830,-6.20403,6.31968,20.9712,18.0177,8.41656
12,6664,0.822167, 0.853445, 1.31207, 0.0512758, -7.80742,-4.00477,6.27613,-9.98550,0.325084,-44.9094,-1.17977,2.75291,-9.57526,3.19586,-7.02644,2.69470,-0.832028,3.23357,1.23308,1.68177,2.56712,-6.53679,-3.98117,-18.7575,-12.6291,-21.1250,-2.43676,-8.76881,-8.59225,-1.93634,4.70088,-12.5528,-5.84200,-2.19091,-6.32066,14.9951,19.4201,2.41203,2.22425,-3.19854,-7.11795,-23.6656,-6.74624,1.86007,2.04833,-2.79174,-9.13325,5.36741,-3.30113,3.12428,0.973762,-1.06021,-11.9863,-15.1309,9.98382,17.2442,7.28777,-8.13922,6.67479,-30.9968,-2.54939,24.3464,-6.06412,6.17634,15.9202,14.9674,8.20584
13,2537,0.713340, 0.759812, 1.29924, 0.274942, 3.32115,7.02711,10.5922,-1.43216,6.55813,-28.4804,-2.98758,4.84146,-3.35975,-0.641289,-4.76892,0.470809,-5.08746,-7.98112,10.4787,10.6388,19.1929,9.04054,2.88752,-8.36798,-4.70242,-10.2115,13.7594,-2.56676,-13.7007,-4.61549,15.2691,6.91319,4.03428,-3.06848,6.98192,14.6510,15.5960,10.0317,4.44305,-2.35358,-9.98982,-42.6983,-4.89355,1.91612,1.14502,-3.19031,-6.36431,7.25257,-2.68939,4.27208,2.76162,2.11591,-9.60146,-4.33671,12.2933,14.9597,6.47851,0.844581,3.11519,-30.9499,-12.9816,19.4259,-1.04333,-12.3099,9.58017,3.32779,11.8093
14,3195,0.848641, 0.873852, 1.47425, 0.291976, -0.0622922,9.57688,8.34791,0.644235,2.83501,-36.3874,-6.43637,11.3930,-8.30676,11.9405,-5.58580,7.11855,-6.63790,4.59941,8.80976,18.7968,18.0829,15.3877,0.0631415,1.34185,-6.68208,-6.68095,9.44906,5.83000,-15.3301,6.43345,24.0716,6.50196,-0.826728,-1.18105,3.93333,23.9314,15.3960,18.8467,4.01723,-6.03223,-13.1931,-43.8659,-7.04058,-1.69466,1.55023,-2.36079,-6.56949,9.57870,-3.88649,2.71467,-3.00875,4.22458,-8.74870,-9.87196,11.2164,15.1759,8.29226,-0.326304,4.01495,-30.1638,-7.52355,22.0159,-2.44483,-9.29216,11.2556,5.49222,11.1086
15,23947,0.607985, 0.666878, 1.29151, 0.433165, -6.30584,2.22339,-0.227679,0.544710,-8.48496,-10.6907,9.16386,18.9772,-12.1708,21.2890,8.33350,7.05768,-11.3569,-0.992236,-2.12768,5.00111,2.64089,19.5015,9.38998,2.16110,-6.52393,0.285594,6.27689,3.06442,-3.73606,-8.70552,6.05119,10.9922,-2.88001,-1.37668,-4.71042,20.9701,36.3879,44.0367,-2.61577,13.7792,10.7860,-1.21804,-8.44217,-3.47808,11.1094,24.7435,6.34511,10.3945,4.51424,-7.34522,0.291532,-8.25837,-14.4741,-13.5732,13.7698,3.65134,-0.356054,10.8038,-3.10191,-5.11563,-2.78656,10.4240,-16.8253,-22.2467,7.75778,-6.42073,-6.57257
16,11912,0.709633, 0.754409, 1.20210, 0.452321, -0.0303065,13.9193,5.67174,-0.333712,1.28301,-2.83879,20.1087,11.5397,-3.51389,5.49850,18.5004,4.41121,-1.91324,1.47175,5.86174,2.84321,10.3131,19.3248,10.3551,9.66810,3.67596,2.75515,22.7798,12.8206,6.86884,-0.590064,17.3656,11.9471,2.47407,0.867346,1.63723,26.4739,58.0262,44.5540,6.60684,7.56027,11.5507,1.00668,-2.54572,-0.0231635,-1.58796,13.7085,14.1771,28.8006,8.01724,1.43146,6.70657,-3.36632,-13.9081,-8.56671,20.7274,0.617482,-3.36926,8.58589,-3.48658,-15.0851,-8.18769,0.484063,-13.8431,-26.5867,-0.0273598,-17.4805,-5.58172
17,73149,0.848911, 0.872133, 1.27611, 0.294812, -5.63254,1.77437,3.26146,0.677232,-7.84614,-12.1764,-1.87327,1.03934,-7.71457,0.731571,-2.64357,12.0788,-8.23161,2.42939,-4.69826,-0.696289,5.26784,15.0562,0.648329,2.37354,-11.8390,-7.10392,4.48265,0.971039,-1.92997,-0.401283,1.33638,-0.153807,-3.51290,-5.85143,-5.86861,10.7411,25.1576,37.2846,1.30732,8.67023,10.4749,7.17047,3.16685,-1.01415,0.831903,12.2665,5.44521,3.98416,1.52785,2.07422,-5.66762,-8.67202,-13.1309,-9.59202,15.1817,7.75406,13.1507,11.2861,-5.23280,-10.1618,0.395348,9.95449,-15.2817,-17.8794,7.21154,-13.6785,-7.07074
18,9798,0.794908, 0.828127, 1.38632, 0.495092, -10.0786,-2.86023,8.60938,-4.62688,-7.66545,-10.9072,9.12889,-2.89295,-9.95948,-5.74487,1.00187,-4.25701,-8.76791,-0.746348,-3.28927,2.25552,7.88660,19.9926,4.61374,-2.90519,-9.37982,-8.09638,7.11703,-6.62997,1.70811,-2.89019,4.78757,13.1247,-0.316865,-3.05899,-5.03233,6.43687,36.5443,38.7413,7.45352,3.28349,11.0602,9.14128,-4.15022,-1.77674,0.684895,11.1685,8.73264,15.4655,1.15472,-7.29094,-8.07752,-15.6629,-14.8835,-17.8889,14.0686,12.6954,7.81732,10.9768,-3.73759,-12.1843,2.35193,19.9417,-13.5053,-15.4441,11.3891,-10.4324,-9.52045
19,50033,0.609316, 0.671980, 1.18086, 0.253351, -5.60227,13.5491,2.58466,2.39671,-4.55202,-4.75015,9.74287,11.8784,-7.76620,15.6322,3.66801,0.825925,-6.17048,11.5515,1.99766,4.92918,1.47512,17.7361,2.56909,4.67315,-4.16229,2.62930,7.58654,6.16506,-1.42504,-0.00455356,5.86418,9.68161,-3.78119,-0.841202,-3.06843,24.3773,29.4572,52.0786,-0.136212,6.60075,8.18933,1.02330,-5.91455,-8.39601,0.710644,21.1280,3.35874,5.99093,3.71209,1.50808,-1.70502,-10.0053,-11.5410,-5.93655,25.0445,15.6710,-2.68072,3.61838,-7.06709,-11.9159,3.93632,7.07720,-13.8884,-18.7399,10.9971,3.09116,-6.20586
20,20888,0.739949, 0.782777, 1.47451, 0.604895, -6.40749,-2.09567,2.44774,-1.35435,-8.99470,-13.5336,9.88797,11.4363,-13.2171,14.9282,9.09275,-4.23106,-11.7366,0.230667,-5.58044,-0.865926,4.42450,22.0419,6.71271,-0.421302,-11.4103,-8.47502,12.5479,-7.20033,-1.38140,-9.88191,3.78382,15.9924,-4.32933,-9.25660,-7.51362,8.34659,37.6310,49.7774,-0.576081,5.08306,13.4422,-0.119840,-11.1968,-14.0158,8.52861,22.2780,4.65981,7.69185,5.97939,2.65412,-3.63673,-13.9745,-14.0530,-15.1219,13.0355,12.0880,4.86241,9.71080,-6.46942,-7.09199,3.25378,12.4231,-15.2157,-16.6416,5.14882,-11.4308,-9.60366
21,49222,0.726732, 0.769993, 1.36275, 0.447595, -9.02904,7.26899,2.92303,2.92452,-4.68470,-7.46614,7.70572,20.8867,-6.65707,14.8596,3.20199,-2.20763,-8.52659,9.62742,-4.19727,-0.0581869,6.57824,25.1563,2.37615,2.45070,-6.21355,-2.73849,3.45472,0.245785,-1.19757,0.526478,4.34920,13.1125,-2.49476,-5.12217,-3.92277,3.07507,29.6887,51.4083,2.93325,2.66630,12.2100,3.17037,-6.85647,-8.78238,-0.0265425,11.6209,0.352564,14.1903,3.94916,0.651339,2.20040,-5.46889,-13.9975,-14.3436,22.1054,15.5450,4.52673,2.85586,-8.02481,-13.1838,2.01991,16.1573,-14.8037,-19.2421,11.2588,-5.30682,-6.37128
22,45386,0.834592, 0.859858, 1.34494, 0.359839, -1.62880,4.27450,6.97318,23.0289,0.342101,-4.60253,0.445347,20.7841,-9.14121,9.71461,-4.09626,15.2728,-7.32503,10.8521,-5.07205,-0.537625,4.25683,25.7836,3.22589,6.29577,-11.0694,-9.66868,2.41765,4.11753,-3.99965,8.30031,2.61920,12.2287,0.341224,-6.91096,-8.71785,9.38631,25.1300,40.4400,1.65457,16.6918,3.14409,-1.33375,-0.883727,-4.53878,-3.06682,14.3851,7.63009,5.93685,10.5778,-5.96132,4.15853,4.39796,-14.9154,-12.7206,16.3559,13.6385,8.28283,6.96432,-7.44643,-8.26545,1.06306,10.7391,-18.4153,-24.5758,4.26026,-7.47744,-5.89150
23,28873,0.829721, 0.857041, 1.33012, 0.444019, -3.64355,6.29440,6.58101,-7.07761,-0.489641,-11.4872,16.0584,0.319549,-4.88179,3.16842,13.2864,-5.22118,-2.86484,-1.69148,5.26682,-5.33890,4.08216,6.85357,7.98053,-0.776899,0.113326,-5.82293,16.3134,0.430427,3.31373,-9.18304,11.0442,5.76781,-0.362848,-7.74697,-0.338190,22.3277,51.9392,45.4678,3.41094,2.33904,10.3501,-6.49123,-2.13971,2.58023,3.36117,27.5659,10.7359,18.6513,4.09453,-6.81457,-3.81609,-11.2138,-14.5750,-10.5536,22.1703,1.66179,-7.79277,4.74900,-4.33628,-16.6155,3.28515,10.5186,-13.9774,-20.5293,8.77047,0.332380,-5.50284
24,13879,0.747215, 0.782740, 1.27302, 0.480035, -8.02528,15.9685,5.77034,3.49317,-8.36520,1.53422,8.86511,17.4167,-9.51788,12.5781,5.22715,10.8290,-9.41156,-2.85338,-0.0592252,10.0236,7.32976,30.3989,15.4173,12.4814,-2.55012,12.6855,18.4977,24.1125,2.86853,9.54404,16.8685,11.7961,0.712799,4.86905,-0.720904,21.8943,31.8341,46.4064,8.34895,9.90710,7.95695,2.44979,-7.12660,-3.63930,4.79409,11.7844,7.59329,19.6402,10.4678,3.96075,9.01507,-5.67915,-16.2630,-8.66984,12.6883,7.02210,1.29179,1.26636,-5.39636,-11.0236,-5.20072,13.6423,-17.5335,-28.3043,2.49119,-6.89567,-4.03528
25,123646,0.871843, 0.891714, 1.37467, 0.359038, -8.02397,-2.72913,0.732086,4.79139,-7.45641,-7.68018,-1.60480,3.29966,-12.6518,0.983105,-3.76195,9.91892,-9.37771,1.51183,-7.26333,-2.83704,3.09306,17.2995,-1.78699,-2.81667,-11.8873,-7.93501,0.230509,-3.22183,-3.91793,-0.852268,0.444134,7.29099,-3.05056,-8.45052,-7.99948,-1.26179,22.3892,40.5031,2.32850,12.5915,7.56717,4.73171,-1.48732,-1.18398,-2.10305,13.5511,6.89019,7.19808,4.14114,-5.83059,0.155423,-2.99062,-15.0353,-12.4672,16.8807,11.8337,9.95810,7.79697,-5.23438,-10.1131,-0.690335,11.5597,-15.7705,-19.3540,7.83734,-9.65297,-4.22619
26,71134,0.915627, 0.927175, 1.42755, 0.223033, -16.2689,-5.93420,-2.68621,6.68531,-13.4589,-6.00779,-2.24412,-0.519354,-19.3524,-4.47098,-6.99276,4.28003,-15.4772,2.45866,-12.1256,-8.38850,-3.47661,3.24341,-1.42706,-8.78392,-18.7107,-15.3417,-6.73980,-4.35933,-10.5520,-9.58720,-0.106695,-2.75566,-11.6437,-9.26339,-17.1971,-0.503831,13.0465,19.2230,-7.52975,12.8426,2.91906,-3.80242,4.67625,10.8745,-2.49488,8.95052,9.05247,2.05652,-1.65317,-1.32361,-0.531065,-0.121744,-8.61765,-3.57643,17.5238,9.43415,8.49132,3.61307,-9.26209,-11.2668,0.200514,4.12621,-13.4089,-22.7665,4.37461,-20.4167,-8.63597
27,32217,0.817724, 0.843530, 1.25693, 0.233998, -13.8377,-4.69896,-3.86352,4.97643,-15.6078,-13.7921,-2.08232,-3.88169,-15.0740,-0.888520,-3.99506,7.64717,-11.5639,6.37919,-6.69849,-14.4614,-3.23239,-3.54399,-2.11547,-9.99579,-18.1798,-19.5537,-3.97271,-5.23698,-8.24291,-11.3152,-4.30776,-2.39139,-9.10620,-11.6021,-13.1373,-2.20881,14.6656,18.6042,-9.59345,12.9062,4.18090,1.17925,5.13129,6.48128,-2.60224,5.11039,7.71383,-3.22959,-3.33620,2.93100,-0.353479,1.59080,-8.67590,-5.88293,15.3868,9.44258,8.24042,8.30881,-6.90472,-9.70816,1.81647,3.51817,-13.6443,-18.5624,0.782298,-29.7282,-11.8244
28,20785,0.864082, 0.883300, 1.42495, 0.345137, -7.68584,-8.19086,1.02592,8.89525,-14.7803,-27.3800,-6.67368,-3.43698,-10.7786,-7.77286,-6.79504,12.4845,-10.2204,8.27230,-3.88189,-19.2818,-0.522957,0.520216,-1.52899,-9.67451,-15.9302,-15.9188,-1.48852,-1.14490,-9.31893,-17.5998,-5.39153,-5.61312,-6.43295,-10.8104,-11.3082,-1.83611,17.0138,24.5634,-6.44895,17.6104,4.16228,3.03751,6.88442,2.71967,-0.881805,6.62322,9.70064,1.89480,-2.66735,7.42576,-1.48976,-3.75022,-13.1294,-5.23001,14.7900,11.9757,10.0047,9.83260,-6.32265,-9.97714,2.79007,-0.213414,-14.3986,-21.3010,1.26652,-25.2371,-9.51111
29,31509,0.831247, 0.856618, 1.25978, 0.197264, -8.79086,-4.32420,-0.978475,4.05065,-11.6029,-9.45763,-2.36062,-0.418385,-13.0466,-1.98209,-3.05468,5.05661,-13.4615,2.54804,-5.95180,-12.3035,0.00904655,-4.80353,0.366823,-9.49977,-16.8608,-19.5655,-2.40432,-6.14472,-8.41655,-11.5235,0.00656731,-3.14694,-8.45884,-12.1600,-12.3319,0.0547602,13.2606,15.7542,-4.37478,10.9989,4.12314,0.389925,2.38591,9.60177,-1.40855,9.34369,6.66498,0.948106,-0.820612,0.0253698,-1.39822,-0.0137932,-8.08791,-3.95876,16.5833,7.46858,10.1435,4.55812,-9.52881,-16.0733,-0.876621,6.05255,-12.4518,-17.9523,2.97104,-26.4621,-12.2304
30,24091,0.778905, 0.814550, 1.41940, 0.276811, -5.80100,-2.51198,14.4167,4.90823,-4.55971,-13.0608,6.48913,4.65213,-4.39665,1.83611,-1.62005,-4.89352,-4.44672,1.93358,-2.61818,-0.479194,5.79848,18.5385,14.2663,-1.71493,-3.20516,-5.50198,13.5404,10.2762,0.957642,3.71377,18.3329,2.07442,-2.44537,-3.48659,-4.67766,27.2125,35.3185,45.2387,-0.166774,5.41744,2.18099,-8.47216,-5.46478,-10.1762,-7.10423,11.6586,10.5397,25.1148,5.64404,8.13124,11.0363,0.394630,-13.7125,-2.25338,18.5243,12.3840,1.34049,-3.94418,-0.845136,-22.4545,-6.65130,1.82818,-18.5045,-20.6832,0.661551,-14.1548,-1.17121
31,53409,0.824250, 0.848296, 1.32662, 0.293351, -4.30321,8.75473,7.15145,0.518542,-2.54792,-2.49144,10.5701,12.4323,-5.22738,4.44565,7.91661,4.04669,-6.53911,5.13366,-0.589787,5.64072,11.7232,24.7468,17.1157,9.19928,-0.862054,5.76253,24.8862,18.1940,7.12995,8.31847,20.9494,16.9240,-0.819389,0.125695,-0.553222,16.4414,45.0624,50.4131,7.11264,5.32106,8.71083,-1.24226,-5.54395,-4.89021,1.13132,17.3323,8.97484,17.0459,8.09931,5.79198,7.33288,5.91755,-13.9200,-4.38322,16.9389,3.71712,-2.62543,2.62329,-4.77907,-12.8008,-4.01288,-2.17037,-16.3900,-28.1836,1.56412,-15.2748,-5.35628
32,30475,0.815570, 0.840802, 1.33939, 0.323504, -3.84934,13.3809,9.37942,7.66509,-4.03395,-1.36789,8.09766,15.1078,-4.72368,10.1987,0.560117,5.88061,-9.84012,10.6431,-0.695349,16.3430,12.3116,33.4706,18.9191,13.4277,-1.26951,10.8961,17.8119,27.5525,4.71056,11.2633,11.8098,19.9311,-3.95038,1.35314,-2.76587,25.6954,29.2712,50.1414,4.80296,7.32500,5.23605,0.674199,-8.93637,-7.70629,-1.41965,19.6407,6.04616,13.2869,8.33457,3.35543,10.9677,12.7038,-12.0455,-0.146039,15.7730,4.05929,0.601876,3.30896,-2.64479,-16.3180,-7.06894,-2.76148,-17.5943,-29.4234,0.656154,-20.2206,-2.10164
33,175592,0.759073, 0.795653, 1.15964, 0.263398, 5.73020,-1.08145,13.8035,-1.66736,2.01329,-7.36553,11.3024,11.4973,3.27681,0.353159,11.1256,0.455309,1.63757,6.22257,3.16382,5.40944,10.0173,23.1715,19.3428,-1.09331,3.54062,-4.72002,22.8116,4.27235,8.76997,-2.50023,16.0612,1.17762,2.03075,-4.57315,3.87672,11.4053,56.3553,37.5175,8.54698,-1.03793,7.54837,-4.55729,-1.46731,-3.98857,-1.96837,23.7806,8.30276,19.2550,0.593342,-5.37677,-0.200342,3.30486,-8.91728,-1.89323,22.5014,4.34204,-0.511153,1.23232,-3.88523,-18.1962,-7.43986,-2.18464,-12.5897,-20.2755,17.9509,-0.363826,-7.51286
34,53031,0.779139, 0.814242, 1.20057, 0.231962, 1.12603,1.72409,6.29803,-3.30339,-0.222615,-8.71141,11.0415,-2.60102,-2.36993,0.0704781,13.4894,-3.29387,-2.09419,3.64236,4.33824,0.915254,8.27953,10.2202,9.78206,-2.70936,-2.14304,-7.07427,16.6577,1.89683,8.10492,-5.85752,15.9270,3.38462,-1.15232,-5.85840,0.360858,17.5723,46.6124,36.8426,6.26089,-1.50913,5.24940,-6.57569,-4.13387,-6.10985,0.814749,29.3445,6.10906,12.5309,3.14530,-6.97299,1.04479,-1.91433,-11.7688,-6.28763,25.0385,7.29731,-6.99364,5.53142,-0.860365,-17.7543,-6.14726,4.32679,-11.4972,-19.9920,13.5997,3.35414,-7.21081
35,16431,0.712916, 0.762858, 1.61675, 0.479794, -9.92994,-9.16215,8.91118,-3.32862,-5.66908,-25.7814,6.56215,-16.6062,-10.1035,0.430655,-4.51803,-9.10985,-9.90322,-5.74081,-7.18077,-4.53638,5.32932,5.95274,9.75059,-10.4551,-6.19299,-17.7500,9.77219,-3.39295,-4.20506,-2.53679,14.6873,-13.6361,-1.95301,1.81931,-7.27137,14.2770,44.3771,45.1732,0.794536,12.4009,-3.41661,-23.0449,-2.89729,-10.4843,-9.32017,9.50561,8.87829,25.8240,12.6997,10.2445,7.97611,-2.31382,-14.5137,-13.2839,13.9952,16.2858,2.20351,-9.78467,-1.32576,-24.6235,-6.34521,7.69214,-19.2772,-9.06181,7.90931,4.82795,-0.718710
36,62579,0.663269, 0.716695, 1.22177, 0.184305, -3.68449,6.04826,14.7814,4.16481,-5.24930,-7.57208,-3.93101,3.13462,-0.0689362,1.91820,0.233929,20.9454,-4.35549,5.08122,-7.22128,6.07630,2.36361,6.27434,2.45196,-4.15179,-5.59814,-0.601103,2.68111,14.1424,0.693020,4.89839,5.48489,3.99099,-1.55480,6.93923,-5.86961,19.2961,40.7797,30.2592,-0.0372764,10.7583,2.35629,-1.20211,-2.62866,-12.3649,-7.68245,4.48801,-1.02216,12.0831,-2.22896,0.637574,10.8812,2.99679,-13.3417,-8.64637,25.0816,17.3276,0.237919,0.865228,-3.01071,-14.6021,-0.173291,16.1904,-11.0108,-18.9753,17.1430,11.0128,1.65695
37,19860,0.643646, 0.695903, 1.08629, 0.0829552, -3.04287,3.78198,13.3475,6.16137,-3.95951,-8.51509,-1.56904,11.3548,-0.482793,14.2972,1.65680,23.1690,-3.48011,1.31494,-8.65516,9.88793,7.80953,19.4520,6.64567,3.83783,-4.74150,-4.87939,1.12224,7.78850,-4.54582,-0.0931856,8.04157,3.65392,-4.10218,17.1985,-4.86847,14.2962,31.3883,25.5900,-1.56801,12.1609,-1.59205,-0.899689,2.30326,-10.0867,-6.49214,0.508671,-1.35311,9.14018,2.43497,4.49393,9.83608,7.15499,-10.4439,-3.73012,23.9269,13.7258,-0.471696,0.910554,-2.44782,-8.87485,-2.79079,8.99362,-12.4855,-22.2361,12.2638,16.0131,-0.874247
38,1446,0.576491, 0.651676, 1.39453, 0.265202, -6.63139,7.95608,23.2828,0.625225,-10.3921,-5.52678,-10.7833,1.66375,-11.0740,-5.64224,-7.09470,5.20602,-3.04424,-2.26728,-9.09299,15.1489,-6.29963,12.7304,-2.87847,0.511413,-11.9133,-6.80332,-3.34974,24.7833,-5.09367,4.88285,-3.69835,-0.966828,-3.91911,-2.74719,-9.83041,17.0192,27.7683,25.5493,-2.15954,21.6280,-2.48259,8.08128,1.63664,-19.2451,-14.7621,-1.24023,3.53078,7.40452,-9.17250,-4.96404,11.5555,6.47064,-13.6513,-1.88401,18.8183,0.370302,-2.16774,-7.83404,-2.85087,-13.9337,8.67736,38.9366,-3.46373,-4.08097,23.3552,19.4141,-5.80759
39,8763,0.267409, 0.390388, 1.12397, 0.231983, 0.0898413,33.1932,12.0847,12.9049,-1.98935,1.24348,-3.87473,25.0354,-4.11077,13.5252,-2.27438,25.0658,-6.80479,11.2550,-7.20068,22.7904,-0.333693,14.0670,3.62565,7.33737,-5.47070,-5.61250,5.93257,19.8157,0.945287,6.33179,0.622397,10.4093,2.68355,9.01830,-5.41855,33.6479,31.2279,41.8317,-1.70854,18.6834,0.147039,2.91025,2.15832,-13.3867,-7.97533,0.287259,-1.45912,-3.58910,-2.64593,-5.10463,11.4605,6.69534,-11.6440,-2.31124,27.5793,20.0245,-0.0940309,5.85317,-7.11791,-15.6968,0.290245,21.5670,-12.6686,-14.3387,19.6053,9.59867,10.0070
40,26360,0.576680, 0.647698, 1.37855, 0.308119, -6.77644,3.55382,9.90454,4.41548,-8.61124,-11.4629,-8.09809,7.99041,-5.45665,4.76187,-1.10696,20.4019,-7.99558,-1.69570,-11.4532,20.0494,-4.39351,4.80269,0.350664,-4.21131,-7.74110,-3.30600,-2.62451,15.5313,-6.36983,-2.02648,-0.821049,1.74508,-5.86063,1.95380,-9.45171,20.5673,33.2265,35.2297,-1.67694,14.3478,-1.13587,8.08430,-4.02630,-19.9956,-9.66623,-1.90592,-2.55478,5.47013,-6.16047,-0.352515,11.0863,1.59065,-14.7417,-7.02136,23.5191,20.9875,-4.71071,-2.34156,3.83003,-11.2091,2.93925,29.7911,-5.96969,-15.0135,17.3695,5.53408,-2.07727
41,2041,0.596059, 0.663019, 1.26899, 0.418460, -8.81512,18.7587,7.99447,21.4607,-7.53330,1.46758,-9.85436,15.0073,-7.50377,9.10949,-2.50659,11.4393,-1.01054,12.0567,-12.3049,16.3010,0.0208626,13.3537,-4.53620,0.984024,-12.8676,6.30453,-3.13139,25.7758,1.07618,19.5093,2.42155,6.87693,-8.54680,13.4557,-8.22760,22.2504,29.5606,36.5481,-1.38307,11.2181,-3.69449,11.5961,-2.11918,-16.0647,-11.6442,0.947041,2.78905,19.8064,2.72061,1.76622,18.8153,7.40233,-13.7952,-4.51115,14.0921,10.8972,-0.533060,-1.39634,-10.2348,-23.5401,2.48382,20.8411,-6.66267,-16.1479,18.1767,9.29558,-4.22579
42,9304,0.498708, 0.585919, 1.34563, 0.354941, -7.36689,5.97673,8.80575,6.01159,-9.71104,-5.79884,-9.08899,10.1041,-8.72558,3.51729,-3.97701,14.2865,-6.87403,-3.27424,-11.3048,16.0879,-4.30223,6.98565,-1.49245,-4.47003,-8.75497,-2.39623,-5.11389,13.6970,-6.82426,3.94570,-1.43965,-3.94961,-6.17317,3.02440,-9.92289,26.1194,36.8581,39.0726,-3.86345,10.4985,-2.67265,4.86976,-6.60999,-22.3099,-10.7672,-4.12322,0.311613,11.0033,-3.61523,-0.649106,13.6795,2.35833,-15.4118,-4.08149,22.5889,18.5139,-7.10273,-3.00107,1.93903,-15.6353,5.13786,28.9296,-7.66138,-11.0051,14.9069,7.48534,-2.18963
43,26396,0.739098, 0.781299, 1.28262, 0.191187, -10.5635,-0.306786,6.25890,9.69281,-8.18432,-7.91311,-5.73786,4.54259,-6.63880,4.06766,-4.09090,19.2993,-2.83517,5.55804,-9.67506,9.54200,2.33339,7.52119,0.0365915,-1.72370,-8.78484,-5.32005,-1.03207,10.1518,-6.00951,5.74851,2.92295,4.13504,-5.30147,9.29352,-6.57099,17.6988,32.7829,30.7969,-2.00376,11.8481,-0.888898,4.49393,-1.18718,-11.9593,-8.02949,1.87843,2.30698,12.5834,-1.66251,0.359717,9.31015,0.332164,-14.5566,-4.34217,25.9469,19.9849,0.137989,-0.357174,-0.813998,-10.7860,-0.763570,10.2249,-13.2182,-17.9188,13.3175,20.0980,2.88844
44,23936,0.715798, 0.759534, 1.19969, 0.105629, -4.49774,9.33417,16.3636,4.91372,-3.56325,-10.4526,-1.15835,7.30894,-0.610032,7.43076,3.06741,14.8298,-7.81468,10.4084,-7.20485,10.1647,5.34497,18.6018,8.19874,-3.98708,-5.02925,-9.33816,1.91920,9.20913,-4.08404,-5.22703,6.42305,-0.0241307,-0.0444714,13.6732,-5.19103,15.2503,42.7581,46.0091,-1.25460,4.15878,-2.01474,-0.866263,-2.22743,-8.28745,-6.20307,7.87646,-0.351896,4.45383,-2.89435,-2.12756,5.30206,-2.39597,-14.7820,-2.38016,27.9174,21.6397,0.621273,-0.561622,0.0757174,-7.15299,-0.130804,10.0078,-10.3996,-21.0720,10.5830,2.32363,-3.88407
45,16869,0.514688, 0.596492, 1.26613, 0.350176, -5.13300,7.90492,9.40865,11.0369,-8.09692,-1.59285,-7.31598,8.90548,-5.69301,4.93919,-3.21927,16.4631,-5.88240,0.156062,-10.3177,15.6536,-1.64000,7.33229,-1.37231,-1.88394,-7.81543,-0.903995,-2.63307,15.8292,-0.708053,7.15712,0.343218,-1.64533,-6.34095,4.01942,-9.31679,16.9356,40.5892,40.3263,-1.28073,10.0753,-1.69635,7.24463,-2.71626,-18.3567,-12.0400,-1.99049,1.50929,12.3541,-0.128796,3.66997,18.0331,8.53811,-14.0396,-6.77526,18.7493,13.9129,-5.63933,-2.92188,-3.19848,-19.3469,1.40448,25.4242,-6.66802,-14.5079,15.8372,9.34952,-0.748496
46,14810,0.360309, 0.472077, 1.11699, 0.145184, -1.47812,24.9443,17.5489,13.7366,-4.42995,-6.55223,-4.08444,13.5487,-4.89583,6.02632,2.07733,21.0418,-6.62459,13.0469,-7.99434,16.4099,0.159204,11.2276,1.50473,2.43175,-5.18062,-4.87166,6.25878,16.9486,-0.543309,3.29686,1.72165,5.87200,1.77631,8.93883,-5.61692,22.7802,34.1695,44.1252,-2.57288,9.95083,5.21089,3.83966,2.31172,-16.8570,-7.64760,2.38165,0.855179,-1.18438,-7.17300,-4.93474,12.3951,3.76895,-12.3380,-4.14479,25.8190,20.1977,-0.860277,1.44120,-5.55138,-15.2586,-0.418732,23.4229,-9.21991,-8.83274,24.3074,16.2217,9.82127
47,13301,0.620292, 0.683646, 1.24446, 0.319134, -1.42132,11.8815,14.6116,12.6800,-4.00641,-0.335797,-5.59567,4.87831,0.530669,5.36390,4.19589,30.0367,-6.00627,3.49707,-7.44138,12.1005,1.59696,7.82696,5.78765,-1.35938,-3.23585,-0.766756,3.16545,11.8923,0.209708,-0.203865,0.861699,0.492562,0.225903,1.54138,-5.91979,12.0920,37.9918,43.3379,-0.0791081,11.4898,5.99966,10.8249,1.21418,-14.8752,-3.63008,4.77461,-3.31658,2.12189,-7.02423,0.531895,11.6351,3.22135,-13.4950,-10.0278,23.5148,22.3401,-1.90394,0.902440,0.132461,-16.8741,-0.214793,22.7342,-7.84353,-14.8493,17.6763,6.65442,0.154428
48,34652,0.520770, 0.600001, 1.13146, 0.204785, 4.20944,26.4740,16.6638,6.35591,-1.58492,6.86714,-1.44684,19.6493,-3.96789,7.73596,-2.06973,21.2682,-4.33081,8.70800,-6.71380,10.3311,-0.306630,8.90000,2.42736,2.96993,-5.41053,1.36375,4.02990,14.6853,0.767342,7.45845,-0.211942,10.1575,1.09195,4.49944,-3.63014,27.0742,36.7085,54.8290,0.472846,13.9126,2.39357,7.11385,0.586878,-4.96325,-9.46888,3.47528,-0.448368,12.1216,0.317129,-9.21052,9.70979,-7.53124,-13.7433,0.590665,24.9047,10.5009,4.73799,12.5923,-8.33856,-11.4744,1.00520,8.56999,-12.5784,-14.6715,20.5404,10.6527,6.28128
49,26056,0.562602, 0.636144, 1.18034, 0.171991, 0.592412,20.2780,16.3287,7.14839,-6.87699,-3.35998,-5.61523,16.1802,-7.09938,8.71815,-1.34093,12.0778,-6.29619,13.4833,-9.15341,9.23391,-1.66337,9.83130,-1.15902,3.03329,-6.01424,-4.68488,4.89838,14.7262,-1.50887,5.63693,1.41890,8.82964,0.383778,7.06947,-5.07565,30.2753,38.1750,50.6125,-3.01745,7.59271,2.70057,-1.19284,-2.63795,-11.0056,-6.14789,5.54225,2.08530,8.73869,-5.57946,-7.74709,10.7601,-7.77321,-13.8171,-0.392156,26.1404,18.2781,3.44844,3.03340,-7.08626,-13.9171,-2.67029,19.0377,-11.2194,-13.7950,24.5659,19.1586,9.87346
50,13102,0.796769, 0.830050, 1.41617, 0.422815, -12.8249,11.3272,9.71528,18.5409,-11.4417,1.82752,-8.62610,7.93060,-10.0754,4.96670,-4.70315,15.7880,-6.89592,8.44113,-16.1128,8.05244,-1.73388,6.45570,-8.48509,1.66558,-15.1695,-3.31116,-4.92671,23.5558,-1.54661,13.3462,5.74205,4.59688,-8.13929,8.92408,-10.2928,21.3753,39.4455,38.5744,-2.33930,15.5447,-5.21902,12.0915,-1.65707,-8.34857,-11.3585,7.26430,4.62489,17.3075,-0.390678,-3.87631,14.3952,3.56794,-15.4861,-7.33199,21.3696,15.7419,-1.10576,-0.408480,-4.61262,-23.5043,0.996928,16.6024,-12.0583,-17.0143,15.0809,12.3948,-1.85859
51,12037,0.469165, 0.560992, 1.21107, 0.163868, -2.41008,27.4264,17.0072,24.4581,-3.50854,-0.777294,-2.78034,10.2297,-1.63245,12.1613,-0.395740,32.3672,-8.16929,10.4810,-8.56119,28.4184,-1.98124,12.4617,2.93280,7.13175,-5.24934,-2.90544,5.74273,30.4691,1.26311,4.38007,-0.0318845,7.75254,-0.402444,9.12168,-7.00804,24.4898,26.9922,48.0858,-2.72334,18.3268,1.66475,9.92139,1.92818,-13.1303,-10.0192,1.45454,1.00558,-1.27427,-6.90656,-4.77192,7.72215,7.39059,-12.7852,-10.3469,23.9440,25.8500,-3.24855,-2.50016,1.31029,-10.5361,3.40784,17.6398,-7.88597,-9.77536,17.4279,13.5204,-0.574272
52,7078,0.471329, 0.564139, 1.30399, 0.398147, -7.63633,15.9879,14.9319,4.11024,-10.6816,-5.41187,-8.72144,10.1075,-7.53808,-3.02404,-6.62179,18.3142,-2.98036,2.87643,-9.62882,19.9418,-3.03785,3.65520,-5.03375,-3.58781,-9.52599,-6.67957,-5.22871,24.0829,-5.52874,9.10987,3.00833,-1.54136,-5.56792,-2.88195,-7.21280,14.2650,35.7032,36.9254,-1.45600,10.2211,-4.84062,0.937426,1.74784,-21.8743,-13.1417,-2.07063,-0.501018,15.9137,-6.29633,-1.65767,12.4238,4.94723,-13.5258,-4.83332,23.6022,9.74137,-1.73480,-7.01313,0.350255,-16.4828,5.67828,31.9054,-9.22132,-8.57577,17.4430,10.3206,-4.76343
53,43934,0.607306, 0.671556, 1.20105, 0.0763333, -2.18875,13.3279,18.6453,6.76956,-3.18563,-7.05816,-2.53935,8.23868,-0.939695,5.08588,0.681995,14.7942,-5.52212,9.10343,-7.77375,7.11874,1.08746,12.8891,3.64074,1.29443,-3.96894,-2.76217,3.45707,14.7598,0.141724,1.13389,6.33501,2.81181,-1.31991,10.6838,-4.00046,18.0414,39.7433,41.8312,0.436167,12.6432,0.357456,0.102042,1.00429,-10.4175,-7.92249,3.18122,-3.17647,10.4141,-3.15190,-9.38288,9.28524,-2.10530,-13.5331,-3.45673,27.5173,26.1885,1.13836,0.917061,-0.775803,-9.40334,-1.60280,11.0684,-10.1958,-17.0035,14.9270,13.9842,1.26246
54,20369,0.603989, 0.659983, 1.10855, 0.0117207, 15.7398,19.7140,20.2898,16.0499,-3.79917,-4.49314,9.78981,19.1609,3.97381,5.33542,4.44535,16.1501,-1.73874,16.9144,7.07438,11.7146,3.84426,26.7790,8.90962,3.34963,-3.53696,3.37260,6.87416,14.1352,-0.813275,-0.384859,6.90341,17.5499,2.02285,0.0549415,-8.62927,15.4801,31.6224,33.0746,12.9279,9.20815,5.21344,-2.73499,-5.64777,-4.47749,-4.77669,8.17340,2.05254,12.9551,-1.24961,14.1719,0.558573,2.98203,-12.5725,2.66717,17.2439,10.1479,2.66839,-6.29485,5.79637,-22.1555,1.01544,5.66738,-11.5932,-23.8371,10.2704,14.1366,4.94440
55,157632,0.656209, 0.706712, 1.36376, 0.268906, 6.76900,7.56528,21.3813,17.3799,4.30911,-3.01514,18.1096,14.1435,3.78889,8.20919,6.52994,18.2494,5.76790,14.2882,5.74187,12.1987,9.32304,18.5666,6.89674,1.26818,2.26171,-1.18741,11.5314,9.80777,3.34174,0.626851,19.3260,6.48180,2.23692,4.65252,2.94834,23.9997,43.3722,38.7908,13.0590,9.86049,6.62967,-2.28131,2.72301,5.20449,-5.63123,2.56955,2.99522,10.0549,-2.83625,5.06376,0.222922,-7.22258,-12.4268,0.832250,18.1787,14.9194,2.50775,-3.28365,4.63172,-19.3275,-3.36030,8.88129,-9.97677,-17.6920,10.8420,6.40228,-1.22841
56,251462,0.554396, 0.620890, 1.34321, 0.127389, 5.12645,7.72471,24.7921,10.8967,2.45646,-1.75168,15.7775,14.7950,4.25857,20.9521,9.76246,20.6927,5.15950,18.5545,5.88961,18.0388,10.5231,17.1746,5.39573,4.23800,1.25991,-0.514381,6.35079,12.3617,0.852376,1.80950,11.3986,2.84172,2.77889,3.05536,2.33166,16.7639,38.2042,32.5714,7.79381,7.76217,6.71186,-4.14993,1.26207,-8.75525,-8.26493,0.778426,1.74969,20.0225,0.363078,-1.18143,2.95914,-3.20341,-12.3419,-5.53005,11.4028,17.7900,-1.33279,-4.49329,6.61771,-15.9214,0.717191,17.4946,-9.04473,-17.0006,12.9654,-3.57360,-4.30047
57,121107,0.801895, 0.832464, 1.22923, 0.333404, 3.22292,0.890925,16.3903,8.20391,2.48601,-5.91453,16.0977,13.5546,3.92219,-1.71281,7.33309,1.72883,1.93218,11.0744,4.97433,6.10868,13.9090,25.2576,12.4901,-2.28843,3.13933,-2.34879,15.3006,3.31076,6.24154,-2.08292,22.3093,5.07565,2.72986,-3.57137,3.49446,14.7898,48.1625,45.5998,11.7114,2.37197,6.34712,-3.56185,-0.467755,5.19462,2.45875,12.3665,3.02213,20.1282,-0.957706,1.95825,0.995550,-4.47475,-12.5487,-4.81016,21.6622,11.0745,1.01653,-6.63016,-3.31157,-19.0740,-3.91535,2.54902,-11.9491,-18.2821,8.78326,-0.653633,-1.09207
58,8552,0.639546, 0.691780, 1.04737, 0.259803, 7.25145,23.7329,18.5844,11.7087,-7.36022,-5.98306,9.59915,19.6244,-3.15088,5.81949,2.77257,15.8503,-6.13853,12.3178,2.76819,15.4468,4.92786,27.7722,5.46293,-1.26588,-3.71042,4.47955,6.35345,17.0308,-0.426380,2.43495,9.99177,17.8484,-1.59967,-3.77772,-5.93147,13.7157,28.9551,39.1742,4.71927,3.76351,5.63938,-1.37880,-8.73608,-0.464465,-3.79833,9.22312,4.31124,16.8219,-1.66685,12.6697,2.99895,1.77371,-11.4102,1.40485,20.9572,6.43295,3.14328,0.937100,3.28389,-21.2605,-0.964568,-2.76075,-16.0670,-24.7777,10.7113,22.0870,2.00401
59,280093,0.733904, 0.770951, 1.04923, 0.178003, 5.02685,7.09014,17.9959,3.34655,2.21943,-4.89066,8.51366,18.3998,4.30589,5.99312,10.4359,16.0948,3.91336,10.8339,3.95237,9.76868,9.84791,19.3109,7.94916,-5.08390,2.36743,0.540815,10.6941,6.65351,2.94157,-1.45097,16.0467,9.82516,3.47902,-1.01114,3.68316,13.3536,49.7898,32.8714,8.84499,4.80473,6.81564,-3.41392,-0.183414,8.22271,-2.68362,8.93599,4.54227,15.1637,-0.580580,0.711866,1.74426,-4.13769,-11.2577,-0.869122,15.4077,3.43342,-2.92539,0.380675,4.69057,-16.7776,-3.55538,3.13462,-10.4941,-18.1987,16.7310,3.65091,-4.68660
60,6391,0.920903, 0.932119, 1.30353, 0.0416948, -3.65402,15.0546,12.5456,6.66135,-8.46435,-19.8498,-5.97419,27.5225,-2.47543,10.5854,0.947789,15.9199,-6.14495,14.3528,-5.95405,13.0805,9.71840,6.85531,4.81046,-4.45438,-10.8804,-12.6606,-2.65212,-4.20382,-5.95102,-15.1320,6.12848,-4.51204,-6.69898,-0.469805,-10.8541,5.48076,26.2980,35.0656,-4.07824,-6.20397,0.296923,-14.6258,-15.7812,-1.20433,-9.72701,2.56208,4.23279,9.01534,-1.08630,-7.25191,4.27653,-10.1042,-14.2554,13.4035,26.1847,15.0232,2.65145,1.47716,3.48037,-7.57960,-4.43000,11.1888,-12.2415,-26.5300,9.51038,-1.55986,2.10683
61,39849,0.906547, 0.920065, 1.20490, 0.111424, -5.11143,9.06575,10.5073,3.96079,-5.00085,-11.9208,-1.37777,23.5308,-6.33336,5.57590,0.327571,16.7895,-6.21767,9.90270,-5.79187,8.61702,6.63195,19.4806,3.21110,-3.41826,-8.83102,4.07515,4.75214,9.47524,-5.48588,-3.09134,5.47202,9.82818,-2.50551,4.07824,-5.00814,17.6008,36.0842,50.1428,-0.652279,8.20148,5.20805,-10.1335,-7.68432,6.12325,-7.99252,7.87173,5.85110,8.52515,-0.939000,3.38048,6.69094,-10.7353,-13.2548,7.35779,26.4430,12.1515,-2.27748,3.16808,-1.56536,-14.0147,-2.25190,-0.414571,-14.1514,-23.4134,8.41452,-6.62130,0.471719
62,48732,0.903913, 0.917035, 1.19895, 0.105044, -1.93557,9.75162,12.4800,-0.674720,-2.43383,-11.7971,0.452482,22.5924,-2.46934,6.19489,3.37761,13.6187,-3.25784,10.3434,-2.64938,8.41515,9.41458,17.4937,4.07871,-7.98745,-4.85619,-3.59496,6.93163,11.0728,-2.18009,-1.55650,10.9810,8.94991,-0.812480,-0.851848,-1.67475,13.6182,47.6022,42.4092,2.58291,8.08613,3.35438,-11.7358,-6.92284,7.33710,-4.20562,13.9012,8.99550,15.7426,-0.123012,0.0792202,1.50363,-5.86890,-13.4050,-3.51748,17.3704,5.37382,-1.34002,3.91142,4.36169,-12.8574,-0.839644,-0.396766,-15.0919,-23.7048,7.81921,-7.21908,-4.48598
63,38515,0.924951, 0.936303, 1.16886, 0.0255075, -4.42627,11.2722,9.18253,-0.982448,-4.13298,-13.6635,-1.50880,24.6161,-4.64233,6.17811,1.82203,13.7319,-4.63903,14.6122,-4.76979,8.69488,10.6408,15.3465,2.95457,-7.05626,-7.72206,-0.562330,6.95384,8.75571,-4.16179,-3.96574,10.2977,7.46538,-2.13367,-3.90265,-3.59508,12.4746,42.5223,46.5803,0.770281,6.29034,3.81548,-14.5232,-9.83681,5.11056,-7.05880,10.8991,8.23706,12.1203,-1.26340,-4.57278,2.98553,-9.26507,-12.9316,10.2919,25.2840,5.68390,-2.11344,0.0772751,0.759458,-12.3615,-2.33835,2.78417,-13.7040,-20.7679,11.2085,-5.26614,-1.05901
64,56299,0.821448, 0.850617, 1.58529, 0.311818, -9.56571,-12.9043,10.7010,-7.15721,-6.08816,-32.4948,-0.583849,4.18337,-3.21119,-4.19098,-2.89979,7.62264,-0.734223,8.13039,-7.07532,-8.11373,0.270970,-11.4769,-1.99478,-28.8290,-11.2033,-24.9682,-6.65152,-18.6931,-10.9993,-10.0417,10.0988,-11.8382,-7.47692,-0.326903,-6.01425,12.2474,30.5690,26.2567,1.47865,-1.47317,-2.87173,-25.4517,-1.69185,-7.32960,-7.01222,0.791449,0.428333,6.58972,-1.38934,2.59405,2.44769,3.09994,-9.57860,-2.14655,13.6509,18.4250,2.11524,-9.09997,3.18807,-18.8098,-2.67292,13.2815,-13.2178,-7.39561,13.8094,10.2406,6.87195
65,69624,0.727980, 0.770613, 1.32642, 0.330687, -3.79229,-4.41691,14.3853,-0.756038,-2.47437,-9.77500,5.85958,9.11108,-2.47476,0.717762,0.134850,-1.19361,-2.92570,6.57015,-1.73586,0.827214,11.7515,17.6748,12.5708,-5.81100,-1.01160,-3.93537,13.4501,3.28595,2.50754,-0.779654,20.1430,4.74383,-0.864275,-5.48187,-0.0507211,18.5333,42.4086,36.1907,3.16355,1.91604,3.78661,-6.43029,-2.96429,-11.4879,-9.80293,9.59770,6.64423,23.6338,1.25688,3.73863,12.4399,3.75936,-12.9240,-6.17863,18.6907,14.2451,4.42035,1.68020,0.753490,-21.4234,-5.56905,4.80742,-15.3962,-22.3723,2.05102,-7.90599,-0.435534
66,71496,0.898191, 0.914987, 1.61923, 0.309335, -7.33558,-6.93706,17.8276,-1.65669,-4.73257,-26.6729,1.49284,0.163671,-8.13867,-4.05357,-3.79336,8.11454,-8.07374,4.52063,-7.66333,2.69618,8.68733,15.6866,14.4321,-14.4792,-6.71495,-10.0102,3.14079,-3.14450,-7.33803,-0.859072,20.0225,0.726607,-1.64987,0.602778,-5.11999,17.3333,35.2441,41.7040,2.88885,1.69595,-0.0894959,-23.6313,-7.27119,-8.25623,-5.59685,5.95009,4.23862,15.6727,3.08193,5.42278,9.50816,-0.767292,-12.4798,-7.60902,13.3783,20.0047,4.82441,-2.76039,-0.750547,-25.2638,-1.68912,11.7892,-18.3863,-14.1827,5.50507,1.52671,3.48361
67,40176,0.799912, 0.831053, 1.54481, 0.306741, 2.52436,3.92611,17.8686,10.3850,-1.70927,-23.7685,6.93589,5.57003,-4.79299,-4.92865,-0.592414,7.77642,1.95663,8.66971,0.110556,6.22287,2.68748,7.54481,4.13827,-21.4742,-8.03743,-13.5371,-3.55161,-8.21266,-5.03461,-0.104823,15.8469,-4.87040,-6.76611,2.65076,-3.54027,25.4980,31.2527,23.6059,5.73485,3.17972,-0.141371,-22.2708,3.32170,-2.42869,-7.57508,9.90222,2.67211,7.57359,-2.13067,3.19722,2.94151,-5.89980,-13.3123,-1.11171,16.0436,15.5979,1.40003,-6.80050,6.02986,-17.5752,-1.41761,10.8927,-13.3861,-13.3477,13.0132,13.1208,3.88005
68,18763,0.861893, 0.886048, 1.47554, 0.178441, -6.27249,-10.9564,13.5111,-12.5898,-2.83575,-35.8656,-5.22711,-6.34297,-2.00958,-3.34097,-3.74881,-2.47536,-6.54484,5.03158,-0.197109,10.2986,12.8121,9.27926,6.22436,-12.6026,-5.29637,-18.5686,1.99076,-10.8451,-14.0393,2.33124,15.1518,-2.80714,2.14445,3.90430,6.96261,10.1053,25.1198,18.8151,2.58040,-6.71664,0.796509,-29.7185,-7.21067,-3.25537,-7.72956,0.768041,-3.37396,9.57380,5.75122,0.379517,0.514081,-2.27945,-11.1317,-8.50970,11.7492,13.1386,6.11007,-2.27761,0.824410,-30.3486,-3.06291,24.0038,-9.12083,-1.19292,17.2272,21.1494,12.6954
69,36331,0.790826, 0.826247, 1.57261, 0.224600, -0.248444,-14.6141,16.2364,-7.67195,-0.734859,-45.6813,-1.93327,-9.19165,-6.92795,-9.86152,-5.32637,-4.48167,-6.40741,-2.04332,7.43522,3.72399,13.1912,4.93108,6.94084,-17.2806,-6.34798,-24.4451,3.51327,-15.5679,-8.68155,2.50345,20.0837,-11.2333,1.03903,-0.389235,0.433944,15.4373,35.5086,18.1473,4.28640,-3.75491,0.642526,-33.2847,-0.938581,-0.787796,-3.98370,0.262184,-6.84151,6.44433,1.89184,0.759889,0.889952,1.15721,-9.89252,-4.27141,11.4559,11.7944,6.90169,-4.17473,1.67531,-25.7172,-4.95214,19.0176,-8.33176,-4.48449,14.9863,16.2481,12.2680
70,41817,0.783294, 0.818844, 1.34851, 0.273298, -3.45234,9.46663,6.90190,5.97435,-13.4603,1.23144,5.11116,8.03118,-6.96545,7.74808,-2.46174,8.62868,-15.0614,12.3381,-5.55823,18.1222,6.37268,20.9229,-1.47689,17.0800,-6.01468,11.4093,4.84341,7.42577,-3.63378,5.62810,6.84548,14.5374,-0.733966,13.7167,-8.69243,17.0061,25.8839,43.5893,-6.68126,7.83772,1.70617,17.4195,7.67447,2.88205,0.910713,-3.12559,13.1537,7.48451,-0.405272,0.520071,-2.48131,-2.68324,-11.5012,-7.08642,16.3120,22.2459,4.63433,9.03110,-8.57996,-20.7658,-5.01050,6.25492,-7.92183,-14.7574,-2.63022,-9.76630,-6.11093
71,91862,0.811219, 0.840359, 1.44813, 0.413433, -10.0577,-2.66726,4.38060,-2.44368,-11.9792,-8.50602,6.59014,11.7227,-9.85788,13.5006,1.70991,4.81517,-10.0885,-1.24631,-0.133626,10.5521,16.3159,33.2408,10.7334,-3.39764,-4.93143,-1.76400,16.3083,0.141823,2.70785,5.48161,10.0708,8.56155,-0.562599,3.00756,-5.72670,13.8231,29.5669,53.6893,6.48042,10.2030,3.70311,-5.25352,-11.4538,-8.56174,7.09124,21.4232,5.15106,11.3272,9.32022,1.75058,6.32744,-6.34209,-14.4085,-12.9090,11.0496,10.1264,0.967263,2.37598,-8.90188,-11.6126,-0.401271,14.5443,-13.4930,-22.1223,0.145931,-6.95710,-8.23547
72,71859,0.841171, 0.867144, 1.36387, 0.511478, -5.58007,3.07540,8.06620,2.87741,-6.32305,-6.41382,6.26188,1.48392,-8.17674,6.10359,0.945815,5.45102,-7.88385,2.24228,-2.14384,7.29349,12.6596,35.0200,7.35661,12.1117,-4.95000,1.90224,14.6383,2.61386,0.478058,-1.30349,0.843436,10.3176,-0.185620,2.81234,-5.05579,9.00087,37.3837,49.7413,2.71556,11.9897,12.5269,5.02560,-4.37305,1.20538,5.03213,14.3548,12.0677,11.4809,2.47226,-3.95604,-1.39260,-12.7266,-15.1537,-12.6485,14.0826,3.98643,6.26967,12.4732,-9.32970,-15.8807,-1.41375,18.7480,-12.3360,-17.0370,5.02672,-9.67904,-6.50844
73,29039,0.669044, 0.723275, 1.51390, 0.443792, -8.30982,-2.61591,10.0953,2.34537,-8.55653,-10.5077,11.9891,2.98945,-11.6644,7.65065,4.73406,-0.454366,-11.2306,2.04043,-0.605382,11.9368,17.3541,40.1119,10.0715,-2.19062,-11.5071,-1.52234,14.9123,-2.25876,1.53465,-1.12022,3.06827,13.2193,-3.77209,-1.80120,-10.2466,3.77442,26.1970,49.7462,0.467226,5.76105,6.99236,-4.32820,-12.5478,-12.6650,7.09880,14.9385,9.28862,18.9705,2.54185,-4.12410,-6.46994,-14.2206,-13.2112,-13.8839,10.8106,8.05441,2.22986,7.19875,-9.28140,-12.9900,5.86946,24.0554,-12.3603,-15.3339,9.30506,-4.43856,-6.12809
74,128851,0.767012, 0.802725, 1.18787, 0.394412, -6.46576,6.17290,11.3028,3.02702,-10.9865,-8.53388,9.20427,2.31205,-7.46193,4.75469,-1.03286,8.61113,-7.80061,2.81451,-2.66851,7.63980,12.7504,25.8797,2.76399,17.7437,-5.73273,0.0918425,13.0834,6.76520,-2.54004,-1.16574,0.743748,7.68829,-3.28306,4.95450,-6.24130,8.18166,32.8846,45.5737,0.482103,10.0511,9.05248,9.98724,0.460300,-1.81241,1.14235,7.21971,15.3582,11.4928,3.83567,5.53900,0.999954,-2.94180,-12.0950,-3.11611,10.5804,1.18241,0.546714,2.11597,-8.75915,-17.5146,-0.917581,16.1262,-10.8998,-18.2912,4.05402,-9.50797,-4.69195
75,7501,0.696310, 0.734421, 1.25945, 0.244024, -14.0410,1.00943,0.287809,5.71034,-12.5828,-20.1232,-5.79454,1.28058,-8.77339,-6.59658,-5.58403,6.89262,-6.29027,7.87187,-5.70059,-11.9971,0.217563,7.40256,-1.66883,-0.174577,-12.0770,-10.5471,0.796606,0.305110,-8.25054,-15.3536,-4.47851,-2.72190,-8.03500,-9.19535,-8.90554,1.12542,12.7395,20.1686,-1.45055,10.3597,3.18537,-0.538343,5.09010,-0.173952,-4.22228,-2.75618,10.2216,2.99189,-2.71752,7.83285,-2.24624,-8.07957,-9.76415,0.691594,11.5674,13.8715,8.33709,6.09001,-9.74610,-8.91524,3.11360,9.41600,-12.1586,-20.9689,7.74577,-19.3165,-13.7732
76,9142,0.882983, 0.898829, 1.16214, 0.161279, -10.4379,-14.0635,0.373597,1.96876,-15.0824,-14.4424,-5.75950,1.14039,-11.7050,-4.92584,-2.78426,-0.326491,-5.36901,-0.104347,-7.28066,4.98517,-0.373723,2.56161,5.34873,-9.74003,-10.4054,-5.06562,-0.497147,3.02728,-6.78981,-14.9797,-9.46075,6.20130,-4.67161,1.88232,-9.71084,-1.11434,3.90010,9.44723,-4.83443,6.05350,-0.117807,-7.74571,-6.54843,4.39543,-2.59236,-0.432636,10.0015,5.20327,0.826921,1.35499,4.97089,3.55091,-9.78561,0.0763569,13.4552,9.80575,6.87768,4.19808,-7.43641,-12.4192,-0.0691108,7.84933,-13.6578,-23.5736,-0.413137,-25.9754,-7.21134
77,165045,0.744740, 0.785851, 1.25122, 0.189628, -9.01929,2.42613,8.93216,0.117597,-18.1615,-16.7734,2.06599,-1.48213,-8.94250,1.48543,-3.51456,7.73102,-12.1599,9.74859,-3.98334,4.19839,4.11933,13.3486,0.815148,4.40556,-8.70198,-5.29217,5.59396,0.581488,-6.19963,-5.13733,-3.47603,1.77514,-3.76464,2.43320,-9.33998,10.3438,30.0693,31.8825,-4.33566,8.52398,3.92999,8.59945,3.09143,-5.02536,-5.88636,-4.21956,14.1521,8.51468,-0.836339,5.48225,2.55682,1.73941,-8.83626,-6.43667,14.8127,14.5305,3.99031,8.52903,-8.18564,-14.7372,0.304402,7.32581,-11.5128,-15.7026,0.170968,-12.6830,-4.16001
78,51159,0.678458, 0.730721, 1.35299, 0.220638, -1.40223,-2.11564,23.2431,11.8233,4.25787,-12.5986,0.534160,9.98045,0.616558,23.3947,0.105402,16.5704,2.03354,18.6975,5.86872,7.42107,7.97487,1.20666,-0.184332,-0.975542,0.847633,-9.54942,3.04856,12.1941,-1.83537,14.8351,22.3285,-4.12272,-0.882968,0.476019,1.65592,13.8580,42.0161,18.7007,5.26153,6.77758,2.46825,-11.1569,6.64298,-6.11030,-5.23687,2.56763,3.67155,6.07313,-5.11984,-9.71179,3.22960,12.4811,-8.84303,-4.87829,12.7880,15.8842,-1.46018,-11.3713,1.95039,-15.1610,-4.63842,19.0068,-5.75350,-8.78028,15.8177,29.9199,14.6253
79,26684,-0.145499, 0.0451326, 0.581032, -0.0625761, 6.89435,9.96714,17.1662,15.3290,9.09460,6.62202,11.2297,12.5921,7.99332,13.9119,3.85935,10.0532,7.04716,7.02334,7.39880,9.67012,5.54073,15.3572,4.73671,6.22750,4.00007,2.21090,4.66054,6.61261,3.28516,7.83644,9.13231,1.59669,1.79310,5.34891,6.14714,15.2775,19.3891,17.7874,11.1009,6.02048,7.44587,2.94257,5.19871,-17.0796,-15.4334,2.73470,5.13815,20.6085,1.92667,3.12608,13.8109,8.72074,-6.45698,-0.549491,6.38558,9.96323,-1.81518,-9.32159,0.975342,-17.7619,-2.68110,10.1400,-7.42112,-10.5808,17.6541,25.6777,4.86095
80,23386,0.187075, 0.322628, 1.42051, 0.0519702, 4.25201,19.4782,50.9439,41.5630,27.6330,10.7627,33.6652,18.5829,9.72225,21.4007,6.91073,39.5069,18.0288,21.9328,14.7327,21.3306,15.7222,24.2853,11.5175,4.17766,-7.29060,3.34093,-3.75272,15.9182,5.06479,14.1401,69.5685,-1.87024,-7.34120,0.424418,5.68507,34.3184,25.9567,46.9191,26.4689,15.4445,9.97413,1.22917,1.44833,-8.28800,-11.1185,4.94283,0.308857,15.9402,3.06029,-1.32293,0.799535,-8.37583,-10.8229,-3.62377,-2.76565,10.2038,7.30250,-8.24234,6.59137,-12.5416,0.649307,17.6282,-2.63275,-6.32048,23.5113,15.7995,2.50214
81,112911,0.704873, 0.752213, 1.41730, 0.214568, -3.81672,-3.99420,21.1983,12.6496,0.227349,-7.41766,0.501386,9.79272,-1.40188,20.1419,-2.49504,11.2315,-0.968632,17.0460,9.63457,12.9837,8.47601,6.71825,0.602742,0.838619,-2.51215,-4.70805,4.36692,11.0690,-5.40089,6.57652,12.1891,-0.542009,-0.993801,5.70676,0.828513,16.8756,41.9049,28.0067,3.69315,1.02688,1.61472,-5.92900,0.421533,-12.7410,-7.38929,-0.300224,5.72846,8.89944,-4.55029,-7.57963,0.523572,9.60677,-10.4049,-7.82034,14.4034,25.7770,1.92474,-8.35911,2.79522,-10.4222,0.276215,16.4026,-9.13158,-13.4633,11.7250,20.6769,8.47054
82,74798,0.840869, 0.869096, 1.40767, 0.312970, -6.54846,-9.96112,11.7050,-4.26721,-1.47761,-21.3174,-5.14923,-0.226573,-6.53125,9.63656,-8.00768,13.8288,-2.53057,11.0859,5.57201,1.18895,8.00862,-2.22786,0.712891,-9.04179,-2.31425,-17.7000,-0.757735,-5.57751,-6.62297,7.16989,16.4561,-15.2908,-4.26824,-1.02455,-5.26450,11.9613,27.2653,2.17055,-1.73788,-1.96574,-1.21998,-29.8369,2.67674,-10.4670,-1.78516,1.39939,0.588503,4.88130,-7.57189,-10.5507,0.00872232,8.23470,-10.3581,-8.49624,17.0402,19.1507,1.18546,-8.56705,5.26466,-16.8659,-1.27314,21.3222,-8.99940,-0.0416390,11.1377,22.1081,13.2151
83,58893,0.580728, 0.654406, 1.31899, 0.133733, -0.466848,-6.29918,10.5838,-2.37274,3.91020,-22.9643,6.57265,3.10906,0.589990,-1.25883,-1.95171,7.15175,2.55157,5.64703,3.53385,2.64578,6.67996,-4.90643,-0.750778,-11.5490,-0.347784,-16.6532,0.959649,-10.2689,-4.77006,-6.10312,11.6104,-14.5483,-2.45989,-3.62312,0.617116,14.1129,24.7085,2.95234,8.42229,-2.48503,-0.400168,-21.3909,-1.77678,-4.09469,-3.47908,-5.88409,-4.92897,-1.63471,-5.22107,-2.36838,-2.32701,2.96990,-5.11109,-7.98185,9.94453,14.5797,1.80736,-6.32667,4.35110,-16.5476,1.98179,20.0816,-6.79469,7.20688,16.0783,17.4172,5.80206
84,72875,0.307373, 0.427068, 1.26382, 0.208543, 2.47062,1.32350,17.6801,3.07816,5.63631,-7.83694,4.14216,15.8541,4.24946,15.9283,2.34143,22.1871,10.9330,23.3136,11.9377,8.99210,7.14633,2.43312,0.660629,-6.56165,-0.939306,-6.52926,1.55555,3.34144,0.341708,5.73273,18.3274,-5.82519,-0.841837,-3.41255,1.93583,9.93229,35.3918,10.6185,9.46467,3.69107,7.01774,-6.87196,5.67170,-11.5503,-12.2315,-2.53004,-3.99083,4.28138,-5.17284,-5.70091,2.54941,1.77943,-8.37327,-9.18495,11.9823,23.4585,5.15094,-5.68773,6.41574,-12.5834,1.95746,22.9889,-4.56562,-5.27120,14.8490,15.8234,9.17051
85,92798,0.504168, 0.592226, 1.50042, 0.167428, 5.03267,2.41195,22.8889,19.6018,8.36932,-9.77581,17.7572,7.58322,2.65146,10.2030,2.11901,18.7956,9.43878,16.9793,9.82641,11.0147,11.4714,4.89699,3.37813,-11.6760,0.334734,-11.9638,2.29037,-4.67656,-3.81641,-1.07667,14.7627,-11.4986,-1.74477,-2.02268,4.51785,25.2908,29.1949,23.3482,12.1598,0.654398,3.30472,-13.0474,0.151291,-6.72100,-9.10695,0.122866,-3.30741,-1.40052,-4.05200,-1.84181,-3.83083,-4.87630,-9.52167,-6.70850,6.57313,16.6759,4.87563,-4.97508,7.76534,-14.2472,4.71956,20.0090,-4.07997,3.96248,20.8992,23.4564,7.50871
86,25176,0.479827, 0.564068, 1.73532, 0.194021, -2.20966,22.4445,66.5407,24.5846,27.1894,19.1121,67.4772,15.3545,-2.54352,24.5826,0.653619,27.8568,5.23943,51.9000,52.4386,92.9042,48.7915,51.7263,15.0673,26.6856,-4.80181,7.46477,21.3953,58.3710,-7.85913,30.6503,70.8948,4.68394,-5.64583,13.1515,7.91741,22.6886,99.1447,74.3010,25.2515,10.4476,12.2189,-5.65475,0.473703,-14.1108,-15.1631,-9.35955,4.89038,13.4358,-5.39616,-7.19070,7.30608,9.31271,-10.9187,-2.52902,7.46679,18.4167,2.49535,-5.18457,5.08388,-11.4322,2.12040,20.1017,-6.64882,-11.4601,13.0098,24.8402,8.94237
87,112896,0.853500, 0.878713, 1.39862, 0.243836, -10.5414,-11.1644,7.86406,2.03794,-2.71833,-19.0131,-10.3177,8.87497,-9.02580,-0.518047,-11.5950,4.70454,-8.42350,6.52220,3.78599,1.12032,7.88332,10.5415,-4.11226,-2.29767,-2.83394,-10.4576,-1.37655,-4.70076,-10.8514,7.92413,7.90854,-6.07835,-5.64560,6.67300,-6.24710,15.2088,24.4334,5.12249,-4.99261,0.168273,-6.51547,-17.8743,-7.27446,-7.06293,3.05866,0.811740,6.10465,0.0484575,-9.84629,-10.1319,-3.34946,4.39001,-9.42353,-7.90226,17.2575,27.4781,0.284819,-5.76782,3.32938,-7.52406,-2.68586,13.9458,-7.40537,-8.28524,8.90166,27.7388,20.0399
88,47620,0.848913, 0.875748, 1.49921, 0.219693, -6.26249,-11.6725,9.47853,-14.1277,0.720990,-32.7838,-3.50289,-6.03621,-5.88172,0.172086,-9.80870,2.50002,2.32655,6.74763,5.66530,-2.48398,6.85987,-4.41726,-1.76941,-16.4347,-4.61312,-22.7591,-5.03219,-12.7326,-8.41905,-13.5814,18.3063,-20.9830,-4.83564,-10.6774,-3.77200,0.835081,35.8085,2.12150,2.40575,-5.67153,0.569420,-29.4233,2.45663,-9.36518,-5.96156,-3.43749,-5.39232,3.23955,-6.40223,-12.5241,-0.988191,1.35467,-9.90494,-12.9708,16.0193,21.2619,2.61233,-3.32381,5.45428,-10.0517,2.51927,23.0829,-6.58480,2.73411,17.6521,26.1397,15.9034
89,33975,0.884650, 0.902448, 1.60514, 0.386484, -5.12817,-7.84930,6.34645,-5.45021,-4.89080,-8.44065,0.195675,-2.45994,-4.69264,10.2331,-2.70880,2.12392,-4.92762,14.9601,11.2783,19.2734,9.85901,11.3668,2.64134,-1.06902,-3.80953,-7.36093,4.36386,1.73425,-7.51610,2.79694,14.0338,2.63309,-0.0981174,4.29774,-1.27726,14.7000,33.3183,24.7352,2.96928,-8.02451,-0.551606,-15.4165,-1.89569,-11.1737,-10.6796,-0.397101,7.24231,20.5406,2.14259,-8.96458,6.47297,8.27030,-9.25885,-5.61225,8.69122,20.5659,-0.974680,-9.70349,-5.10206,-14.6857,1.01480,16.6996,-7.32024,-15.5397,14.3615,18.1639,1.89196
90,48211,-0.227045, -0.0107443, 0.117647, -0.243190, 0.760879,1.12048,2.48166,1.90130,1.49236,0.508491,2.24709,2.88756,1.23182,2.87124,0.804506,4.02989,1.96311,4.37429,2.08377,2.68075,1.91154,1.66619,0.957927,0.696708,0.703192,0.272603,0.693078,0.955939,0.344338,0.466985,1.87195,0.149970,0.175589,0.249657,0.695898,3.08155,2.92754,3.16613,1.72399,1.97314,1.50146,0.485274,0.510908,-11.3881,-13.8105,0.444964,-0.867592,3.61309,-6.43895,-2.76189,-2.43382,-7.34731,-7.10027,-2.82838,5.53363,19.3486,7.86951,-1.97354,11.6376,-12.8808,5.45101,18.7121,-5.98177,-2.93879,16.7593,10.2793,2.53871
91,77370,0.920751, 0.933711, 1.45199, 0.179284, -12.8095,-20.4587,3.05213,-7.88606,-8.92244,-22.9352,-8.03205,0.910527,-12.9940,4.69362,-9.86799,8.77819,-11.3224,0.838925,-0.218791,-2.58560,5.55908,-3.49302,-7.39059,-7.70560,-6.29125,-12.1118,2.22067,-9.52622,-14.2271,-5.17558,5.61189,-14.2148,-2.04181,7.07124,-9.50794,8.97182,26.5015,11.8264,-4.76448,-8.09356,-8.66004,-25.3730,-7.34551,-9.68604,1.89062,1.95666,8.73449,-1.85604,-6.70291,-7.88721,-6.91887,0.353239,-12.4238,-6.56587,17.7696,34.9464,2.08073,-4.20238,-0.0996822,-10.8766,-2.25797,16.6290,-10.0350,-12.8112,15.6633,22.6218,9.79160
92,10274,-0.147457, 0.0377620, 0.632687, -0.180001, 0.549158,0.955274,6.69674,6.24639,2.19567,-2.30579,1.24604,9.04957,2.25330,3.17313,0.588657,7.61546,3.13961,6.41665,3.65160,1.78414,0.179146,2.55880,0.486959,-3.09818,-2.96880,-2.97135,0.713644,0.0204867,0.265009,3.23286,4.29010,-2.16792,-0.0843571,-0.293153,-0.826171,6.51800,9.12904,7.64482,5.24456,4.34959,2.21636,0.460050,2.40806,-15.8902,-14.7992,5.82172,1.42495,21.3442,4.95580,0.368514,6.06996,-0.589020,-7.02260,-5.86830,7.15772,12.7837,0.453260,-9.43824,-1.45447,-15.5929,-3.14675,16.8413,-3.92454,-9.78083,23.3036,12.0085,3.12600
93,22770,0.828159, 0.858669, 1.44654, 0.239298, -5.10925,-4.42098,11.3795,-9.55698,2.84781,-34.6552,-2.44165,-4.21609,-6.64322,0.698083,-8.59585,-0.650220,2.17266,3.23576,3.75024,-5.21882,6.02604,-9.32812,-3.48705,-30.5649,-6.52867,-26.5071,-2.80604,-21.8071,-7.09384,-14.2843,6.70231,-25.1823,-5.80380,-12.2773,-3.91976,7.77269,35.1920,5.26698,0.754004,-5.99049,-1.56099,-26.8681,-5.61047,-2.46619,-5.82459,-9.68966,-8.75846,-2.32798,-9.06389,-7.19156,-3.27398,-4.87306,-7.98466,-9.74537,12.1241,27.1799,5.33027,-1.10629,8.95245,-16.5551,6.78523,22.9235,-5.51311,3.85178,16.8973,24.1901,13.1774
94,16733,0.640223, 0.704123, 1.41844, 0.331356, -1.48757,1.91811,12.4978,-1.07823,5.93496,-12.6523,4.50607,0.414062,-3.72222,7.30900,-6.01636,3.92686,3.29897,11.9244,12.2101,9.31326,10.2879,3.48190,2.13527,-10.2515,-1.88333,-9.20151,2.89750,-0.906972,1.58457,4.71398,19.7634,-12.3856,-6.21659,-5.88158,-2.26215,6.27868,30.5362,10.4194,0.302746,0.120732,-0.428575,-14.9189,-2.01696,-1.18904,-10.1099,-7.22568,-5.21132,0.129361,-7.77419,-5.63401,-3.90229,-8.36860,-10.0218,-12.0915,9.54354,24.0390,7.84380,-7.15127,9.92678,-12.7088,6.71374,24.8062,-4.36917,5.39437,16.3675,23.0907,5.03713
95,83506,0.650681, 0.704756, 1.10572, 0.138121, -0.541024,12.3989,15.9653,0.877685,-3.25002,-1.29196,0.590826,8.15509,-4.90575,4.13211,0.781391,12.1279,-3.55252,9.36064,-4.80605,2.27610,2.43388,16.5235,2.84677,-1.69915,-4.17004,3.82716,13.5829,11.1241,-1.51156,2.51457,7.05865,11.3500,0.335153,3.17256,-1.75418,23.1023,54.4898,50.7809,0.951269,7.26347,7.98288,-3.35478,-1.65444,1.04072,-7.58547,10.7372,2.43688,11.4487,-3.80526,-1.91779,2.98964,-11.6669,-12.5078,2.48824,28.6430,16.9688,-0.356817,5.46516,-0.631429,-13.4211,-1.84885,-2.22241,-12.6138,-18.9206,15.7371,8.32147,0.824385
96,32629,0.791156, 0.823443, 1.26138, 0.266343, -4.25333,6.27051,15.3913,-0.615661,-3.27194,-5.24326,6.92563,4.74756,-4.32774,4.16126,0.482573,-5.68973,-4.88603,2.98816,-1.42354,-3.97342,0.724763,12.3071,2.71218,-9.86512,-5.13796,-6.17312,9.25226,6.35265,0.532648,-5.95348,3.38579,3.85023,-1.30090,-7.53489,-3.16863,22.9588,48.3370,32.0048,-0.709883,-0.146787,7.03440,-5.55839,-9.89796,-9.10934,-2.07259,18.9966,-2.15583,12.8391,4.74646,7.87362,6.13891,-7.38920,-13.1657,-6.06635,20.0165,-2.16963,2.67664,7.24064,-8.47661,-14.1357,2.24773,10.1066,-14.7577,-18.1864,25.6734,-5.82412,-12.6956
97,9977,0.858651, 0.878221, 1.14843, 0.0275603, -2.77096,11.8115,14.1798,11.6782,-3.73158,-9.92437,-5.11885,25.2114,-2.84007,12.4111,-0.766781,17.9432,-5.10052,10.5751,-6.50147,8.82210,9.80900,18.4018,4.93574,-1.19084,-7.52928,-3.67866,-0.505412,4.61058,-5.82456,-5.55250,2.75694,7.01697,0.0244125,6.56564,-6.62108,12.3562,27.2940,40.3379,-2.20680,6.58361,0.787207,-0.0351405,-7.17730,0.481834,-9.07510,5.27191,7.24429,8.86203,0.238994,0.421832,8.32798,-3.47530,-12.8164,7.54362,24.2760,17.6865,-2.84790,0.545308,-0.402364,-12.2840,-4.11300,0.474339,-13.1715,-25.5280,8.90779,0.218685,-0.233793
98,59947,0.642132, 0.697344, 1.15460, 0.219823, -1.39346,17.4961,17.7491,0.169322,-4.66355,-1.77146,-0.255633,11.0901,-3.55659,3.57779,-4.42005,10.2441,-8.20485,5.80686,-7.80330,5.30707,3.46686,11.7804,3.31634,-2.25958,-8.84130,-3.24064,3.30382,7.80224,-3.16738,-2.17373,1.78884,15.5992,1.48955,2.96051,-3.15959,27.8116,40.6308,44.6801,1.05192,1.80240,0.0116521,-1.58672,-5.80143,-7.76031,-8.41463,12.6740,0.510869,12.0979,-0.745170,-1.04068,9.18412,-6.68779,-14.3476,-0.100158,23.1543,2.44787,2.04044,11.3940,-3.14113,-13.9800,0.769999,9.41405,-13.5621,-18.4589,22.2796,14.4988,-0.252052
99,92807,0.623522, 0.683555, 1.10788, 0.215467, -2.21218,10.8505,6.23054,8.27712,-3.08021,1.99666,1.21974,9.24920,-5.91769,7.60874,-3.30487,4.64360,-6.27199,6.59704,-4.89812,1.69241,0.604819,12.2063,-1.51400,1.79669,-7.41332,-1.87551,2.08671,11.7455,-0.940362,0.975177,1.55530,10.1668,-2.19747,-2.16571,-3.34513,19.2351,34.2505,46.1616,1.38857,2.73773,4.07576,3.22341,-4.37878,-12.7143,-9.42505,9.94235,4.98075,7.75559,0.151753,1.41374,9.06232,-7.01604,-14.5155,-5.72029,21.7181,15.5184,3.87908,4.38237,-6.14352,-10.1554,2.11562,14.6880,-14.1721,-18.0944,12.1899,0.288586,-7.06644
100,29729,0.500922, 0.579294, 1.05002, 0.174192, 1.44669,16.0083,18.8317,0.119205,-0.856775,2.26442,3.69691,8.42706,-0.947880,6.23094,3.51313,11.4297,-1.11427,15.0746,-1.37783,4.70005,4.12853,21.2185,4.51862,2.57135,-0.570125,4.09564,15.7537,8.27348,2.93628,2.81168,11.9869,10.5255,2.80522,3.66190,0.191469,23.2868,63.4942,49.1811,5.75060,7.24459,8.24996,-0.669800,-3.15517,6.50818,-5.50698,6.20532,-0.741308,13.9442,-6.19715,-6.94346,-2.23194,-13.2051,-11.6927,-1.78833,31.7674,16.5163,-0.268716,6.74609,-1.84009,-12.9957,0.206112,3.29143,-9.75606,-18.2789,14.2268,4.71832,-3.85264
101,93346,0.526144, 0.600437, 1.08662, 0.156678, 0.0823218,0.901694,19.1743,-3.07917,-1.47953,-4.61532,3.48451,8.32229,-1.38515,5.41027,4.08548,2.61995,-1.95132,7.02116,-1.55766,0.150118,5.75009,21.4330,6.33491,-7.20899,-2.20110,-4.50274,14.0936,-1.02806,-1.02668,-5.06123,12.4139,3.08140,1.26565,-3.43084,-0.449859,24.6585,55.7116,40.8645,6.31907,1.96446,3.80532,-5.00030,-5.37031,-2.21442,-4.73310,6.08944,-0.744822,21.2849,-3.81371,-5.01528,-1.21880,-4.54112,-10.9868,-10.3738,27.5911,4.81040,0.0685973,13.1891,-1.44281,-11.3898,-1.90051,4.24893,-9.89051,-16.0884,20.8097,-3.00453,-11.8395
102,38597,0.773279, 0.807423, 1.20720, 0.116013, 0.844256,12.6092,17.2811,5.92126,-3.19561,-5.68199,-2.99938,14.7951,-6.03224,3.49249,-0.485734,12.9185,-5.32123,11.3583,-6.63505,7.45727,4.42690,18.4914,1.95989,-3.19767,-4.97319,-1.55362,1.78106,10.7897,-3.25995,1.82663,5.74102,8.63233,1.15090,10.4940,-4.78271,20.1208,42.6299,51.1374,-1.22688,6.29637,4.26709,-1.68101,-1.28051,-1.11604,-8.95051,9.01828,3.00360,8.90860,-1.61131,0.711763,5.41546,-9.38947,-15.1140,-4.36870,25.4081,21.9977,1.48262,2.04881,-0.116937,-11.6963,-1.39172,4.83369,-12.1780,-20.9484,15.4583,12.2220,1.54087
103,84572,0.613718, 0.675686, 1.15255, 0.118620, 1.75960,10.9510,19.9515,3.85848,-5.09119,2.40686,-2.15888,11.3940,-6.56408,7.47326,-2.19191,14.4653,-7.47165,16.3932,-7.70269,8.34907,0.107823,18.3460,-0.00829650,2.50697,-7.82381,2.17491,4.93121,9.15215,-2.18405,4.41853,1.72516,10.3183,-0.647108,5.67829,-5.21610,29.0938,43.6440,52.3214,0.525800,6.90485,0.695480,-2.60813,-4.99838,-4.52060,-5.59173,11.5320,0.281747,2.82176,-5.74182,-6.61516,2.86247,-15.8145,-13.6718,3.49927,27.7398,13.2633,1.88600,13.4733,-0.282538,-10.3837,-1.15416,8.98536,-11.9166,-16.2409,22.2368,16.6296,1.23153
104,60786,0.777800, 0.812980, 1.35705, 0.250299, -7.82135,2.08936,9.43390,-6.24952,-6.45187,-17.6573,7.43437,-5.23834,-9.29296,2.74549,3.27611,-12.7267,-8.63517,7.16559,-2.80084,-9.33106,0.109688,9.04714,2.30979,-14.7036,-7.52748,-15.3180,9.05841,-0.913473,-0.578643,-14.9982,1.71479,-6.36425,-4.46810,-16.3136,-6.24362,22.3615,45.0008,35.2308,-2.16830,-11.2297,8.67233,-10.1460,-11.9617,-11.2155,-3.05984,24.0153,1.96455,15.7058,2.18160,3.82928,5.20252,-11.9944,-12.1681,-4.87110,23.4491,11.0582,-2.72794,1.24281,-7.62960,-13.5431,6.10078,6.13013,-13.9790,-20.3577,12.0483,-8.40464,-10.1153
105,26238,0.677659, 0.729358, 1.17907, 0.104217, 2.51490,15.7103,18.9725,0.642095,-4.48794,2.75816,-0.880992,11.5619,-4.56225,8.44544,-1.31254,11.2283,-6.66484,11.0957,-7.34792,6.71463,2.85722,13.7227,1.41892,4.08340,-6.65819,1.06254,4.30704,10.6861,-3.00386,4.93548,1.13219,10.4046,-0.273399,2.47850,-4.34083,29.2056,42.3043,49.8183,2.13025,5.93085,0.928129,-0.503042,-2.33533,-6.64970,-8.65388,13.2032,-3.35876,8.46212,-3.69301,-9.22112,2.14238,-14.0405,-14.2361,-2.97276,26.4573,9.19339,4.52309,13.5892,-0.0785102,-6.90230,3.30360,11.3595,-12.8035,-16.0210,25.7803,21.4680,1.89163
106,7965,0.746832, 0.786953, 1.24897, 0.121875, -1.15179,4.09079,21.2577,-9.40506,-5.29943,-2.71612,1.24525,7.16089,-1.89496,8.50822,-3.19028,3.01559,-7.08273,9.47532,-7.52614,0.325664,-2.38296,6.64109,-1.45400,-8.68115,-8.28102,-8.63003,3.37789,0.00383834,-5.68107,-7.98798,1.86310,8.39504,2.91055,-4.31810,-4.69002,27.7944,47.7648,53.3382,3.81509,-2.33366,1.40741,-8.36135,-9.34055,-7.41759,-6.31154,13.4569,-4.59100,16.9258,-4.04204,-0.684681,6.18342,-13.2155,-13.8548,-4.60378,27.7787,4.85430,-1.52586,9.69424,-2.72188,-11.4442,3.13546,9.22151,-11.0234,-16.7870,27.9686,9.37143,-8.38992
107,113728,0.811978, 0.841203, 1.39355, 0.400266, -5.79203,4.17623,8.50029,9.48747,-3.67393,-5.69613,4.24507,8.52546,-8.92727,8.71282,-0.337521,0.312065,-9.40493,11.1524,-5.29533,-3.70814,3.82524,17.9582,2.19789,-3.78437,-9.46185,-7.56864,8.27899,4.31143,-1.61294,-2.65665,4.03462,4.73616,-3.21692,-8.36157,-6.28022,20.9333,38.6400,48.3133,0.0530811,-0.992872,6.22315,-4.26597,-6.14376,-7.13361,-4.69824,17.7817,6.20191,19.2909,3.43960,-1.70164,7.21885,-4.17712,-14.7294,-6.48571,19.4113,7.57560,0.794054,0.132887,-8.31014,-17.2039,4.51222,12.4508,-16.3978,-20.5299,8.82686,-14.0328,-12.8837
108,54990,0.572034, 0.635763, 1.07088, 0.213738, 2.12613,-0.0191420,18.6177,-5.19398,1.46143,-6.88840,8.05716,0.948709,0.568972,1.53609,8.78501,-3.81243,1.10621,0.341437,1.10754,-2.84790,5.00486,14.5871,7.90796,-5.16226,1.87684,-6.13605,14.9656,-1.07965,3.92798,-6.51498,14.7615,-1.58291,2.95350,-5.33815,1.72427,17.3630,66.9770,42.2781,7.85680,-0.00771037,6.41993,-5.46592,-2.19509,-6.74543,-3.75149,15.4911,-2.12698,20.4790,0.368025,-2.36304,-1.51728,-6.33593,-9.44788,-7.59583,24.4465,2.12623,-4.71076,13.8444,-2.07581,-12.8459,1.59826,2.23400,-10.9451,-18.2888,28.0699,6.55652,-11.4840
