;Seasonal cumulation of Z-scored aggregated data for eMODIS of Ethiopian kebeles (Borana)
adminID, pixels,2001L,2001S,2002L,2002S,2003L,2003S,2004L,2004S,2005L,2005S,2006L,2006S,2007L,2007S,2008L,2008S,2009L,2009S,2010L,2010S,2011L,2011S,2012L,2012S,2013L,2013S
1,3448,-2.93347,-10.9008,4.90627,9.12920,14.7775,0.977435,-2.70891,7.66745,6.63274,-2.58827,-0.186364,9.73115,-4.72898,-7.96333,-11.1999,0.971666,-5.22062,-4.97040,11.2106,-11.8736,-10.5488,17.2469,9.82758,2.79041,0.516727,1.65422
2,6982,-4.86453,-9.95302,-3.69678,11.2046,21.2997,6.12790,-1.46807,6.86866,7.85920,-7.26273,0.611897,13.3811,1.88776,-7.77598,-15.1507,1.30553,-8.09318,-3.82590,15.3544,-8.63983,-13.7397,8.10669,3.32506,-2.04477,-0.217670,11.8816
3,1152,-4.07539,-16.7868,6.95232,10.9827,11.9878,6.15632,-1.30335,4.83383,2.43001,-0.335112,-3.00956,0.945226,-5.38104,-4.20040,-9.93262,3.02384,-7.07627,0.173944,17.3325,-11.3741,-7.92442,6.71971,6.47396,-0.129451,0.968739,2.25833
4,3828,1.87076,-12.8294,1.19550,9.53069,19.4806,3.29044,0.0971461,16.5193,9.06065,-1.16427,-0.595951,5.06941,3.45423,-6.43759,-19.6831,1.69182,-4.32527,-5.39111,7.57345,-11.5834,-18.1280,11.1381,12.2382,4.99761,5.45505,5.05040
5,2906,-1.85773,-12.1868,3.15861,9.12260,7.71745,-6.27403,1.75394,9.04234,6.66144,-0.157042,-5.93383,4.35253,-5.18815,-10.3748,-7.05289,4.51936,-4.29577,1.31520,15.7402,-13.7081,-10.7033,18.3725,10.8739,2.26088,2.36996,5.75517
6,3252,-5.46070,-15.6708,-1.46490,8.40111,7.90068,4.84141,2.24814,3.85274,6.97363,1.79497,-0.597796,0.318632,-6.05900,-4.91191,-8.12893,1.66769,-5.92187,3.26430,15.3477,-13.3199,-4.83698,12.6373,9.00220,2.74261,0.452204,5.00151
7,1939,0.988551,-16.0187,4.69942,7.95924,7.88923,4.15609,-3.34594,5.68142,6.28437,-5.31898,-1.30022,9.73828,7.82485,-2.42069,-11.7323,5.80497,-1.05126,2.43391,10.1246,-10.8183,-20.3813,5.45601,9.57419,2.15895,2.72275,5.09832
8,1381,-2.17248,-16.6937,7.65026,13.1790,15.2996,4.09213,4.07406,10.6386,4.18645,-5.89968,-1.13004,6.92795,5.29749,-6.59655,-22.4824,4.03056,-1.27497,-0.757169,10.4569,-7.23588,-19.9049,9.13870,16.3514,7.03066,8.53320,7.09830
9,5738,-9.64616,-17.4673,6.33214,9.17691,9.39632,8.36015,4.92093,7.78109,5.47263,-4.63065,-1.08708,6.91407,-1.49019,-6.26603,-10.4137,5.63170,-2.97005,-0.352610,8.97443,-12.0321,-9.48926,7.48918,3.14322,1.29314,-2.28758,3.54504
10,3494,-4.96349,-14.4059,4.26222,10.6770,15.2474,4.88376,-0.0449717,7.42622,7.73831,-1.79023,-0.794746,4.46896,-0.467823,-2.98333,-13.3944,3.50279,-5.86624,-3.35837,13.7134,-10.5720,-15.4296,8.86774,12.2468,2.88932,-0.307345,3.83192
11,4404,0.437904,-5.31616,5.20907,12.8260,23.0482,7.97070,5.42813,9.60548,5.66183,-8.53054,4.30909,9.03882,-0.272034,-4.99357,-13.6440,2.30181,-9.71603,-13.5970,2.22835,-6.94259,-22.6905,11.8119,3.55115,4.43139,24.9048,10.0938
12,1147,-6.41423,-18.7496,5.86001,10.6550,10.9623,6.66856,4.07832,4.25289,4.65075,-2.92333,2.65757,6.91767,5.49747,-2.74522,-15.7757,5.29479,-4.61980,-1.68408,12.1334,-10.2992,-19.0302,6.74653,6.79161,3.95246,-1.59311,9.24334
13,1026,-6.18217,-13.6222,5.76967,11.2398,13.5807,4.58402,6.78567,13.6127,3.89225,-6.08423,-2.81347,8.48170,-0.558982,-7.13585,-13.8915,2.67384,-0.717936,-1.41038,3.15432,-15.3100,-9.01856,2.27125,3.16967,2.90290,1.17595,4.34902
14,996,-9.14264,-8.26446,4.53494,8.22458,21.1750,3.78491,-6.33436,14.0268,3.07183,-7.30041,-4.20690,11.8462,9.22342,-8.82518,-8.60784,3.89957,-3.31777,-1.55837,13.1948,-10.9288,-19.5904,2.05355,8.54824,-6.32132,-4.33227,9.01957
15,3754,-9.10807,-11.6320,-0.495282,9.07715,18.6787,4.90733,0.694819,11.9832,3.31751,-4.36120,-1.78765,9.84779,1.05906,-5.00380,-10.2162,3.43968,-1.22221,-3.59253,11.0435,-11.7818,-11.9642,1.18408,5.21561,0.506488,-1.91818,7.50975
16,186,-0.562910,-16.2715,10.1041,13.7807,13.1690,4.13731,1.60915,9.31261,12.8016,-8.77246,-6.84361,9.24966,7.40341,-2.51102,-21.2480,1.27732,-4.16433,-1.53766,10.3741,-9.55607,-22.6426,5.46649,4.68270,3.78188,2.55657,4.01269
17,48,2.35735,-14.6505,10.8570,15.8480,20.7366,3.35616,3.92505,10.1312,10.9316,-9.65499,-9.46389,9.74025,7.12853,-2.17512,-21.3196,-3.86195,-8.85243,2.55782,9.74957,-9.93987,-26.0498,1.56163,0.0478722,0.784856,-3.09915,4.52677
18,3553,0.0659193,-5.37173,1.11524,10.3219,18.9511,3.78500,-2.76105,8.23345,5.40400,-11.3655,-7.44526,11.0018,6.79278,-7.86430,-12.1621,0.466223,-7.58751,-2.15402,14.0250,-5.01043,-16.3982,8.10199,6.15787,1.17620,4.42284,8.79745
19,1915,-6.93356,-13.2658,-4.43982,9.71470,19.8450,-1.58130,-2.51212,10.2023,1.90768,-1.83586,3.45979,10.5419,-1.96705,-11.3258,-14.5016,5.96577,-2.97984,-3.27108,15.9112,-7.78512,-7.78964,18.8723,11.9131,9.90629,7.91785,6.19557
20,4537,-2.86949,-11.8269,1.09842,14.7101,25.5936,8.20027,2.96409,10.6661,4.50722,-10.1118,1.04206,9.13576,0.125154,-9.92872,-16.4814,-0.542254,-5.71615,-3.72805,8.76855,-4.49415,-19.0321,9.82835,3.79604,3.95058,9.54683,10.5535
21,1005,-1.56138,-15.5208,2.57300,12.8264,18.5856,3.13529,3.45113,13.2236,5.03447,-1.79105,-0.664976,3.70694,4.50657,-4.93892,-20.1551,2.38735,-3.69595,-2.67739,9.61184,-8.96434,-17.6852,10.2177,13.5245,4.51226,1.80466,3.76807
22,7473,-3.04939,-2.51419,-0.675306,9.13667,25.7564,8.56894,3.17135,3.85255,3.03668,-9.28008,2.64420,9.88522,0.534694,-11.0062,-17.7207,1.91335,-9.06355,-6.17847,12.4480,-2.64589,-17.0825,11.6860,6.43427,3.83568,11.7761,10.3998
23,14566,-5.45887,-13.8332,5.31445,11.6490,18.5220,2.84080,9.52964,12.0438,3.99032,-5.65003,0.861709,7.26173,-0.947277,-9.70149,-22.4217,6.86705,-1.82540,-6.68023,10.8678,-5.21576,-18.4327,16.7356,15.3237,7.33667,15.5721,8.47273
24,2820,-2.42173,-14.8073,-5.56439,7.08460,22.8484,4.22704,8.72664,18.0990,4.36531,-6.83749,8.08487,9.46165,-4.93669,-5.41230,-15.9118,2.01670,-4.10865,-3.56050,13.7595,-9.01129,-24.8416,15.1119,8.01010,9.71637,25.3506,5.24473
25,8972,1.64603,-0.708445,-4.21703,6.56555,26.0742,8.40649,6.90726,4.97606,-4.21201,-9.18425,-3.50699,13.2611,6.53270,-4.36241,-10.3268,-2.82538,-5.66552,-10.7421,6.26398,-2.36997,-19.4959,10.9073,1.69252,7.85008,31.1712,3.97255
26,11563,4.47523,-7.66782,-1.86039,11.1579,26.6578,4.66136,9.39140,15.1705,-0.737533,-7.34901,2.03354,9.24649,-6.39994,-9.36565,-16.7801,-1.15893,-4.85099,-9.86596,5.84791,-6.90386,-17.7769,16.0258,9.64603,12.1916,29.1236,6.17556
27,2358,-0.107545,-6.51743,-8.71984,7.45623,28.6305,10.9339,7.91373,7.13163,4.67015,-6.95438,2.37776,9.92253,-4.71525,-8.17614,-17.5290,1.95258,-4.20088,-13.3744,4.95772,0.620893,-13.2774,11.2563,-1.46910,5.95058,22.5538,11.4103
28,4246,3.70261,-11.0012,-8.70746,8.78382,21.8889,6.10328,12.2956,18.0374,-2.19227,-6.01991,9.00882,7.32223,-6.90330,-8.36924,-10.8037,-1.38029,-2.73322,-6.72119,10.8086,-8.03574,-26.3645,18.2726,12.6708,9.58951,34.5495,6.60863
29,7680,-4.83173,-10.6190,-4.62492,5.12070,27.1480,5.15135,5.05661,12.6195,0.486794,-8.04434,8.24630,15.7795,-3.29845,-10.3346,-12.0755,-1.30362,1.55922,1.73397,8.83728,-9.43620,-26.5036,10.7751,3.69468,11.1092,36.6510,3.69141
30,2497,1.72365,-14.9914,-2.35764,11.7546,22.4110,1.92075,7.94827,14.6792,8.61115,-7.55430,5.65527,4.66557,-6.80275,-7.22939,-18.0080,5.42885,-7.94627,-4.64032,9.56959,-5.42932,-20.8043,18.8075,13.8624,7.09065,21.8306,5.08428
31,5070,-2.62425,-2.43118,-10.4873,2.80576,32.4409,6.96684,6.19688,13.9773,3.59381,-10.9817,-5.12822,15.5144,2.02270,-8.22361,-8.01592,2.02869,-1.84670,-8.37101,5.81184,-8.17750,-21.9637,9.07540,2.13626,10.4894,26.7341,3.82392
32,5492,1.10055,-4.01642,-8.03162,9.10108,24.9027,3.54022,4.15201,5.03819,9.32852,-9.99965,-0.109836,12.8915,-3.54733,-5.02276,-11.7786,-2.10925,-4.21992,-1.46464,8.82293,-4.50834,-20.6194,15.9911,6.28552,10.5320,21.9100,18.8149
33,9413,-3.27105,-6.59574,-2.96956,6.99545,19.7922,-0.893091,3.02969,4.17627,0.316357,-12.6508,-4.13789,20.4284,7.25313,-2.19752,-12.2826,-3.45693,-4.00226,-0.929015,18.2303,-3.65072,-21.9584,14.2070,0.875726,6.25488,24.9200,11.0187
34,6405,6.68342,-5.89953,-5.46475,7.00502,26.7981,12.0154,4.49394,10.4367,6.36758,-7.18402,-4.96701,12.8843,0.415793,-5.86039,-15.5089,-0.737972,-5.11038,-9.68857,4.59319,-8.55972,-18.3011,9.34099,-4.99847,9.61908,27.0993,3.77770
35,4127,-0.190447,-4.73229,-0.330154,9.90215,29.4618,9.00569,3.62316,4.56355,3.68902,-7.60205,2.46388,12.4731,-1.25796,-5.06184,-16.1850,0.210016,-7.65335,-13.0962,5.26930,-3.82004,-18.8902,11.8090,-1.21975,5.41522,19.2326,9.05232
36,11191,19.5592,-2.41863,1.79472,4.04417,25.5331,7.76219,-8.39755,4.52512,-2.20223,-12.9273,-2.65271,3.26018,0.362992,-4.92675,-14.9177,0.212950,-12.3893,3.36962,14.5736,-9.95973,-21.2641,11.7719,4.94678,6.24611,-1.40078,-3.24432
37,8173,11.1364,-1.34036,-1.59046,3.29072,24.8538,7.38043,-4.35768,7.15270,-3.75928,-14.4419,-4.62192,2.38164,9.77928,-5.92141,-14.8594,-4.44077,-13.4383,3.63742,16.1062,-8.73539,-19.2486,14.2071,-0.567073,3.26159,1.20177,6.09932
38,11380,-3.52226,-6.57360,-4.75823,11.3884,24.6059,0.487604,3.17869,6.87646,-0.244842,-6.08845,6.69797,5.12274,4.57197,-9.85194,-14.5123,0.123068,-5.57202,1.79877,9.66527,-8.45353,-20.1101,4.50194,-10.1066,-0.0622951,0.0746997,-1.18963
39,5528,4.36709,-4.35215,-6.39936,11.8705,30.0215,6.79059,0.0213461,6.63169,-1.89631,-8.83997,-4.64526,5.08463,7.33235,-10.9645,-9.37886,-1.28169,-17.5040,-3.62290,12.1364,-7.51737,-14.0549,7.51030,-13.4969,-3.57328,-5.36010,-2.17083
40,9971,-7.28559,-5.29123,4.66704,9.99886,24.1895,9.58378,2.59379,7.05042,3.98435,-9.18413,3.09372,0.818339,-1.30948,-9.79786,-19.4098,-2.65821,-6.95960,-1.26701,9.67455,-3.84286,-13.2384,7.89933,-6.80884,-0.378488,3.53305,2.73557
41,6666,5.45268,-1.52839,-8.49404,10.0346,26.8900,4.12826,-5.42373,2.09421,-1.36109,-14.9513,-0.824759,4.76878,6.23982,-8.02740,-9.85498,0.878532,-11.7961,1.24090,14.6091,-8.46511,-15.4369,8.54906,-11.0079,-1.06490,9.80887,7.91069
42,21226,-8.10785,-9.43117,-1.94245,9.77618,20.8152,2.06332,0.198464,6.46168,-1.67052,-11.1582,-1.52872,9.24716,19.7843,-0.789972,-8.78319,-0.358754,-9.99560,-0.647174,9.79889,-11.6150,-18.5685,10.3643,-4.20524,2.67863,9.75719,4.17878
43,4833,19.1093,-6.40250,-1.31545,7.98982,20.0151,7.88821,-13.2987,2.11890,0.00508630,-12.4480,6.35827,4.80661,6.40191,-6.93407,-5.58541,5.56303,-17.2642,2.70184,6.74722,-12.7489,-21.1731,14.6956,13.7328,8.15367,3.00858,1.93906
44,3794,-4.95358,-13.1342,-12.0686,17.6733,18.7576,1.07452,-0.671701,2.43323,-9.93210,-6.27313,7.17226,4.29787,18.4226,-6.67752,-6.68971,0.0719345,-2.96714,1.17785,10.3474,-9.20125,-17.4170,8.94354,-5.97204,2.77969,-0.804039,-1.69429
45,9865,-10.5519,-14.8323,-12.5288,12.2203,19.5036,3.34090,2.76108,2.55423,-3.79084,-6.58685,2.73172,7.97942,18.8031,-1.54768,-6.83473,-1.69628,-5.84303,0.106903,10.4435,-8.64238,-14.6938,11.2445,-3.65852,1.11430,2.72274,1.28061
46,2876,1.95376,2.81906,2.24981,6.21745,24.3531,2.92147,-1.92635,6.69408,-0.628090,-11.7793,9.55916,2.37526,-0.645206,-11.9170,-15.7727,1.39274,-8.69190,-1.05616,8.70609,-7.93423,-19.1577,9.05420,-9.50653,4.20226,-11.5319,-2.93371
47,4148,-10.2848,-11.1022,5.20448,9.69786,23.0830,4.60880,6.67697,9.00550,6.83020,-4.57151,0.429498,6.39140,-1.52174,-12.9848,-24.5707,4.08842,-6.37950,-2.89592,16.0475,-2.48568,-15.5149,14.7312,2.95485,1.98511,5.75235,-1.02740
48,8405,-7.60777,-11.4893,3.04585,9.83988,20.8800,2.55632,4.98116,8.23896,5.15311,-10.9885,1.84134,7.37010,1.45478,-8.06354,-20.9804,5.35960,-12.4890,-2.37746,18.3247,-4.17007,-14.6038,18.8459,0.729530,-2.01699,7.04415,-0.152965
49,5571,-5.44152,-9.18092,3.22283,9.90981,20.3884,2.86032,9.44415,10.5485,7.91730,-7.91109,3.05267,6.84641,2.70406,-5.95149,-17.7648,2.05606,-14.3075,-3.36263,10.2069,-9.96654,-19.4224,10.4071,-4.45683,-4.26935,3.76579,0.0541297
50,905,-1.15321,-5.69797,1.74974,10.0786,25.8686,6.70769,-4.32661,6.99793,17.5065,-9.64906,1.16182,13.5138,1.50640,-8.29588,-15.6497,1.72726,-12.1433,-0.0495899,9.51844,-13.3035,-24.0387,4.18357,-11.3631,4.40008,13.6023,2.02293
51,4729,10.6468,-3.31245,1.99882,9.07754,24.0982,6.13071,2.71114,7.04590,4.37235,-16.7535,2.93230,9.04526,4.24618,-8.73558,-13.8176,5.48992,-14.2407,-2.45242,-0.0394684,-11.9840,-22.9080,7.21173,-0.206178,6.18733,12.7910,-2.84360
52,716,1.28011,-16.7979,4.01018,10.9430,20.8346,1.77413,7.15686,11.1334,5.82806,-12.1662,5.52577,7.92388,4.12583,-5.04375,-22.6181,5.99126,-15.5193,3.26654,15.1242,-11.8866,-25.7483,23.8032,-1.70591,-4.32561,3.70056,3.11254
53,3035,0.772201,-2.23238,3.24145,4.42477,23.0357,4.37666,4.36710,9.25222,7.24189,-11.8283,8.00517,8.45756,2.45418,-4.65264,-20.2322,1.92745,-16.1519,-0.929976,10.1448,-12.1777,-22.8783,7.60255,-6.47811,-3.79643,2.31619,-3.90270
54,445,1.75948,-6.67960,-3.32859,-1.10683,21.9100,3.06513,-3.25435,12.2738,8.81762,-9.68055,10.6738,10.0398,4.24741,-2.18411,-16.5037,1.96065,-16.1062,3.37789,13.7294,-7.27080,-21.9449,1.10345,-1.36188,2.76606,0.846992,-2.82558
55,1519,8.78157,-5.73336,-5.53058,5.57983,23.9425,4.82447,5.45084,9.70632,11.3394,-14.8408,4.97623,18.5837,-5.92698,-10.3048,-6.81130,1.99244,-20.0118,-1.53720,5.14440,-9.97306,-21.3542,8.99561,-3.06006,8.93348,25.5742,2.50389
56,3842,-7.51053,-13.3775,2.24874,9.11616,22.8696,3.87746,9.42672,14.6984,2.05078,-8.62216,0.583034,6.26801,-3.51983,-8.05618,-21.2977,7.08963,-7.77748,-7.39812,20.0417,-6.26766,-17.1150,20.0632,10.1070,6.33613,8.76941,4.22534
57,13998,14.7594,-5.23801,4.25838,11.7320,25.0207,1.99932,-7.50282,5.67233,-5.31693,-12.7985,-0.270395,3.78156,3.37735,-5.08201,-2.98175,10.0997,-14.7708,-4.84183,4.21599,-12.0372,-20.7891,15.7338,14.8229,8.13608,13.6445,-2.21006
58,5475,-2.18211,-6.43095,3.14175,3.22351,20.7590,-4.03209,7.38313,10.3654,4.87716,-10.7294,-1.81753,15.0213,0.413482,-3.34722,-19.6029,0.564354,-14.0957,1.41579,17.9271,-10.4331,-16.8035,18.3252,-6.17686,-0.239832,9.44698,2.23525
59,44,-3.64209,-3.23164,5.02360,12.2432,22.2522,4.61854,-0.183684,4.65012,20.3174,-8.61043,-0.722919,15.0050,6.49194,-4.16139,-13.5262,-1.31979,-11.4396,3.85920,4.23396,-15.5185,-28.8047,-0.378156,-10.9118,-0.168637,2.23625,6.29417
60,2539,3.63003,0.218531,0.838815,10.0843,24.4026,6.80338,-4.61753,8.08819,8.59246,-15.2152,3.21380,9.61651,8.28332,-9.36189,-16.7886,2.89796,-10.3379,1.05456,7.47369,-14.4825,-24.6907,6.10372,-6.79100,0.727768,8.33750,-2.05106
61,2396,-4.72315,-6.01551,-2.85079,5.05019,19.6755,1.87999,0.0269102,9.41514,14.8106,-10.8354,3.35175,16.0485,-0.676534,-5.59319,-12.7374,-1.57060,-4.93589,5.95086,14.2202,-11.9148,-26.1612,7.10927,-7.13160,3.88983,15.8630,-2.99068
62,2299,-3.91008,-8.98255,-3.66243,3.66459,22.2326,2.95890,7.50747,16.5656,5.52585,-8.67537,1.70083,12.2055,-3.81841,-4.62953,-14.0354,-2.33002,-9.65814,0.946037,17.8719,-11.2495,-19.7542,14.2377,-3.40300,3.44850,21.6459,-0.397767
63,5977,0.261876,-5.92592,-1.70313,4.08247,6.36118,-2.23507,-2.29691,6.73184,6.40309,-6.44709,6.91352,15.5603,2.34503,-6.94200,-10.2858,6.13878,-11.8714,-4.50986,14.5377,-6.04145,-10.6651,9.75202,-2.65902,1.99555,-5.58582,6.00264
64,1269,5.45353,-7.99986,-3.09554,2.62935,1.52154,3.24343,3.06201,12.0034,12.1238,1.05552,4.48551,11.7544,-7.68876,-10.5230,-6.47642,2.29822,-4.82293,-6.59653,6.33036,-17.5509,-10.8930,8.68760,0.227617,-2.12576,-5.18631,7.91650
65,2884,4.59256,-7.41118,-3.70757,-1.14521,0.0468998,0.0691211,-3.13862,7.97257,10.6496,-0.449695,4.11320,17.2701,3.77175,-9.27022,-5.57216,6.58053,-7.49838,-7.18364,8.46956,-9.44565,-11.7268,5.04905,-4.76980,-1.38513,-8.11110,9.83809
66,3431,0.967279,-14.3933,-1.76320,7.02211,2.56963,2.55854,0.202963,7.60504,8.53434,2.22496,3.69258,11.7113,-5.46135,-10.0364,-7.24799,3.50654,-7.24126,-3.95854,13.4722,-14.4168,-7.72520,8.99257,0.911840,-1.16080,-4.62630,3.40553
67,5698,-8.81129,-14.8371,-2.79780,10.0584,8.70572,2.19825,-1.23936,6.43173,8.57398,2.71011,1.92375,6.14983,-3.47497,-9.73654,-6.04417,0.228707,-6.48533,1.80615,14.7857,-14.6378,-5.13622,11.9887,10.3762,5.13522,-10.5014,3.62998
68,403,-1.77584,-6.70260,2.64541,2.17869,1.41342,3.86262,0.452291,13.1220,9.46224,-1.43299,2.85450,12.3724,-6.17844,-8.89734,-0.388846,2.40617,-0.344716,-3.68722,4.40963,-16.6159,-12.5496,2.40617,-0.647219,-3.22248,-8.06876,3.77670
69,58,7.67220,-9.14795,9.01830,2.17827,0.654700,5.83011,-2.31881,17.3198,16.7601,3.88384,6.37306,14.3994,1.97748,-7.32116,-8.49335,-4.37817,-13.3844,-8.05627,-0.0808483,-17.6196,-18.1785,3.25961,2.57606,-4.64916,-9.66256,1.04380
70,1743,4.83746,-6.79859,-4.04479,0.0518011,2.45928,3.19613,-1.83298,11.1072,12.3068,2.25073,4.91677,14.8855,0.782168,-8.65096,-6.54442,2.85330,-8.13291,-11.2901,6.96229,-14.7820,-11.7097,8.87873,-2.43189,-1.70885,-6.74789,10.3191
71,2296,2.12487,-6.99655,3.13088,3.17798,2.49523,-3.56145,-2.07777,5.79712,8.33476,-2.60828,2.92720,16.7424,-8.51004,-8.54323,-9.26728,6.76503,-1.73503,-3.65456,10.0010,-9.03605,-7.42379,4.44568,-5.13631,-0.399785,-7.27508,5.77346
72,2299,1.37554,-1.09081,4.83261,5.04890,0.456360,1.11671,2.74118,8.49777,9.05811,-6.06251,-0.0603220,11.5995,-5.02239,-5.93098,-7.42737,3.87844,-4.99250,-12.3311,2.92404,-6.05567,-3.88526,4.52890,-1.57819,-1.76125,-10.4252,1.94502
73,1164,3.24722,-6.99973,6.02697,3.10675,6.68256,2.32929,-0.203948,10.4334,8.19354,-3.14103,5.10520,10.5658,1.39900,-7.59463,-14.4015,0.999269,-10.2317,-9.74702,8.00903,-9.37340,-13.8264,4.59588,-1.90232,-4.55677,-11.9402,-4.29335
74,695,8.94753,-9.75604,1.50466,7.25137,-1.57603,-1.45044,-5.23313,10.9942,10.4504,-2.07301,5.69743,14.1327,-7.29458,-8.30520,-9.92455,2.12871,2.90890,-0.133980,6.08265,-16.6052,-11.5633,4.22578,-4.47710,-1.34041,-7.07290,5.66724
75,1683,-3.41980,-5.39915,4.75801,4.72693,2.91790,2.11852,1.43713,9.11222,3.89246,-7.73381,2.48222,12.8504,5.79262,-6.04748,-16.8808,4.96626,-9.24714,-11.4490,13.7247,-4.01796,-5.45728,6.91261,-3.01497,1.90159,-8.47296,3.89378
76,4757,1.36096,-11.9346,-4.65673,9.26458,3.34036,-3.33824,-2.21706,6.06429,8.94345,0.538113,2.23814,9.14255,-9.06711,-9.79482,-5.90899,4.09372,-5.64375,-0.118428,17.0542,-16.2489,-5.44343,9.54931,3.74751,-2.02933,-6.02353,5.40375
77,4529,-8.58224,-15.4399,-3.89939,9.88962,9.31124,2.08275,1.37871,9.59171,8.53611,1.97775,3.89041,5.19054,-6.67448,-8.73839,-5.70192,1.87360,-6.97546,0.353263,12.6775,-15.6854,-3.96045,13.5751,10.8240,5.51458,-18.5134,6.32124
78,955,2.30532,-12.0734,-2.54793,8.39103,-3.42015,-7.34415,-0.459604,10.1404,9.34927,3.30015,3.99809,8.16268,-10.8451,-10.9304,5.39476,1.56695,-7.77038,-3.67936,11.3529,-4.69106,-7.35720,5.00380,2.43893,0.778668,-15.8184,4.91872
79,1138,4.62015,-7.98658,3.35887,6.48894,-1.41662,-11.7185,-4.00795,10.4221,8.69107,5.17230,-1.62285,7.71417,-10.3374,-6.19510,0.661328,2.49631,-4.97516,-2.49900,13.4575,-13.3417,-8.42891,3.01968,2.29711,0.0732313,-8.37969,5.63382
80,1330,-1.02868,-8.48127,4.56326,8.20753,1.17027,-7.43148,-2.43295,7.57337,10.1700,2.02540,-3.75977,10.5104,-3.15994,-6.01145,-1.32435,4.39282,-5.42135,-0.823960,13.2767,-19.0510,-12.0531,1.22771,1.66018,-0.878568,0.789086,8.82539
81,2668,-2.02626,-12.2051,-3.25426,9.54797,-4.83075,-5.21175,0.120958,8.35431,7.32803,6.49046,2.65072,6.09926,-6.75514,-8.03319,1.76936,1.66507,-5.51129,-4.82481,15.6252,-8.79834,-5.11658,8.01235,5.26670,6.09120,-6.53821,6.80718
82,763,0.413177,-14.9974,-0.945946,6.05540,-3.78154,-5.93562,3.30690,9.58070,8.82240,3.57735,2.85568,10.2967,-7.49952,-8.54933,3.64212,1.64548,-7.96578,-1.90268,7.13433,-4.99216,-5.98181,7.00275,6.09037,5.76313,-16.6560,4.59443
83,3137,2.85286,-11.1858,-3.23521,11.5224,1.54557,-5.76152,-5.37293,4.52039,9.21771,7.02961,-0.387399,3.94142,-9.52673,-9.56455,-5.86258,0.593037,-3.81330,1.21572,15.8550,-14.6698,-1.27301,10.9891,6.88047,2.44233,-2.54775,8.31031
84,1243,3.57321,-2.19276,2.37142,13.2443,-0.209143,-5.80674,-1.02302,6.56517,7.53563,2.84399,-4.50869,9.16614,-6.50099,-10.9272,-0.466059,1.16338,-7.74592,-6.68718,15.1165,-16.8137,-8.14295,2.09560,2.38811,1.52512,-1.88581,8.65839
85,5017,-2.82640,-10.5086,-1.69165,4.36361,32.3677,8.90345,7.16908,14.1217,-3.74610,-7.15740,2.98606,19.2316,-2.91037,-9.83760,-8.48389,-4.61784,-0.713943,-4.42729,1.29894,-9.09545,-23.4494,8.97154,-2.09248,8.02207,19.4026,2.32059
86,229,3.45166,-10.2930,-4.10163,8.11578,32.6806,8.25935,11.3852,9.29863,-10.4440,-7.52427,-2.75231,20.6347,6.87379,-5.29211,-8.80274,-8.05046,0.227192,-5.06396,-3.80297,-9.81526,-24.7149,7.55267,5.75550,11.1292,16.1817,0.988640
87,981,-8.17302,-14.8396,-0.263295,2.42290,28.6453,11.4719,1.13119,6.12838,1.68310,-11.1134,-3.69973,21.1108,17.1364,-0.225881,-0.393524,-3.13862,-11.1444,-0.177519,4.02937,-10.8634,-28.9513,9.29580,-1.55063,7.42673,19.5732,4.01610
88,4963,6.31695,-6.23678,-1.43824,7.74807,27.0633,4.14520,-0.451914,8.66395,3.72190,-17.1557,-1.37548,12.7903,3.88613,-5.56812,-8.53428,4.81551,-11.1048,-2.97466,6.58985,-12.0164,-24.6734,10.4735,3.13911,5.30709,18.9910,0.698604
89,870,-6.95313,-12.3901,-6.06629,0.244578,25.9886,11.8871,-3.57194,7.99371,8.60489,-11.7684,-1.96525,19.7082,14.1433,-2.12600,-2.48372,-0.720469,-10.1998,-0.227688,10.3641,-12.1736,-27.8607,7.78013,6.36073,9.96743,20.0320,2.88951
90,578,-4.61576,-14.8461,-7.76826,9.31854,18.6453,7.43522,-5.09629,7.03781,7.99354,-12.1515,0.445260,23.1613,16.2165,-5.06922,1.51932,2.31391,-4.53525,-0.0487659,7.75741,-13.0163,-30.5618,0.894806,-14.0033,3.64905,11.6180,6.58391
91,570,-5.44971,-12.2476,-10.2656,4.92596,17.9073,11.6781,-3.26330,3.72676,10.4808,-12.5159,-0.804353,19.6175,20.8018,1.33959,0.460771,1.00100,-6.93098,0.744145,4.17159,-14.2225,-27.1084,2.42906,-12.0321,5.44675,8.23090,4.37110
92,973,0.831690,-12.3448,-4.11370,6.77171,17.4312,7.62606,-3.17548,8.49128,9.86641,-10.3106,3.25800,19.1096,7.68054,-2.15577,2.74768,4.32296,-7.64006,1.14577,2.15116,-17.6485,-29.0374,4.39625,-4.23672,-0.0831607,9.56260,1.10686
93,524,-6.14474,-13.5827,-6.13196,7.23128,21.3349,9.86011,1.27388,9.35272,4.15750,-14.3858,-6.50389,18.3269,15.0549,-3.15005,7.70841,4.03410,-3.83829,2.07034,5.91756,-11.9600,-32.8282,-0.722291,-7.70679,-0.820335,8.06161,0.125104
94,654,-7.67044,-12.1482,-6.52680,8.74560,15.5670,10.9776,1.49730,8.37321,7.18709,-14.9500,-0.717687,19.0746,15.5083,-3.63971,7.35436,4.78053,-4.32365,-0.633555,3.17811,-13.9353,-31.0536,1.91826,-6.94553,3.08419,11.2218,1.61210
95,2061,6.36875,-9.47236,-5.47668,7.18412,21.7007,4.10817,-3.19747,7.39221,7.90489,-17.8480,-7.34526,11.6349,8.89021,-1.37542,-2.98770,4.67112,-8.37787,1.83120,4.63365,-11.1799,-22.1132,14.9986,0.760503,4.17115,18.8875,5.93774
96,1911,-3.49110,-8.37946,0.837820,11.4891,30.6953,10.4557,-0.201091,10.5359,0.0169231,-12.6109,-4.05917,17.5570,6.63689,-7.80547,1.50454,-2.45427,-2.72879,-5.04897,2.87894,-10.7741,-32.0902,1.29407,-8.82217,3.68660,10.5129,-1.92588
97,237,-7.73007,-14.5198,-6.97726,5.80610,20.7898,9.42270,-1.18972,6.79021,7.11550,-12.4807,0.185336,25.1034,21.0955,1.82147,3.58435,1.80424,-7.11853,-5.37644,2.14452,-12.3962,-31.8994,0.181540,-8.44577,6.89987,19.7476,9.84430
98,241,-3.61612,-9.87283,-0.543775,11.5223,26.1155,11.8880,-1.08398,6.58769,2.63819,-16.1045,-3.16630,22.0410,14.4244,-3.89789,1.07842,-1.61547,-8.50921,-5.61357,6.37240,-10.6993,-33.7095,-0.947293,-13.7015,8.26036,22.1031,10.1589
99,4006,5.57278,-10.2172,4.82343,5.30124,29.5296,11.6836,5.43253,12.0687,0.632464,-12.9090,-1.35765,15.3424,3.01697,-7.49562,-8.71336,-2.33939,-12.5691,-0.757731,1.17978,-10.5871,-27.5474,8.22986,3.58699,9.68841,28.0461,0.773025
100,394,-3.16893,-8.62069,-6.33676,8.34425,18.7517,7.82215,-0.552691,6.48885,12.1718,-9.38786,-0.309652,18.7043,15.7452,-0.196662,-3.14832,4.62782,-4.04291,-1.55657,0.228005,-18.8599,-29.3374,0.297979,-4.66228,6.28580,9.35842,2.86779
101,1407,-4.02638,-9.42504,2.16501,6.40672,34.7817,9.89813,1.99347,8.40108,-2.03881,-9.58574,-2.83120,20.4130,10.5048,-3.38179,0.659871,-4.30063,-7.07437,-5.17480,-1.62376,-9.48297,-32.5104,6.06001,-6.68658,9.81527,23.3370,4.61124
102,1054,0.228374,-8.42526,-5.56701,5.10708,15.3847,5.97276,-1.21848,6.57633,11.4982,-14.8324,-6.49557,16.1352,15.1192,2.99842,2.22961,5.13977,-4.81596,3.44361,0.550478,-17.2684,-26.9137,6.77533,-0.783613,6.88026,11.5240,3.32872
103,491,1.11424,-12.4039,-3.53863,3.37949,13.2998,0.315200,-5.06289,3.12708,7.36923,-14.3130,5.20567,29.9704,17.7819,3.19896,-0.382966,2.37750,-9.42753,-3.48501,7.22007,-12.0584,-33.5789,3.69344,-17.2152,-1.40183,17.5765,-5.42152
104,769,-3.08246,-5.10721,-6.13880,9.40382,21.7372,8.64108,-0.705407,8.31875,6.86394,-14.7316,-0.444162,21.7500,6.45416,-6.18210,7.11376,3.03221,-5.99494,-5.86177,5.01667,-16.2264,-30.8200,5.73837,-7.83752,-3.16561,7.12215,-4.74697
105,595,-4.03170,-6.33902,-2.67182,10.7814,24.0246,2.04062,1.41195,12.0954,0.417306,-14.8002,-5.53951,25.5702,9.50970,-8.83084,7.36859,-0.399862,-3.74075,-6.88144,9.91001,-10.2643,-36.6584,3.67937,-10.1729,0.646238,9.42268,0.720828
106,645,-7.62225,-7.89745,-8.05424,6.89117,29.4224,1.38731,6.96131,11.7492,-2.79790,-15.3416,-4.36432,21.1196,4.93727,-4.08362,3.45374,0.539636,7.63662,-1.56787,-1.65149,-10.8167,-27.9212,3.71834,-8.04734,1.92223,11.0612,0.294858
107,345,-0.0638633,-4.95440,-0.720564,12.0414,26.6816,6.33901,0.464692,8.60301,1.89103,-17.2282,-5.60550,24.6959,15.4987,-2.72279,5.39625,1.07919,-10.8457,-9.30875,1.09289,-13.8216,-33.7895,-1.19859,-15.4125,-8.75813,6.34418,-0.921584
108,832,2.20896,-12.4836,-3.00957,9.59997,22.3226,1.72577,-3.48990,7.00815,4.41754,-13.0059,-1.15351,26.5792,12.0958,-1.61904,-1.54865,-0.994945,-8.40565,-3.57856,8.34529,-11.9613,-31.7829,3.10459,-15.2691,-4.80694,13.8930,-3.03551
109,569,-7.05375,-4.83918,-4.93268,7.97033,26.3392,2.38585,-4.10529,11.4892,5.62098,-13.9935,-2.39161,20.5618,6.55423,-5.37294,7.64613,0.140770,2.82306,-0.898442,2.40032,-13.9509,-32.9006,0.968452,-9.34101,1.58202,9.11003,-3.76473
110,6577,-8.16710,-5.70062,-5.40732,6.41286,30.3031,5.49862,7.73603,11.6555,-6.04152,-15.1309,0.327558,20.4697,-1.27723,-9.67680,-4.68145,-0.331254,4.82470,-5.25801,4.47461,-8.37078,-22.0914,12.9649,0.232647,4.65648,14.4471,0.0592614
111,2675,-3.61456,-8.10681,-6.56563,8.21743,29.2179,8.24683,10.3904,11.4958,-2.66132,-17.0592,-0.813155,18.6046,0.756103,-8.42396,-9.82932,-2.18044,6.22925,-3.80435,0.250211,-9.07337,-23.3598,13.6683,2.87989,-0.393902,21.5614,0.304655
112,589,2.68229,-10.0997,-9.76872,6.79140,28.0414,5.26984,8.72986,9.74548,-8.76796,-17.5790,-7.66738,21.5599,2.63022,-2.11512,0.625059,-2.00713,6.34763,-2.90790,2.72928,-10.5621,-25.5816,8.05387,-6.28878,3.97128,13.0123,0.217358
113,879,-5.17344,-10.7272,-4.65813,8.92269,16.2517,7.74178,-0.636113,6.86596,8.00169,-12.6347,0.819014,19.3559,9.35742,-3.67990,4.64126,4.51638,-5.73298,-0.417761,6.47595,-16.7136,-29.3463,5.21657,-3.19140,0.205765,9.55239,-4.98872
114,630,-3.13273,-8.62277,-5.99416,6.61082,26.2356,-0.891869,5.17713,14.2568,0.758096,-14.4119,-5.88083,22.8356,3.86556,-3.20577,4.53399,0.122078,3.55827,-5.65352,4.69371,-8.30287,-33.8146,2.97128,-11.1631,1.02861,7.38275,-0.232589
115,384,2.19070,-6.97616,-3.89215,7.32626,21.8675,-1.39973,1.10102,16.3857,11.9328,-12.0838,-2.59587,22.6661,3.28287,-6.78510,1.21138,-1.45463,-1.13244,-7.18575,0.621949,-10.5448,-34.5877,5.71181,-10.5517,5.56685,-0.0229810,-0.704932
116,177,-1.71358,-10.7520,-10.0675,6.30330,18.0409,0.755125,0.0321889,7.36183,11.1822,-14.1980,4.33533,29.4007,14.6444,1.66818,2.16302,-0.258093,-11.8359,-5.91837,7.71315,-12.7260,-34.4942,1.19121,-11.8049,1.02111,20.3070,0.256422
117,1210,-0.616717,-10.7333,-7.20263,9.29320,17.7839,4.88275,0.467175,4.17413,3.68397,-10.7155,2.67979,22.9469,10.5914,0.416150,6.49379,1.67383,-9.50439,-4.07432,4.67197,-15.2909,-29.0483,7.43065,-6.74659,-3.34370,6.38716,-6.42670
118,541,3.35490,-10.8201,1.50649,10.5021,12.9700,-2.94341,-2.99597,12.0824,14.9007,-11.0038,-0.972004,26.8346,2.76716,-5.85824,1.74023,-4.01784,-11.1613,-3.67004,13.6527,-11.9667,-35.7630,2.10479,-14.9908,-3.59746,13.3179,-1.18319
119,760,0.199442,-13.5598,-6.23785,4.20467,14.6115,-0.0750813,-4.89775,5.51240,5.44088,-10.6776,7.55555,28.2531,14.4801,-0.0511007,-3.41604,-0.764859,-6.77588,-4.06807,10.9937,-11.5668,-31.9536,7.86726,-13.5699,-1.63754,12.7707,-5.69934
120,533,0.264952,-7.98319,-4.15105,6.79999,21.5047,-0.710772,2.66719,13.1687,0.470168,-13.3640,-6.09716,25.4048,4.85739,-5.87802,6.01941,-1.84872,0.871311,-4.82287,8.19929,-10.4189,-34.6062,5.44732,-17.8076,1.56625,3.57127,-0.349949
121,195,-1.87871,-4.50144,-4.12002,13.3320,26.4290,5.66099,-0.838632,11.2928,4.64853,-16.4473,-3.95527,22.8889,12.3143,-6.54076,6.77640,0.976890,-6.68351,-8.84515,1.71146,-12.6300,-34.4036,-0.0923341,-14.5411,-7.64559,7.13178,-3.31546
122,3408,-4.40659,-1.21097,-3.49580,13.3939,12.7725,2.52685,-11.6003,2.57949,6.06922,-8.99045,8.03735,12.2873,19.0863,-10.8643,-5.46051,1.75476,-15.1792,1.52300,15.8361,-11.0437,-21.6590,5.61218,4.78823,1.22156,-3.23291,0.577671
123,634,-6.84849,-2.30453,-3.29621,12.8428,11.5778,-3.78547,-3.33049,-2.50414,5.68351,-12.0753,7.52010,16.6165,17.4618,1.03330,-6.96354,2.67166,-17.2620,-8.24069,10.5209,-6.33264,-15.0634,9.47272,4.66674,2.08002,-14.8873,0.0901091
124,895,-4.77897,-1.79933,-1.66562,12.9600,12.8688,1.98269,-6.69339,-0.0367426,9.15506,-8.47863,3.67570,8.14410,14.5846,-8.32393,-7.53205,4.08438,-16.8772,-2.57603,10.5424,-7.14042,-13.2793,8.58130,3.66059,3.66237,-10.8011,-2.73163
125,1952,0.892457,-3.89697,-13.1230,11.2835,11.8003,2.02470,-7.02463,-4.35950,7.14228,-9.57270,7.20509,11.7897,16.3224,-6.58978,-8.23142,5.01609,-10.0460,2.23776,16.2951,-8.84836,-21.2326,7.58171,7.13517,-2.22709,-5.65867,1.74016
126,413,-6.24573,-2.13810,-9.73227,11.3845,11.2190,-5.52591,-8.35091,-2.38625,10.2296,-11.7912,12.9455,16.8306,17.8247,-0.909324,-9.47990,5.08796,-13.4376,-10.3426,10.8894,-6.01990,-15.8618,11.1102,7.24489,1.38086,-11.0336,-1.45821
127,609,-8.16410,-8.16285,-9.41807,6.24318,4.67545,-2.38999,-10.1684,0.0356139,5.82288,-11.8296,15.2192,16.9584,24.6351,0.664064,-8.77322,4.40976,-12.2593,-6.96936,13.0887,-9.10876,-14.6582,15.4666,7.35735,5.50336,-3.68923,2.43162
128,2129,-2.10676,-4.33242,-9.79645,11.7742,13.5427,2.49514,-4.98813,2.24572,11.4272,-7.74634,5.81117,11.1827,15.6906,-4.61735,-12.4748,4.07932,-6.31633,-2.87215,11.7831,-14.6436,-22.5723,9.36159,4.53073,-1.57922,-5.32830,4.67569
129,3593,-4.01062,-4.09859,-9.47391,7.60782,10.0472,-4.62953,-4.76250,-0.376654,12.6561,-4.24686,3.07881,13.2764,13.9351,-6.83599,-9.50949,1.92905,-11.3555,-2.64534,8.91228,-8.62927,-9.51741,13.2967,7.46314,1.30359,-8.16142,0.898029
130,1508,2.30553,-1.22866,-9.80890,6.85384,9.38127,-2.70610,-11.2322,-1.29794,13.0493,-8.52463,9.50701,14.4360,19.4115,-3.92742,-8.48340,5.59012,-11.0341,-7.68065,5.74181,-11.3771,-18.8378,10.2508,10.6155,2.93139,-7.59848,-1.71475
131,9915,-14.6562,-11.3555,-0.0415397,7.02052,19.4019,0.253527,-1.94106,-1.02497,4.17137,-9.25832,-1.35406,14.4459,24.2639,1.25734,-6.79737,4.85272,-9.71091,1.86675,8.09934,-11.8672,-21.4353,11.5239,5.62239,0.866403,1.29619,0.319014
132,9250,-7.56181,-12.6685,-12.2505,11.5349,17.8024,-0.634355,-1.79589,5.79711,2.18008,-8.18037,0.866429,10.5285,14.6363,-3.54169,-10.0472,4.46543,-4.01636,-2.60820,13.8161,-10.3957,-13.6295,9.59655,4.32727,0.874042,-7.62794,0.516786
133,1679,-4.90790,-6.67351,-8.29213,7.21019,11.6375,-1.71488,-5.34605,4.37833,13.1024,-8.46929,-0.692831,9.58580,15.1749,-6.13316,-11.3245,5.74337,-7.51559,-1.59468,6.68494,-7.63173,-8.52077,13.2969,6.36823,1.20235,-5.85419,-1.61910
134,614,-9.58407,-7.58248,-7.91262,7.62550,7.98282,0.402452,-5.72461,-1.71994,2.24774,-12.7467,13.7072,16.5938,20.9986,4.05871,-8.13549,3.64683,-13.7189,-8.97927,13.2283,-8.45285,-13.0890,14.3333,8.81337,6.61916,-4.16392,-0.260465
135,5384,-5.74277,-7.98223,-5.10439,8.92402,14.0692,3.58590,-3.21984,-1.26437,11.2561,-9.95273,9.98567,17.6710,17.8126,1.97081,-9.70696,-0.298654,-21.8498,-5.88504,10.7822,-10.2180,-18.2820,8.66820,-0.0712888,1.63513,-6.89986,0.0990792
136,1036,-6.02259,-7.26130,-6.27012,8.03734,10.8707,1.34639,-8.03281,1.99428,10.7685,-10.4125,7.15942,13.0615,15.2298,-1.34367,-13.5175,5.58007,-6.98828,-1.36415,8.66662,-10.6959,-11.8638,8.97315,3.63974,2.70094,-6.40674,1.01598
137,17936,-8.90182,-10.1759,-6.29268,8.62455,16.4526,0.236911,-2.88943,1.07238,3.67596,-9.73869,-0.545499,11.8055,20.0863,1.31167,-7.18088,2.66976,-11.2271,-2.06035,12.1553,-7.81047,-15.3327,10.9931,13.5197,-1.28204,-1.09239,0.301456
138,65,-4.63169,-8.09348,-8.69067,14.2563,10.3744,-6.81385,-8.53256,-5.70654,2.99221,-7.38238,0.682240,13.4920,14.6826,0.530959,-2.26700,8.40718,-12.1117,-9.73166,14.0758,-5.96457,-6.57365,11.2795,9.02371,1.41254,-5.22631,0.964426
139,1053,-3.52306,-3.51914,-3.54940,11.7450,9.50714,1.43034,-5.95955,0.742168,10.3465,-10.6024,5.28057,9.22547,12.8442,-3.09114,-8.90524,4.70672,-12.5610,-6.86664,10.5089,-6.65910,-13.9891,10.6365,4.26384,1.74925,-5.17876,-1.78754
140,10781,-4.43387,-6.93506,-12.5184,8.13251,9.09265,-5.13114,-4.14549,-1.75904,9.47246,-3.69781,3.45492,13.3298,8.48923,-7.66085,-7.96651,6.12998,-8.29945,-2.48014,19.1440,-4.59696,-12.2895,12.5118,8.56644,1.69996,-1.75090,5.11294
141,14159,-4.15819,-10.2918,-14.2933,9.50592,16.9016,-0.453495,-0.403814,-0.328088,3.31656,-8.45608,-3.49736,8.90126,8.15750,-4.24049,-11.1610,5.21365,-2.15189,2.52652,15.2038,-9.55034,-7.91390,12.4655,3.29475,3.74074,-1.69042,-1.20946
142,17098,-9.25096,-5.49417,-1.40549,7.72370,13.4229,-1.82280,-8.24770,-2.70212,11.9211,-8.95147,2.97709,16.3690,17.3009,0.812882,-6.14174,3.50385,-16.5068,-5.46174,13.8725,-7.28826,-17.9418,15.5152,8.37926,2.62072,4.02154,3.72307
143,3412,4.66901,-11.3150,2.73072,7.79455,10.2653,-0.0327449,7.61797,12.9250,7.00501,-4.47494,-6.43157,6.57040,-10.0135,-12.8661,-13.5145,4.27694,-5.12920,-3.99485,13.4736,-9.34233,-10.6728,12.7302,8.45300,7.45990,4.14537,5.69515
144,5634,-8.56205,-7.62143,-4.06249,7.61566,20.6549,9.02530,4.60945,1.43846,5.65725,-5.52589,-2.68835,6.38184,3.55043,-6.83761,-16.1158,0.979859,-5.73594,-2.15574,11.6188,-7.54401,-8.92610,9.95420,-0.858481,0.994063,4.10957,1.50806
145,5145,-6.07507,-7.17951,1.66067,5.86053,10.4334,4.13497,6.85340,5.66129,7.71164,-3.92687,-3.53670,11.5043,6.52840,-7.21285,-18.1856,3.63565,-6.12724,-3.27879,10.9713,-9.85250,-10.2341,5.37819,-6.61000,-6.94048,-5.88647,2.45659
146,2208,-0.830997,-6.59290,-4.34399,-2.70536,3.94184,0.310970,-1.51850,7.22049,14.4640,-0.504494,5.85769,16.2716,-4.02402,-7.82558,-4.82222,6.40359,-3.45031,-5.41684,9.16271,-6.99021,-14.4362,5.69231,-8.12413,-6.10769,-8.91263,7.12150
147,4072,-3.36174,-7.96236,-10.4212,0.112551,9.49930,-0.636062,0.667686,0.654359,11.4332,-3.51879,1.93402,12.6158,-1.46121,-6.48975,-12.9300,6.39520,-6.70597,0.281915,19.8037,-5.12023,-8.45778,12.6171,10.2678,1.33950,-2.06672,5.26825
148,1462,-9.80845,-7.83229,1.33984,5.36686,11.3293,2.03525,14.9762,13.4952,4.52859,-9.44750,-9.10555,9.76055,5.74647,-8.32614,-15.0168,2.79559,-2.83070,-0.395380,14.9018,-7.24846,-16.0608,1.73087,-8.42512,-5.26624,-12.9528,4.46687
149,2878,-12.0131,-15.2161,-5.28552,9.04461,17.6483,-5.78303,-0.162901,8.48486,6.70626,0.118845,5.07965,10.9009,-5.58985,-13.6737,-12.5502,6.65759,-1.63370,-0.846810,20.2604,-4.93600,-12.4593,15.8572,8.09040,7.07574,0.969502,3.28634
150,5119,-3.37775,-6.86895,-5.44740,-0.0183361,10.6343,2.19809,0.828581,7.40992,4.95011,-5.71597,4.82627,13.8702,4.31238,-6.18043,-10.8695,6.59855,-9.58984,-3.45639,15.5999,-8.98876,-11.8671,8.50912,-4.85920,-2.61930,-3.85076,3.95382
151,4635,-6.93731,-8.97302,-2.41416,3.76629,12.2053,3.44655,5.75797,10.8287,12.2554,-5.98461,0.0664061,12.1042,3.74294,-6.64502,-13.0953,6.30386,-5.89331,-2.50867,11.7903,-10.9150,-17.4782,2.73468,-11.1887,-7.79843,-8.99396,5.24617
152,3099,-2.64862,-9.39790,4.23996,12.5937,15.5613,2.87791,6.71476,6.52566,6.35220,-5.60336,-5.40940,7.69280,6.28700,-7.29530,-19.7444,4.49279,-9.88004,-0.492020,3.77769,-12.7159,-5.25047,3.21317,-5.23667,-3.95355,-9.42944,-0.198127
153,3471,-5.30867,-13.6643,-3.13570,5.90770,8.88961,-0.544779,11.5987,13.2879,8.35472,-7.41100,-8.44746,10.0275,1.29993,-7.38677,-16.6547,5.27372,-0.571030,-0.374877,15.2232,-8.40352,-11.2486,4.29623,-5.65759,-1.80414,-10.4047,0.402966
154,7461,-6.16872,-15.1882,2.99361,8.96719,17.7608,-1.58924,5.78718,9.77403,6.27984,-4.36257,-2.59195,11.7999,-2.44371,-11.3857,-19.0198,4.98757,-3.55842,-0.413857,15.7720,-8.96947,-14.8108,11.9769,3.23122,3.29363,0.0944022,4.28216
155,2602,-4.27848,-6.54120,-6.69816,7.12583,11.9032,-1.93967,2.93338,2.12910,11.4654,-3.60432,-4.14189,10.5409,5.95728,-5.59588,-14.0471,3.18462,-2.87614,0.384851,9.24649,-9.22788,-9.46402,9.97587,8.36795,-0.564002,-0.763307,-2.50329
156,102,-13.2990,-16.8934,4.11512,12.3546,7.36555,2.90734,15.2781,11.6012,9.45284,-2.40963,-7.50305,4.63025,7.44133,-7.92298,-23.1705,4.33848,-0.403916,0.862905,6.93415,-10.7299,-6.21070,5.81697,-6.21265,-1.46090,-10.8729,8.44013
157,1197,-2.48630,-12.9333,-6.50618,4.69363,9.06275,3.79081,9.78344,12.1047,12.9650,-5.20427,-6.31172,10.3328,-2.58445,-10.8302,-15.7813,3.23430,-4.95933,-2.67198,16.8334,-6.65558,-10.0154,7.75137,2.87828,2.24710,-4.62124,5.46103
158,4403,-8.72517,-7.49747,6.86219,11.6715,18.9435,5.42038,3.99752,3.82602,9.21485,-5.53195,-0.482026,7.17376,6.65186,-12.8942,-17.9750,5.19106,-10.7449,-1.66869,2.91355,-7.03604,-10.6565,8.47866,-4.91962,-5.51434,-2.02302,-0.280997
159,1168,2.72247,-9.39956,-4.77044,8.72310,5.91540,4.36848,8.07278,10.0369,15.4394,-0.519284,-1.62617,9.82127,-8.61026,-12.6787,-12.4065,1.45628,-2.54665,-5.94446,9.97862,-11.6250,-12.1686,4.42573,0.371174,0.0336072,-2.14577,2.20472
160,4215,-9.75832,-9.58479,-3.45444,9.46920,21.0992,3.02556,3.25470,0.255833,8.86381,-3.81235,-2.10306,6.72143,2.72611,-5.60638,-16.2397,3.88599,-2.67047,1.54365,9.76171,-11.7320,-11.4796,12.2458,4.40604,0.835907,5.66420,0.501493
161,653,-9.81499,-14.7283,5.12490,3.75264,5.08229,-0.495762,8.70849,9.13218,3.67281,-4.70358,-3.45666,8.98728,4.68536,-2.64761,-14.0104,5.39961,-3.14630,4.85022,10.7119,-7.13387,-7.55739,3.49503,0.969713,3.18423,-3.50454,4.61404
162,4583,-11.8205,-8.79422,3.24362,9.55974,15.3546,8.44310,3.53000,4.68505,8.72560,-7.57280,-4.29095,6.61281,5.12440,-10.8359,-17.9635,2.12437,-6.38239,-0.778396,8.99651,-6.29271,-4.51736,6.72897,-6.33824,-4.03533,-3.17911,0.523860
163,5294,1.73882,-12.6762,-0.603544,6.52706,8.18802,2.55901,2.08604,11.3096,14.7945,0.367687,3.21582,12.7658,-8.47276,-9.47806,-11.0203,2.53238,-4.24801,-6.63623,8.21001,-11.2611,-13.8886,4.94488,-9.96362,-5.00602,-7.69682,3.79563
164,3203,-2.82724,-11.6845,-1.16313,8.23116,4.92517,1.09912,7.83759,7.51538,10.5716,2.05269,4.73526,7.34129,-8.00760,-8.02456,-8.36468,1.59482,-6.57233,-1.49556,10.0395,-15.8980,-11.1742,11.4431,7.21949,4.27040,-1.53590,5.60438
165,226,-11.1692,-17.1163,1.72512,9.74900,11.1988,2.35949,11.6598,12.2849,9.25897,-4.90806,-10.8327,9.98288,6.99863,-6.41141,-20.8710,5.15224,-0.115225,4.58521,11.0745,-12.9251,-8.92774,2.15732,-1.91199,-0.962708,-5.30189,7.38952
166,658,-8.82637,-16.4756,4.55684,7.14767,3.79237,3.84978,10.7475,9.44184,7.35727,-2.78700,-6.34522,6.95677,7.99842,-5.47538,-18.9679,4.68189,-1.04665,2.90506,3.87359,-8.20663,-3.13984,3.56241,1.13560,-1.28736,-3.61761,8.98828
