;Seasonal cumulation of Z-scored aggregated data for eMODIS of Kenyan divisions and Ethiopian woredas
adminID, pixels,2001L,2001S,2002L,2002S,2003L,2003S,2004L,2004S,2005L,2005S,2006L,2006S,2007L,2007S,2008L,2008S,2009L,2009S,2010L,2010S,2011L,2011S,2012L,2012S,2013L,2013S
1,6392,-1.79967,-3.99733,-16.4041,-6.22002,3.41072,-5.10971,5.86017,1.97344,8.80690,-6.74151,-5.27754,15.8374,13.9985,5.56003,2.26738,2.73105,-27.6394,-4.71084,19.2881,-3.11433,-2.51118,14.4041,12.3099,14.0548,17.8718,9.55911
2,6548,-1.19302,-4.48562,-17.0954,-5.04377,1.47260,-6.77816,3.59544,6.80750,10.3379,-12.2615,-4.11417,12.7721,19.2954,4.48108,1.55419,6.16572,-28.7500,-3.31713,21.7108,-2.87729,-6.81368,12.8441,16.7873,18.0980,21.2620,10.9515
3,4611,-3.44873,1.41008,-5.56724,-5.79546,2.67523,-3.36818,5.67895,0.825051,4.34898,-13.0611,-4.87053,12.5925,12.5322,2.27885,-1.20352,4.45246,-26.5665,-7.58271,21.0031,-1.69267,-4.58198,10.8399,5.40963,11.4576,13.4400,6.77001
4,5019,-5.07460,1.41295,-8.67732,-4.12060,3.32054,-3.11544,4.88515,-0.242016,3.05795,-10.9507,-0.862361,12.3327,14.8243,4.69594,-1.85948,2.99530,-23.8734,-5.63007,18.0857,-5.40253,-3.82655,12.0906,5.42512,11.8585,15.8011,6.47298
5,5149,-4.23431,2.03081,-13.7707,-6.90211,3.16708,-4.79760,5.54642,-2.91016,3.97768,-9.68800,-3.59227,14.2426,17.7585,6.19911,-1.71210,4.15452,-27.3652,-3.32134,20.0780,-7.55729,0.146852,17.1528,13.1133,13.1621,21.0945,8.62083
6,18444,1.77424,0.606479,-16.0710,-6.31366,2.93364,-8.98141,-3.37333,-0.867643,4.05324,-8.59961,-8.72500,13.6769,18.1206,2.22047,0.548942,3.59001,-20.3256,1.77432,19.9827,-4.95762,1.08165,17.0774,17.2128,8.96448,18.7701,7.68050
7,4244,9.83817,2.45123,-0.767773,-3.47390,6.32442,4.34568,8.23116,3.43735,-0.214512,-11.0984,-7.89960,9.00580,13.5014,4.79232,-11.8038,1.52959,-32.6868,-8.58294,17.3464,-4.67406,-1.86906,6.15239,3.91280,8.26251,11.3391,8.61345
8,2316,-0.516370,-1.50026,-13.1097,-7.44883,4.45866,-5.55886,0.801674,2.66306,3.69003,-14.9657,-5.41112,14.2549,19.8577,6.23148,1.15061,5.78719,-29.3223,-3.74887,23.1847,-0.934596,-4.78391,10.4735,16.3999,18.9152,20.1010,14.6016
9,29733,-4.30290,0.0822228,-13.2777,-7.72809,1.37217,-5.20540,1.01989,-0.178987,3.12415,-7.86494,-10.2611,13.0881,15.5405,1.33161,-2.28478,2.96295,-19.6208,-0.0117826,22.0837,-8.29755,6.60698,19.3120,20.6506,9.34088,20.7980,8.51079
10,8643,-8.68008,1.71135,-8.59378,-7.27771,5.92732,-4.85081,0.477775,-2.87435,-3.31922,-9.06066,-10.4755,12.1639,18.8239,1.33985,-1.98460,6.33780,-22.5300,-0.865021,24.3446,-6.04826,6.00958,17.8145,20.2010,16.1841,24.5251,15.0402
11,14326,-0.660315,-1.78975,-6.52389,-9.42509,4.34764,-1.36301,1.21618,1.24041,-0.111251,-10.0302,-8.21930,13.8907,17.3021,2.62510,-9.31414,3.51226,-27.4107,-4.22304,23.0418,-6.18758,6.33188,20.9949,18.0459,8.42349,23.1300,10.5819
12,6442,1.74337,2.07855,-2.76477,-9.10964,5.37723,-3.30169,3.20402,1.00565,-1.13597,-12.0581,-15.0554,9.98803,17.2667,7.28900,-8.04953,6.75651,-31.1661,-2.39005,24.4022,-6.39341,6.17820,16.0537,15.6887,9.25292,25.8734,14.8218
13,2512,1.84565,1.06407,-3.28239,-6.38656,7.16058,-2.71830,4.23696,2.83909,2.17232,-9.59639,-4.27151,12.3405,14.9708,6.41971,0.834156,3.17665,-30.7763,-12.9596,19.4021,-1.05160,-12.2924,9.53035,3.39383,11.8819,10.5575,8.24722
14,3193,-1.73767,1.44797,-2.38184,-6.61303,9.59674,-3.80937,2.82030,-2.89482,4.11236,-8.80457,-9.92507,11.3156,15.2222,8.26893,-0.234986,3.95822,-30.3401,-7.59089,22.0964,-2.42521,-9.22834,11.3482,5.64511,11.1523,14.1302,8.96649
15,23951,-3.36837,11.1353,24.7691,6.37696,10.4625,4.43696,-7.39560,0.250171,-8.31757,-14.4999,-13.5700,13.8431,3.63399,-0.384453,10.7773,-3.10557,-5.19203,-2.74782,10.4350,-16.8324,-22.2345,7.73070,-6.41941,-6.56696,3.18156,0.580982
16,11900,0.00119103,-1.60979,13.7707,14.2492,28.7983,8.00714,1.36877,6.61164,-3.32282,-13.8709,-8.49708,20.7697,0.552558,-3.45529,8.57808,-3.48954,-15.1523,-8.16682,0.458829,-13.8245,-26.5562,0.00862285,-17.2991,-5.64398,-0.378540,-9.28001
17,72727,-1.00654,0.796665,12.2890,5.42227,4.00319,1.50900,2.00652,-5.67771,-8.62862,-13.1362,-9.60599,15.2006,7.74237,13.1692,11.2836,-5.19652,-10.1855,0.406725,9.94281,-15.2788,-17.8408,7.23355,-13.6386,-7.06448,0.0938773,-11.0400
18,9913,-1.76195,0.712670,11.2745,8.73175,15.4703,1.17765,-7.23321,-8.07268,-15.6286,-14.9117,-17.9456,14.1191,12.6685,7.79534,10.9901,-3.72333,-12.2165,2.32763,19.9115,-13.5651,-15.5292,11.4033,-10.4600,-9.60239,-0.185400,-7.38103
19,50071,-8.42427,0.653958,21.0627,3.33781,6.00395,3.66445,1.50637,-1.69512,-10.0052,-11.5280,-5.93528,25.0732,15.7989,-2.65355,3.64278,-7.04813,-11.9257,3.94735,7.01860,-13.8706,-18.7428,11.0379,3.17136,-6.19342,13.5648,-8.07977
20,20852,-13.8888,8.50192,22.2950,4.57686,7.52055,5.97566,2.75093,-3.64307,-14.0003,-14.0430,-15.0335,13.0742,12.0476,4.84555,9.61070,-6.46841,-7.06342,3.28372,12.4317,-15.2146,-16.6705,5.24671,-11.4463,-9.58696,-7.28197,-6.09904
21,49087,-8.77676,-0.0472270,11.5568,0.338798,14.2160,3.94504,0.627302,2.22931,-5.43185,-13.9766,-14.3224,22.1262,15.5571,4.50793,2.85623,-8.03244,-13.2008,1.99602,16.1549,-14.7953,-19.2367,11.2764,-5.25345,-6.35197,-1.54163,-11.7916
22,45171,-4.52437,-3.08954,14.3898,7.64138,5.93242,10.6060,-5.94873,4.14869,4.37535,-14.9238,-12.7286,16.3557,13.6338,8.28340,6.97954,-7.45127,-8.27476,1.07166,10.7391,-18.4140,-24.5735,4.25134,-7.48374,-5.92067,-1.56126,-7.36073
23,28869,2.55035,3.32995,27.5817,10.7131,18.6082,4.10671,-6.81996,-3.85171,-11.2040,-14.5653,-10.5818,22.1918,1.68134,-7.79013,4.78033,-4.33049,-16.6316,3.29188,10.5394,-13.9648,-20.5041,8.84290,0.407633,-5.52138,3.07802,-8.47674
24,14215,-3.64867,4.74004,11.9126,7.40526,19.2255,10.5686,4.29978,9.02986,-5.36688,-16.1337,-8.78633,12.6487,6.93696,1.25128,1.06410,-5.39909,-10.9147,-5.04168,13.5568,-17.5801,-28.2792,2.44474,-6.85362,-4.05141,3.57520,-4.97703
25,123623,-1.21353,-2.08672,13.5518,6.87612,7.19721,4.14250,-5.84633,0.165727,-2.96471,-15.0434,-12.4651,16.8864,11.8522,9.95407,7.77581,-5.23699,-10.1073,-0.681439,11.5834,-15.7691,-19.3635,7.83404,-9.63236,-4.19485,-0.140329,-8.00267
26,70471,10.8656,-2.49294,8.99069,9.03657,2.08104,-1.58611,-1.25802,-0.572942,-0.150832,-8.63225,-3.65688,17.5599,9.42591,8.50653,3.61469,-9.22466,-11.2362,0.152760,4.05184,-13.4528,-22.7279,4.33542,-20.4880,-8.66632,-8.58910,-9.10219
27,32007,6.48286,-2.62628,5.13051,7.71093,-3.25769,-3.27877,2.91502,-0.371664,1.58784,-8.66332,-5.87718,15.4041,9.45523,8.22661,8.28060,-6.94772,-9.75113,1.79483,3.55517,-13.6518,-18.5212,0.816983,-29.6507,-11.7982,-7.81215,-11.8630
28,20951,2.77665,-0.869140,6.72223,9.71433,1.84973,-2.65178,7.46885,-1.55025,-3.79669,-13.1252,-5.29510,14.8209,11.9190,9.97439,9.86059,-6.33209,-9.98448,2.79230,-0.231231,-14.4096,-21.2895,1.27234,-25.2410,-9.52299,-6.71475,-9.49439
29,31210,9.67330,-1.54342,9.43996,6.67215,0.973504,-0.743032,0.00229669,-1.45496,-0.0291458,-8.14592,-3.95173,16.6912,7.49773,10.2029,4.49697,-9.46123,-16.0603,-0.924642,5.97942,-12.4735,-18.0220,3.05828,-26.6203,-12.2166,-8.54160,-12.0617
30,24030,-10.1455,-7.07293,11.7034,10.5573,25.1256,5.63798,8.17291,11.0749,0.447270,-13.6906,-2.28936,18.5207,12.3487,1.29700,-3.94444,-0.844111,-22.4787,-6.67061,1.79519,-18.5057,-20.7351,0.638281,-14.2020,-1.21485,-1.82741,-6.74233
31,53395,-4.91466,1.12622,17.2981,8.97778,17.0742,8.08716,5.78482,7.33063,5.90493,-13.9131,-4.35871,16.9501,3.71890,-2.62613,2.62085,-4.78962,-12.7959,-4.00655,-2.15793,-16.3827,-28.1747,1.58336,-15.2846,-5.36889,-4.45883,-6.04471
32,30402,-7.68232,-1.36101,19.7014,6.11168,13.3088,8.29923,3.31932,10.9746,12.7287,-12.0454,-0.117531,15.7924,4.04858,0.600393,3.26015,-2.70547,-16.3308,-7.10486,-2.80479,-17.5988,-29.4315,0.636667,-20.2724,-2.14185,-1.34041,-6.75742
33,175494,-3.95570,-1.96064,23.7998,8.30146,19.2712,0.589444,-5.39191,-0.216022,3.28567,-8.91755,-1.89926,22.5107,4.32644,-0.517827,1.23170,-3.89050,-18.1925,-7.43186,-2.20890,-12.5925,-20.2665,17.9782,-0.345568,-7.52802,8.62852,-1.47281
34,52937,-6.15914,0.793430,29.3066,6.06636,12.4685,3.11865,-6.98038,1.02878,-1.91434,-11.7755,-6.32207,25.0301,7.36219,-6.95535,5.54781,-0.829021,-17.7473,-6.17156,4.40153,-11.4568,-19.9636,13.6789,3.48896,-7.15353,-2.44723,-8.79582
35,16421,-10.4635,-9.30243,9.62020,8.93437,25.7678,12.7251,10.3851,8.06971,-2.26495,-14.4704,-13.2843,13.9473,16.1550,2.13161,-9.77981,-1.39617,-24.6356,-6.30682,7.60216,-19.2904,-9.10214,7.79488,4.67744,-0.830387,3.80926,-5.02043
36,62688,-12.3471,-7.68934,4.49964,-1.01443,12.1021,-2.21115,0.662949,10.8868,3.00614,-13.3387,-8.65001,25.0753,17.3065,0.222872,0.856037,-3.01052,-14.6162,-0.171539,16.1833,-11.0196,-19.0034,17.1311,10.9828,1.64057,15.0602,4.73406
37,19834,-10.1050,-6.48386,0.512001,-1.33496,9.13450,2.41372,4.48854,9.82305,7.13064,-10.4475,-3.74955,23.9218,13.7489,-0.453044,0.916799,-2.44624,-8.85927,-2.80093,8.99857,-12.4826,-22.2162,12.2723,16.0421,-0.877683,17.5422,3.52283
38,1444,-19.2971,-14.9119,-1.60192,3.41002,7.10133,-9.10086,-5.03386,11.4548,6.70324,-13.4202,-1.57401,18.7064,0.407352,-2.11779,-7.73024,-2.73416,-13.7075,8.67767,38.8279,-3.32961,-4.09510,23.1583,19.1107,-5.70439,14.3027,4.90149
39,8783,-13.3653,-7.94885,0.328881,-1.44927,-3.64303,-2.68085,-5.08353,11.4350,6.70503,-11.6420,-2.38353,27.5812,20.0750,-0.111423,5.78816,-7.13431,-15.7290,0.338169,21.5674,-12.6556,-14.2602,19.5717,9.55294,9.98380,31.2964,0.200173
40,26421,-20.0107,-9.67797,-1.89724,-2.53941,5.54768,-6.14906,-0.347690,11.1041,1.56068,-14.7415,-6.98079,23.5110,20.9366,-4.73399,-2.36875,3.83249,-11.2405,2.94926,29.8033,-5.97483,-15.0027,17.3745,5.51698,-2.07625,26.3036,4.16605
41,2064,-16.1325,-11.5610,0.947653,2.80316,19.5156,2.73631,1.70583,18.7209,7.47085,-13.6205,-4.34524,13.9209,10.9043,-0.428086,-1.56061,-10.1712,-23.3539,2.30319,20.8210,-6.46451,-15.9731,17.7996,9.33778,-4.04443,19.4885,4.97637
42,9293,-22.3438,-10.7872,-4.21506,0.335623,10.9775,-3.57986,-0.612532,13.6846,2.42076,-15.4075,-4.06210,22.5942,18.4569,-7.06485,-2.97439,1.90737,-15.6627,5.10169,28.9743,-7.69810,-10.9589,14.8965,7.53444,-2.17413,29.7760,5.57760
43,26499,-11.9752,-8.01697,1.85777,2.33435,12.5400,-1.63885,0.389959,9.31904,0.310187,-14.5556,-4.32176,25.8931,19.9992,0.175669,-0.380251,-0.835081,-10.7565,-0.785586,10.2321,-13.2002,-17.8954,13.2510,20.1004,2.93009,15.1014,3.38838
44,24004,-8.30329,-6.19741,7.85444,-0.353315,4.47177,-2.87638,-2.12083,5.31753,-2.35927,-14.7788,-2.36140,27.9114,21.6248,0.622152,-0.574584,0.0728158,-7.14355,-0.131074,9.98923,-10.4111,-21.0773,10.5690,2.35767,-3.89073,16.6036,-1.13467
45,16926,-18.3680,-12.1267,-2.00730,1.57120,12.3572,-0.0792539,3.57683,18.0250,8.64414,-13.9695,-6.71631,18.7077,13.8363,-5.57925,-2.95600,-3.25858,-19.3082,1.33746,25.3893,-6.62197,-14.4478,15.7561,9.33266,-0.738347,18.4221,7.18602
46,14803,-16.8511,-7.62558,2.37168,0.823736,-1.20536,-7.18345,-4.83558,12.3884,3.83207,-12.3324,-4.24174,25.8049,20.2602,-0.871255,1.38947,-5.50605,-15.3089,-0.422711,23.4123,-9.21984,-8.82293,24.2822,16.2076,9.75681,42.0384,4.53565
47,13289,-14.8702,-3.65142,4.74422,-3.31789,2.17468,-6.99862,0.580151,11.6420,3.20225,-13.4969,-10.0407,23.5002,22.3154,-1.91547,0.885653,0.141420,-16.8880,-0.212704,22.7473,-7.83627,-14.8508,17.6812,6.65236,0.143081,17.1484,8.19840
48,34635,-4.97532,-9.46819,3.44942,-0.462893,12.0717,0.336628,-9.20776,9.71908,-7.48979,-13.7435,0.604283,24.8974,10.5563,4.74808,12.5500,-8.35385,-11.4848,1.01741,8.63361,-12.5862,-14.7076,20.5089,10.6009,6.30065,22.4891,-2.76913
49,26077,-11.0420,-6.17845,5.43188,2.10836,8.74574,-5.59237,-7.77268,10.7926,-7.70125,-13.8206,-0.423056,26.1235,18.2673,3.41278,3.04451,-7.08882,-13.9087,-2.64742,19.1401,-11.2052,-13.7819,24.5830,19.1661,9.90187,37.3899,0.129030
50,13192,-8.39898,-11.3723,7.22895,4.64655,17.1791,-0.366943,-3.98568,14.4023,3.58544,-15.4586,-7.21828,21.2830,15.7900,-1.02517,-0.417530,-4.64722,-23.3711,0.984184,16.5587,-12.0008,-16.9505,14.9945,12.4226,-1.73150,18.6655,4.15097
51,12012,-13.1744,-10.0290,1.43546,0.950822,-1.24932,-6.90503,-4.82109,7.71208,7.33652,-12.8109,-10.4196,23.9348,25.8540,-3.24009,-2.45145,1.38119,-10.4701,3.40318,17.7221,-7.83837,-9.76214,17.4070,13.5350,-0.691693,24.4464,-1.76965
52,7125,-21.7743,-13.1892,-1.92285,-0.508346,15.8018,-6.33668,-1.71895,12.4202,5.09671,-13.4116,-4.82190,23.5314,9.56658,-1.73801,-7.17826,0.290199,-16.4569,5.73751,31.9270,-9.13408,-8.51891,17.3801,10.1783,-4.79787,19.0229,3.53345
53,43786,-10.4259,-7.92948,3.18725,-3.18538,10.4293,-3.14209,-9.40718,9.29121,-2.10357,-13.5304,-3.45070,27.5229,26.2007,1.14261,0.910137,-0.776018,-9.41154,-1.60945,11.0485,-10.1933,-16.9769,14.8991,13.9647,1.24736,15.3467,-0.601425
60,6417,-1.23581,-9.70463,2.50432,4.29301,9.05613,-1.05750,-7.13570,4.28834,-9.95944,-14.2746,13.2056,26.1827,15.1657,2.65990,1.51675,3.49598,-7.53821,-4.46182,11.1030,-12.2839,-26.6824,9.40170,-1.70340,2.06339,16.5015,-6.24855
61,39480,6.06637,-8.02260,7.82879,5.92277,8.46503,-0.951873,3.34199,6.71170,-10.7207,-13.2589,7.44442,26.4150,12.1669,-2.31141,3.13702,-1.55991,-13.9755,-2.22269,-0.326591,-14.1514,-23.4278,8.38596,-6.63768,0.488849,32.8370,-0.453441
62,48756,7.34854,-4.22323,13.8456,8.96254,15.7621,-0.120560,0.0651155,1.55554,-5.84478,-13.4007,-3.51552,17.4309,5.38961,-1.34512,3.91936,4.32041,-12.8908,-0.854552,-0.373488,-15.1014,-23.7057,7.84185,-7.20297,-4.44587,24.5390,-0.108873
63,38715,5.02213,-7.06580,10.8260,8.20305,12.1294,-1.24611,-4.54624,3.01105,-9.23082,-12.9229,10.2732,25.2922,5.73682,-2.09336,0.0978813,0.737277,-12.3294,-2.33417,2.81390,-13.6997,-20.7930,11.1980,-5.25393,-1.06607,28.2909,-0.328076
64,56188,-7.33387,-7.02628,0.809982,0.426965,6.54573,-1.40192,2.57657,2.43925,3.08884,-9.58142,-2.13426,13.6202,18.4098,2.09898,-9.15036,3.22186,-18.7605,-2.66042,13.2991,-13.1972,-7.35098,13.8331,10.3269,6.88127,5.69319,4.71185
65,69682,-11.5037,-9.80128,9.57299,6.61381,23.6124,1.24386,3.71747,12.4332,3.74668,-12.9390,-6.17136,18.7087,14.2537,4.43073,1.68331,0.754082,-21.4128,-5.55127,4.86573,-15.3866,-22.3646,2.07795,-7.89036,-0.408468,-1.73698,-1.29910
66,71404,-8.22734,-5.58306,5.95506,4.23052,15.6474,3.05126,5.39139,9.46277,-0.778728,-12.4702,-7.60090,13.3842,20.0299,4.84811,-2.73639,-0.752743,-25.2672,-1.69325,11.7803,-18.3769,-14.1934,5.51771,1.53820,3.51443,-1.01375,-1.08591
67,40006,-2.40602,-7.59304,9.87121,2.64173,7.58279,-2.14679,3.20747,2.94858,-5.88489,-13.3077,-1.08767,16.0477,15.5635,1.38709,-6.82123,6.05700,-17.5750,-1.40558,10.8806,-13.3741,-13.3307,13.0491,13.1544,3.85688,5.53586,3.68076
68,18708,-3.17393,-7.71497,0.794288,-3.40137,9.51842,5.76143,0.388260,0.502749,-2.25676,-11.1026,-8.49193,11.6801,13.0817,6.11038,-2.25853,0.806635,-30.3162,-3.06594,23.9260,-9.08025,-1.21140,17.2320,21.1267,12.7060,21.9867,5.24981
69,36222,-0.802883,-3.96480,0.236764,-6.84498,6.41732,1.84892,0.755087,0.902924,1.17823,-9.88338,-4.24033,11.4841,11.8338,6.89940,-4.18980,1.69865,-25.7094,-4.95976,19.0209,-8.36002,-4.49965,14.9667,16.2209,12.2467,17.1973,7.46858
70,41568,2.92942,0.824200,-3.30531,13.1766,7.50893,-0.410420,0.391157,-2.48798,-2.77505,-11.4653,-7.13641,16.3633,22.4447,4.65752,9.08701,-8.56890,-20.7026,-5.04129,6.23549,-7.90736,-14.6772,-2.69276,-9.81848,-6.13135,-4.74814,-0.722885
71,91489,-8.62990,7.12178,21.4717,5.16328,11.3571,9.30927,1.71369,6.29522,-6.40089,-14.4118,-12.9172,11.0572,10.1508,0.951763,2.38454,-8.90223,-11.5766,-0.410879,14.5433,-13.4714,-22.0965,0.154599,-6.95941,-8.23595,1.56105,-9.17696
72,71805,1.20852,5.07829,14.3339,12.0302,11.4330,2.47876,-3.96550,-1.39090,-12.7428,-15.1310,-12.6519,14.0742,4.02335,6.27668,12.4774,-9.34949,-15.8198,-1.40359,18.7863,-12.3793,-17.0825,5.02917,-9.69162,-6.57006,22.6822,-7.81648
73,29033,-12.6559,7.05709,14.8945,9.29915,18.9862,2.54988,-4.15499,-6.45807,-14.1864,-13.1983,-13.8797,10.8231,8.07200,2.26283,7.28992,-9.25791,-13.0106,5.84799,23.9734,-12.3869,-15.3285,9.28346,-4.45174,-6.11951,11.3718,-10.9148
74,129293,-1.78878,1.17021,7.29057,15.3535,11.5384,3.84451,5.54758,0.984594,-3.00315,-12.1334,-3.17514,10.5752,1.15094,0.584444,2.11671,-8.75092,-17.5248,-0.919735,16.1247,-10.9010,-18.2771,4.06515,-9.50585,-4.66528,7.38380,-9.25179
75,7455,-0.203132,-4.17036,-2.68154,10.2397,3.03493,-2.64569,7.85364,-2.17542,-8.11158,-9.84272,0.580029,11.5935,13.9838,8.34913,6.00783,-9.82836,-9.01463,3.03372,9.50003,-12.1585,-20.9493,7.74951,-19.3109,-13.7608,-8.00529,-16.6621
76,9222,3.99317,-2.79411,-0.534177,9.93087,5.30594,1.00257,1.71289,5.07849,3.64075,-9.55004,0.148965,13.1853,9.62713,7.04795,3.89603,-7.36199,-12.1789,-0.274816,7.69215,-13.5605,-23.2990,-0.472945,-25.5810,-7.01161,0.0433947,-8.05420
77,165487,-5.00610,-5.83862,-4.16575,14.1352,8.50631,-0.819035,5.49786,2.55014,1.75475,-8.84253,-6.39843,14.7844,14.4488,3.97266,8.50970,-8.18682,-14.7473,0.292660,7.33846,-11.5092,-15.7383,0.194631,-12.6353,-4.17293,-0.997258,-4.68685
78,51095,-6.06627,-5.24730,2.56483,3.70476,6.09112,-5.11640,-9.68896,3.23378,12.5123,-8.83342,-4.89871,12.7625,15.8747,-1.48300,-11.4039,1.92909,-15.1433,-4.63243,18.9733,-5.74626,-8.81513,15.8369,29.9982,14.6146,17.4099,-0.210281
79,26504,-17.1148,-15.4363,2.67668,5.16492,20.6191,1.90685,3.12945,13.7995,8.74270,-6.46968,-0.612226,6.36865,9.99575,-1.80920,-9.26919,1.00647,-17.7419,-2.69053,10.1615,-7.40367,-10.5871,17.6964,25.9136,4.92312,24.4061,3.47874
80,23272,-8.28981,-11.0870,4.84165,0.289981,15.9789,3.10520,-1.34254,0.865914,-8.28170,-10.8302,-3.59661,-2.73186,10.1208,7.28612,-8.22497,6.47444,-12.5698,0.571678,17.6156,-2.61164,-6.25155,23.5095,15.8077,2.56517,17.8973,3.00279
81,112884,-12.7525,-7.39424,-0.319257,5.73938,8.92009,-4.55552,-7.58333,0.541472,9.59942,-10.4126,-7.80415,14.4008,25.7857,1.91702,-8.35053,2.80312,-10.4225,0.290749,16.3918,-9.15100,-13.4648,11.6967,20.6679,8.44666,12.6187,-3.89788
82,74726,-10.5190,-1.79227,1.38809,0.611299,4.88722,-7.54059,-10.5516,0.000888079,8.21319,-10.3557,-8.52403,17.0270,19.1710,1.19435,-8.53965,5.26453,-16.8080,-1.30966,21.3299,-8.97721,-0.0471072,11.1298,22.1924,13.2657,14.8979,1.26908
83,58669,-4.13632,-3.51832,-5.88469,-4.92497,-1.66576,-5.19720,-2.35233,-2.33977,2.96159,-5.11283,-7.97662,9.90441,14.5674,1.84176,-6.29660,4.36221,-16.5215,2.00163,20.0816,-6.76948,7.22327,16.0605,17.4203,5.79259,11.7762,2.52359
84,73297,-11.5547,-12.2464,-2.50836,-3.96223,4.32739,-5.14301,-5.67870,2.57483,1.77582,-8.36810,-9.17447,11.9615,23.4272,5.13092,-5.69728,6.39903,-12.5910,1.92343,22.9547,-4.56255,-5.28086,14.8760,15.8446,9.20415,18.7185,2.03210
85,92731,-6.72876,-9.10932,0.159045,-3.28648,-1.37931,-4.03987,-1.80969,-3.83515,-4.89895,-9.52842,-6.68521,6.56265,16.6626,4.89487,-4.97554,7.76101,-14.2554,4.69604,19.9807,-4.08187,3.93033,20.9167,23.4832,7.52659,17.6983,5.37216
86,25225,-14.1140,-15.2218,-9.37212,4.86974,13.4727,-5.37152,-7.21415,7.30903,9.28787,-10.8797,-2.54347,7.47238,18.4224,2.49710,-5.15420,5.04788,-11.4292,2.12814,20.1077,-6.55871,-11.4637,12.9928,24.8133,8.88809,15.1178,-3.61491
87,112898,-7.04468,3.06772,0.813318,6.10088,0.0315146,-9.84936,-10.1173,-3.36134,4.38493,-9.41882,-7.90244,17.2704,27.4942,0.279764,-5.77810,3.32128,-7.51592,-2.68064,13.9490,-7.39341,-8.31455,8.89375,27.6954,20.0389,18.7946,0.262178
88,47321,-9.43419,-5.96108,-3.36924,-5.37581,3.24796,-6.43119,-12.5301,-0.957789,1.41083,-9.93520,-12.9523,15.9864,21.2598,2.62468,-3.37303,5.44045,-10.0676,2.53981,23.1285,-6.58567,2.67944,17.6449,26.1107,15.8333,27.0913,12.1400
89,33785,-11.1793,-10.6705,-0.396586,7.21844,20.5414,2.18513,-8.92793,6.48719,8.24894,-9.26936,-5.60473,8.67226,20.5470,-0.993890,-9.73892,-5.13673,-14.6888,1.04037,16.7327,-7.31970,-15.5338,14.3398,18.1804,1.89252,2.99270,-4.15185
90,47801,-11.4204,-13.8066,0.426791,-0.878978,3.64057,-6.44480,-2.78564,-2.42957,-7.32714,-7.08911,-2.79635,5.50570,19.3702,7.83359,-1.98125,11.6705,-12.8560,5.47378,18.6925,-5.99553,-2.96321,16.8215,10.3233,2.58495,12.9190,1.20689
91,77559,-9.67352,1.87581,1.93570,8.75953,-1.87245,-6.72281,-7.90249,-6.93665,0.332234,-12.4260,-6.52010,17.7698,34.9431,2.09334,-4.20523,-0.0876389,-10.8944,-2.26443,16.6556,-10.0342,-12.7985,15.6793,22.6544,9.81928,4.88523,-3.81527
92,10188,-15.8906,-14.8013,5.84376,1.45193,21.3414,5.00070,0.349307,6.03615,-0.580853,-7.00539,-5.83250,7.14586,12.6955,0.447017,-9.44244,-1.51044,-15.6221,-3.18265,16.8814,-3.88031,-9.74289,23.3683,12.1428,3.15051,14.9202,2.37357
93,22744,-2.43514,-5.84859,-9.67614,-8.80373,-2.34927,-9.06602,-7.23070,-3.27268,-4.88107,-7.99844,-9.78809,12.0618,27.1131,5.32196,-1.10674,8.97953,-16.5710,6.84307,22.9900,-5.48007,3.93515,16.9340,24.2473,13.1859,27.7914,10.8497
94,16650,-1.22149,-10.1817,-7.24315,-5.17816,0.149281,-7.77258,-5.61564,-3.86845,-8.37992,-10.0403,-12.0562,9.53074,23.9772,7.83965,-7.14144,9.92633,-12.6714,6.77273,24.8040,-4.40638,5.39862,16.3530,23.0764,4.93913,20.5002,8.44865
95,83440,1.04718,-7.59739,10.7424,2.43542,11.4422,-3.78725,-1.89111,3.00744,-11.6586,-12.5075,2.50750,28.6286,16.9662,-0.357132,5.44638,-0.632134,-13.4332,-1.84591,-2.23946,-12.6278,-18.9295,15.7404,8.34385,0.837282,38.7951,0.963046
96,32597,-9.09928,-2.08705,18.9329,-2.16665,12.8221,4.72879,7.86342,6.16726,-7.39507,-13.1754,-6.04486,20.0190,-2.19714,2.70594,7.30847,-8.46680,-14.1317,2.22935,10.1313,-14.7616,-18.1902,25.6706,-5.81605,-12.7051,0.760069,-11.5427
97,10027,0.473023,-9.08055,5.23882,7.21189,8.74299,0.217633,0.379738,8.35214,-3.33649,-12.7988,7.54564,24.2867,17.6773,-2.87810,0.576033,-0.365653,-12.2495,-4.11589,0.501705,-13.1570,-25.5493,8.88631,0.270260,-0.224538,29.4344,-3.77520
98,59692,-7.75625,-8.41731,12.6813,0.520163,12.1082,-0.760035,-1.08615,9.17785,-6.72803,-14.3440,-0.0445771,23.1682,2.42432,2.01565,11.3925,-3.13792,-13.9734,0.772923,9.40747,-13.5548,-18.4254,22.3076,14.4979,-0.231522,12.3300,-7.29037
99,92785,-12.7075,-9.42808,9.91858,4.96222,7.74642,0.144417,1.40997,9.06511,-6.99668,-14.5178,-5.72837,21.7204,15.5221,3.89558,4.40058,-6.13333,-10.1539,2.11021,14.6879,-14.1715,-18.0991,12.1981,0.325135,-7.04633,7.29114,-11.2831
100,29662,6.49870,-5.50083,6.26096,-0.745720,13.9291,-6.21619,-6.91888,-2.23401,-13.2231,-11.6899,-1.74188,31.7827,16.5037,-0.273367,6.70295,-1.85838,-13.0281,0.220865,3.29394,-9.74070,-18.2775,14.2122,4.77881,-3.80149,32.4515,-0.806049
101,93378,-2.19510,-4.73611,6.05906,-0.754626,21.2610,-3.81750,-5.01986,-1.19893,-4.55642,-10.9988,-10.3686,27.5997,4.83102,0.0731578,13.2104,-1.44331,-11.3863,-1.89702,4.25238,-9.89662,-16.0878,20.7805,-3.05380,-11.8458,17.5039,-4.49506
102,38438,-1.13373,-8.95029,9.00181,2.98942,8.94578,-1.61536,0.673734,5.40078,-9.41263,-15.1291,-4.40757,25.4059,22.0156,1.49063,2.04986,-0.118820,-11.6658,-1.37753,4.85278,-12.1658,-20.9199,15.4875,12.2153,1.55666,32.1618,-1.44592
103,84668,-4.53108,-5.59299,11.5482,0.288682,2.80372,-5.74280,-6.61362,2.86895,-15.8112,-13.6741,3.51302,27.7426,13.2959,1.89993,13.4407,-0.287402,-10.3882,-1.16255,8.98583,-11.9191,-16.2433,22.2363,16.6723,1.26469,26.7369,-2.44448
104,60868,-11.2014,-3.04471,24.0640,1.96266,15.7547,2.20666,3.83924,5.21480,-11.9976,-12.1780,-4.87905,23.4376,10.9602,-2.75750,1.21734,-7.63894,-13.5454,6.11077,6.14383,-13.9803,-20.3560,12.0457,-8.47325,-10.1380,13.7881,-5.73713
105,34303,-6.81800,-8.11344,13.2452,-3.63139,10.4236,-3.76392,-7.25384,3.08679,-13.8426,-14.1411,-3.34237,26.7645,8.20160,3.12966,12.7067,-0.692913,-7.96146,3.23724,10.8374,-12.4003,-16.1962,26.2657,18.7024,-0.461428,24.1557,-4.72225
107,113710,-7.15018,-4.70728,17.7986,6.21971,19.2801,3.44141,-1.69026,7.22647,-4.18059,-14.7303,-6.47142,19.4071,7.56976,0.788034,0.128953,-8.31289,-17.1974,4.51166,12.4456,-16.4017,-20.5333,8.82962,-14.0532,-12.8936,-0.315895,-11.1301
108,55057,-6.76292,-3.76542,15.4245,-2.13309,20.4994,0.356199,-2.38718,-1.54571,-6.31464,-9.43903,-7.60188,24.4607,2.13655,-4.69232,13.8367,-2.06181,-12.8315,1.58167,2.27021,-10.9246,-18.2694,28.0481,6.54265,-11.4805,11.0745,-5.77983
111,20471,-4.52903,-4.82455,8.07940,2.03478,12.9501,-1.25244,14.2487,0.539674,2.99926,-12.5158,2.63551,17.2790,10.1697,2.68053,-6.26345,5.79074,-22.1472,0.972242,5.63637,-11.5837,-23.7794,10.3278,14.2825,4.88931,21.7490,5.78323
112,8598,-0.496525,-3.78606,9.17359,4.30759,16.8733,-1.69575,12.6561,3.09289,1.58735,-11.4000,1.41112,21.0351,6.45822,3.03878,1.00882,3.25088,-21.2261,-1.09261,-2.72155,-16.0243,-24.7243,10.8401,22.2323,1.95509,30.6563,7.88616
113,121413,5.21149,2.45233,12.3607,3.01994,20.0858,-0.957635,1.98302,0.997996,-4.46631,-12.5490,-4.78817,21.6573,11.0801,1.02022,-6.64930,-3.31459,-19.0786,-3.89850,2.55389,-11.9496,-18.2926,8.78143,-0.636484,-1.09620,3.87283,3.13213
114,34911,-4.47721,-10.9623,-1.89572,1.90213,14.1001,-4.23197,-1.30249,0.345615,-8.87838,-11.8883,6.28243,15.4949,21.8967,2.40048,0.462360,10.2198,-17.0896,-1.26288,8.55147,-7.89774,-17.6496,10.9810,7.70953,-1.77822,1.00618,-6.05718
115,36638,3.53604,-7.94250,7.77177,3.84666,12.9845,-1.31622,2.62643,2.25865,-5.23532,-13.5285,3.34678,20.1375,14.3453,1.36012,-2.57225,6.00983,-21.0027,-2.26117,4.67032,-14.0869,-20.4708,8.72213,5.69960,-1.35403,8.71653,-2.09730
116,85981,9.83625,-2.49034,2.14538,3.07938,7.17502,-2.92956,8.65194,-0.701393,-7.41127,-12.2115,-2.44105,18.4323,12.3626,3.03722,-5.08492,1.80719,-19.5268,-4.66171,10.8280,-9.08659,-16.5355,11.6977,6.16567,-0.929410,1.10967,-0.444265
117,130183,5.45748,-5.54256,4.21790,4.21089,16.3822,0.364932,-0.329822,4.71655,-2.56575,-10.5623,0.801083,10.7235,4.80246,-5.39773,-2.36191,5.39258,-17.7547,-1.70934,6.86989,-9.13540,-15.5189,22.9177,6.01288,0.144095,3.58280,-1.36732
118,150178,10.6411,-0.214695,13.0636,4.87151,14.1234,-1.42169,1.55654,-0.852113,-5.53564,-11.8991,-2.32955,19.4556,2.24583,-0.776432,2.78976,4.12633,-15.9255,-5.14475,-0.0776407,-11.6847,-20.5519,11.3581,1.54617,-8.85644,30.6905,9.24897
119,150237,-10.0245,-8.13552,0.970293,3.01329,20.2872,1.02568,-2.24486,2.62470,-3.18201,-12.4335,-4.93717,12.9231,18.6993,-1.57876,-4.38787,5.40933,-14.7808,1.25723,17.8485,-9.55262,-18.2481,10.8099,-4.51545,-4.00965,1.15986,-2.13947
120,101524,-6.82788,-8.43391,0.516351,-0.0687533,19.6282,-0.609031,0.380552,3.46081,-3.18657,-12.2302,-6.43091,9.14170,16.4780,-0.951923,-4.67755,8.36496,-17.5419,-0.0717045,16.9011,-8.34040,-15.2394,16.1702,-2.19146,-4.67223,3.32668,-5.60791
201,78730,-4.10947,-11.6237,2.47737,10.6054,17.8439,4.68524,2.74409,9.08576,5.27790,-5.41732,-0.144128,8.08325,0.209565,-7.63805,-15.3415,3.37232,-4.91358,-4.00601,11.2915,-8.28310,-15.3356,11.1603,8.59517,3.37532,6.63260,7.50135
202,70643,0.655708,-6.67621,-4.75030,7.74666,25.6544,5.63086,6.38706,10.2148,1.71814,-8.72451,0.693092,12.9616,-0.786251,-6.55863,-13.3564,-0.969289,-3.99780,-6.42918,8.67262,-5.89386,-20.8901,13.2463,3.95202,9.20734,27.8466,7.16057
203,95503,0.635108,-6.48156,-3.17295,9.27275,23.3233,4.61461,-1.51308,5.33335,-1.57380,-10.3846,0.925256,5.27385,9.52328,-5.78638,-11.6877,-0.559429,-9.90735,0.684017,11.2413,-9.07297,-17.7934,9.82449,-4.07472,2.04298,2.91373,1.71567
204,60066,1.40375,-7.31945,2.52315,8.70707,22.7434,2.73764,2.22255,8.91164,3.83955,-11.1670,1.63680,8.26574,1.54242,-6.76554,-14.7991,4.74326,-12.6822,-2.21179,11.1528,-9.57303,-19.5832,13.8606,2.09827,2.61260,10.1755,-0.656074
205,29600,-0.159207,-8.73440,-0.604234,4.81251,4.11401,0.654896,-0.957142,7.93322,8.51536,-1.68528,3.82632,12.6207,-1.66186,-8.39948,-8.36334,3.81957,-7.31428,-5.01398,11.1508,-10.6709,-8.54641,8.11531,0.0919028,0.606886,-7.71584,5.04917
206,20520,-0.877370,-11.7164,-2.38594,9.64320,2.12248,-3.91840,-1.35569,7.59484,8.68004,3.35680,1.34837,7.08766,-7.86529,-8.92768,-2.98542,2.29744,-5.90178,-1.23001,14.5232,-14.0126,-5.30266,8.79888,5.71399,2.20207,-8.60540,6.61207
207,26670,0.378549,-9.81736,-1.55202,6.33378,26.9833,8.36531,1.63604,9.82362,2.57679,-12.6613,-1.45215,16.9155,6.39659,-5.19421,-4.19423,0.124874,-7.14241,-1.95453,3.21193,-11.5291,-26.8424,7.63466,-1.33259,6.50281,18.5321,2.16893
208,19396,-4.02807,-7.86671,-5.38704,7.57213,25.3619,4.43601,4.15807,10.2497,-0.271628,-14.5386,-0.591076,22.0032,4.21064,-6.11038,-1.10231,-0.208374,0.392425,-4.46146,4.58746,-10.7081,-27.3304,8.65985,-5.07437,1.00776,12.9256,-1.42731
209,104111,-7.10718,-8.10454,-7.35350,8.93697,14.5335,-0.769185,-4.22386,-0.0574723,7.01432,-8.39583,1.91500,12.8785,15.9420,-2.15423,-8.32252,3.92498,-10.3564,-2.01480,13.0961,-8.71659,-15.1375,11.7247,7.12246,1.37812,-2.04987,1.21356
210,76900,-5.34076,-10.0794,-1.10306,6.66859,13.0309,2.32574,4.84473,7.05733,8.85999,-4.12536,-1.32537,10.0137,0.635442,-8.66399,-14.8606,4.21642,-5.34751,-1.80722,11.7687,-9.07273,-11.1625,8.30290,-1.29324,-1.21538,-2.93278,2.94408
