;Seasonal cumulation of Z-scored aggregated data for GIMMS of Ethiopian kebeles
adminID, pixels,1981S,1982L,1982S,1983L,1983S,1984L,1984S,1985L,1985S,1986L,1986S,1987L,1987S,1988L,1988S,1989L,1989S,1990L,1990S,1991L,1991S,1992L,1992S,1993L,1993S,1994L,1994S,1995L,1995S,1996L,1996S,1997L,1997S,1998L,1998S,1999L,1999S,2000L,2000S,2001L,2001S,2002L,2002S,2003L,2003S,2004L,2004S,2005L,2005S,2006L,2006S,2007L,2007S,2008L,2008S,2009L,2009S,2010L,2010S,2011L
1,285,-10.1196,-6.91407,1.67186,-16.1689,-4.40734,-26.5620,-8.59465,-5.37649,-13.6989,11.9619,-0.259354,3.90984,2.11376,-0.0334473,4.61406,2.54456,11.0002,-16.7560,-3.37180,-24.7831,-7.53599,-14.0442,4.22178,13.5693,-9.40948,-11.4855,2.04222,-2.36126,-1.86199,-6.69597,-6.83125,-7.68899,27.4362,-1.42197,-6.80135,-14.7041,-7.39261,-14.5649,0.842838,-2.58949,-7.18360,-1.13446,9.35663,3.44127,-1.41645,0.694097,4.60368,3.79867,3.34405,-5.01227,2.74137,0.700070,-7.79253,-9.67983,4.78783,-0.413519,-2.28955,10.1782,-10.2140,0.0172034
2,598,-6.69928,11.1301,6.90486,19.0060,-2.22903,-2.80770,-6.77134,13.9086,-2.84821,24.0235,4.51888,11.1248,-0.966194,9.73635,0.745555,19.0522,11.5205,2.04458,-0.667752,-8.03441,-6.67828,-6.63563,2.11851,6.18300,-10.0473,-6.64607,10.0401,7.51929,0.566876,0.645531,-5.91015,-4.00055,31.0024,19.9732,-5.08249,5.76801,-3.58552,-3.32050,-6.22719,0.0886037,-4.44857,-0.692325,7.88407,11.1056,1.59653,0.158869,4.46841,1.00342,-4.85796,2.69897,7.26293,-2.68073,-8.13261,-11.7273,1.90088,-5.87985,-0.935877,14.1872,-6.06090,-8.26245
3,96,-4.70442,4.34555,4.06272,11.4789,4.27408,-13.9868,-3.64919,2.86418,-8.90152,11.9366,1.45826,4.18403,3.06055,5.60773,5.39313,2.84694,13.9657,-9.08435,2.47801,-16.1543,-4.54548,-13.6501,7.13650,7.03028,-3.44735,-6.79423,1.97809,5.97393,2.15357,-3.92290,-3.30891,-2.86992,25.3432,2.77905,-0.304221,-8.08703,-2.39579,-8.43446,0.805769,-3.09885,-12.3016,3.14263,6.57137,7.57303,3.11426,0.282214,3.10871,5.51800,3.90153,-2.43489,-1.29021,-5.21375,-4.13916,-10.8131,5.82068,-3.51780,1.30216,12.5223,-8.90362,-3.95976
4,323,-8.60484,0.426141,8.24459,-5.91560,-6.99009,-23.6310,-12.3292,1.40341,-9.30937,24.2888,-0.780239,-0.422671,-3.93292,7.16386,5.97252,0.857826,2.58213,-14.5714,0.432385,-24.5477,-7.46812,-13.6230,2.33255,7.56534,-10.5718,-5.38579,-1.41023,-8.79961,-3.26659,-9.59922,-3.82257,-2.86217,25.1962,16.0113,-2.32887,-3.63721,-4.95376,-4.13877,-0.961392,-3.32256,-10.0341,5.86195,10.4937,6.72624,0.424992,3.20211,10.2935,2.39833,0.125240,0.196361,0.803686,3.79487,-8.31358,-15.5607,3.42542,1.06663,-1.42032,7.48663,-5.76172,-11.8499
5,244,-6.45824,3.80811,3.37105,-2.66613,-1.23233,-21.9352,-4.05985,-2.73584,-12.4455,18.7610,-0.633123,5.01020,3.14336,0.280551,3.68745,6.39780,12.8194,-8.99368,-2.78729,-16.8355,-4.92847,-10.8590,3.70983,9.05699,-4.27767,-6.69204,4.44446,-2.00241,-1.53821,-3.21901,-6.98413,-5.94686,24.0809,-5.20857,-4.85354,-16.6472,-4.26692,-15.7303,2.62529,-2.20858,-9.24090,-2.45304,7.51008,0.734656,-4.14854,6.03911,6.25387,4.98489,6.07430,-5.74565,0.233113,-3.74828,-7.79089,-7.10039,4.21173,-2.85802,-0.359534,9.07196,-9.81882,3.28335
6,299,-0.897880,7.02183,5.16115,10.1766,3.72697,-12.1313,-2.38616,-0.536185,-9.91225,12.4608,1.20672,0.0839434,2.02987,2.67727,4.04492,6.85270,16.2619,-7.73242,2.41441,-13.6147,-5.05108,-12.4447,6.60319,4.01047,-1.79625,-5.79228,3.85328,3.90357,1.57244,0.0147478,-4.32562,-2.35650,26.7093,-0.148648,-1.10308,-10.2051,-1.90013,-12.7878,3.42804,-3.84431,-11.5481,1.44209,6.16706,4.05055,2.10743,0.935979,3.39569,8.96339,4.23332,0.526867,-1.01657,-2.56209,-4.97736,-7.66674,3.80016,-4.53980,2.17568,7.19865,-9.81584,-4.50460
7,224,-10.1005,-1.05944,3.24960,3.70279,-6.72905,-11.3734,-15.7221,-2.97614,-14.0256,4.14884,-2.47048,0.894167,-6.32459,-3.20830,-2.96988,1.14304,7.51914,-7.10727,-1.18868,-20.4152,-14.0992,-16.5904,-3.90400,1.99146,-6.94995,-9.15427,0.173307,1.37294,-2.86270,-10.5855,-5.57122,-9.64838,14.5688,16.0527,-4.05771,0.645560,-11.0675,-12.6864,-0.705596,-2.87886,-9.17205,-0.902964,5.28320,1.98746,3.88330,5.84201,6.51768,-2.30631,0.0990760,2.42824,8.92233,6.95070,-1.56132,-9.16985,5.35491,3.96561,-2.86938,5.68450,-9.91125,-11.6005
8,118,-14.0265,2.75596,7.26198,4.81157,-10.4895,-15.7659,-20.1129,-0.402655,-11.7035,10.4164,-3.08358,-1.62552,-5.12251,1.39080,-2.60839,0.918294,9.16192,-4.32039,-2.45148,-15.5870,-17.4595,-13.9021,-4.42437,5.39736,-11.4571,-10.4161,-1.43657,1.49743,-3.36424,-5.55560,-4.67051,-6.58182,16.3294,15.8490,-4.72028,1.27433,-8.06059,-8.86413,-9.15773,-0.137341,-9.65660,-0.301643,8.50395,6.32903,1.07835,5.40985,7.18441,2.09254,-4.99332,0.839767,9.45466,5.95260,-4.49627,-17.2590,3.75359,0.705774,-2.00425,6.37280,-6.57606,-10.0044
9,544,-6.38069,2.53514,1.87165,6.76774,-2.51244,-10.3182,-6.28223,1.23081,-12.5414,9.30022,-0.129313,5.16237,-4.09785,-0.395548,-6.66310,4.80788,14.0559,-9.89483,4.13896,-13.8638,-9.67803,-9.34510,0.321567,4.53802,-7.29824,-5.41370,2.48116,8.68383,-0.0511265,-0.719995,-6.23417,-5.91418,22.8633,12.1158,-2.84319,-1.38768,-6.49768,-8.24274,-0.294343,-6.16528,-9.97331,3.16185,5.95711,9.69043,2.37131,4.14889,8.44244,-3.80174,-0.909338,0.0297478,5.99678,0.216824,-6.04267,-12.2313,5.55739,3.91141,-1.84104,5.15446,-9.42286,-4.11524
10,295,-9.96082,1.89200,0.307548,1.16280,-3.75917,-13.3687,-10.2083,1.05292,-13.7460,15.9366,-3.69378,7.76483,1.25739,3.36825,6.16116,4.08925,11.0380,-8.89827,-1.45073,-18.5267,-7.73859,-14.9716,6.14928,9.28402,-8.97372,-6.34789,0.327768,6.15228,-0.577832,-6.48913,-6.20420,-1.73843,24.5095,5.88980,-3.73257,-9.93111,-8.32913,-10.8328,0.788024,-3.10246,-11.2286,3.22285,6.98189,9.30927,2.42305,-0.821562,3.49575,1.60329,2.16825,0.00101323,1.34752,-1.93411,-4.26994,-11.5533,6.26942,-1.97283,-0.925703,9.69705,-8.36298,-4.44925
11,373,-10.3678,3.00315,11.2004,2.24904,-8.30556,-15.2517,-12.7978,12.7588,-4.66086,24.4766,-0.527376,9.66870,1.20743,7.91519,-2.13393,16.5842,5.02373,2.76051,-5.95630,-13.8855,-8.36510,-15.0371,-5.45056,16.5227,-11.7280,0.120836,4.16878,4.47497,-5.15778,9.95647,-2.05935,1.48857,27.8604,26.2284,-5.53728,-4.33753,-5.22401,-11.1157,-5.77975,-0.763777,-2.72564,1.21481,7.74949,10.5213,3.69797,13.2439,7.42828,-6.03236,-7.14553,4.61262,4.36224,-5.60606,-4.93021,-12.4131,1.46185,0.171179,-7.24253,7.48204,-2.47952,-12.4306
12,96,-6.78304,-4.64341,2.23239,1.32274,-6.25162,-17.0621,-14.8232,1.04933,-15.3359,9.25700,-3.19858,4.94425,-5.02738,-5.84234,-6.21135,-3.00551,4.23247,-24.5049,-1.17140,-23.3556,-16.8996,-19.3852,-4.20276,-0.846125,-12.1402,-17.6954,-9.80398,-2.54159,-4.35312,-8.70719,-11.4375,-14.1109,21.5164,14.1411,-3.66270,0.790725,-9.43748,-11.9201,2.78370,-4.03773,-11.3519,3.56116,6.58300,-0.412428,3.97390,5.28872,4.26646,-5.95258,1.83891,2.14364,8.00878,2.34977,-5.57056,-12.5699,7.32730,7.52074,-1.29172,8.63913,-8.91509,-6.53056
13,91,-6.19568,7.69668,4.81856,10.5186,-1.12186,-3.90440,-5.92653,7.78790,-6.48667,6.83317,2.01373,6.01652,-2.41342,2.76548,-6.04102,9.39367,17.8126,-4.95783,3.38181,-9.70668,-9.07622,-6.36100,1.79304,8.59875,-5.65173,-2.30932,6.55564,13.9889,3.22659,7.34354,-3.47983,-0.217619,25.9907,13.2195,-1.28106,-5.39652,-7.68415,-2.09355,2.05830,-4.72647,-8.40683,-1.55957,8.88339,13.4472,-2.56983,4.89163,8.95160,-2.95822,-1.08842,2.19615,6.99471,1.16067,-5.66313,-10.4932,1.03370,1.54081,-4.21708,3.75328,-7.23410,-7.25227
14,84,-8.06380,17.9998,6.69246,19.7480,-1.37819,2.99221,-8.96337,7.83270,-6.30181,21.7703,1.29746,5.89517,-4.71541,10.1003,-0.495387,19.7306,15.9372,5.19693,3.97988,-9.02635,-6.96976,-2.74470,4.74940,18.6649,-6.93713,2.57509,12.2818,12.2763,0.277529,-6.38382,-8.07216,-4.80846,23.9297,29.0658,-6.94585,6.43872,-5.85096,-4.50614,-8.16820,-3.45653,-3.22999,-4.75658,7.03764,9.62765,-0.492331,-0.305152,8.36823,-1.41205,-4.02520,2.06899,7.30694,5.34045,-6.21524,-12.3999,3.18393,-0.00467193,-2.18969,13.3815,-6.85650,-8.08370
15,351,-7.64612,15.6195,5.10173,15.9045,-0.748215,-0.575519,-5.07706,8.64160,-4.06276,20.6161,2.22997,13.9878,-1.99880,3.46065,-2.28704,17.9158,17.8561,-3.37945,2.58587,-11.4465,-6.49943,-4.65471,1.88589,12.6611,-6.78783,-3.37224,10.1151,14.0025,0.415177,0.0825861,-4.75104,-7.30209,24.7825,21.8782,-3.69537,-1.00652,-4.97075,-0.687219,-1.73648,-3.18341,-6.74040,-2.06875,7.22267,13.9094,0.953738,0.182206,8.82884,-2.63790,-2.73793,2.77570,5.37501,-6.48914,-8.36808,-10.9059,2.49681,1.56162,-0.877703,11.5028,-7.76591,-4.64668
16,14,-16.2575,2.36809,7.39926,9.07385,-11.5013,-15.0725,-22.7047,-2.31802,-11.1296,5.39108,-3.07478,-2.60149,-5.95989,-1.76490,-4.25041,1.60938,13.2948,-1.21971,-1.60858,-12.7547,-19.9787,-15.9329,-5.44790,5.55737,-11.1462,-13.3453,-0.365706,5.27561,-2.29873,-7.08745,-5.83759,-9.31560,13.5419,16.8786,-4.59582,6.00405,-8.51186,-10.3764,-12.3876,2.53312,-7.42990,-2.52307,7.85651,6.29503,-0.0693032,2.65623,6.78216,1.75530,-6.69332,1.23427,11.8245,9.13955,-4.09415,-19.2625,4.59547,0.242291,-3.20408,5.86336,-7.31365,-7.93354
17,4,-17.0933,1.78914,7.76867,8.72000,-12.0077,-16.7499,-23.4841,-2.59038,-11.5458,5.70832,-3.18726,-3.29527,-5.96615,-1.22966,-4.64911,0.275277,13.5112,-2.82734,-1.72487,-13.2982,-21.3575,-16.0056,-5.78166,4.87275,-11.6382,-15.1565,-1.24492,4.42152,-2.26065,-5.90338,-6.23024,-9.11422,13.4977,16.4898,-4.37422,6.05415,-8.51669,-10.1873,-12.8865,3.79684,-8.32749,-2.50011,8.16150,6.72969,0.102846,2.84072,6.62624,1.93455,-6.34466,0.680262,12.3529,9.53090,-3.56260,-20.1041,4.72792,0.873663,-3.29171,5.28570,-7.97461,-9.06814
18,306,-9.12790,9.87314,7.33729,19.8485,-3.68499,-2.88408,-13.4825,2.18890,-7.00847,16.4592,0.111301,1.21529,-3.20113,2.47003,1.22344,14.9603,9.42626,7.38229,-0.800612,-7.97005,-10.5612,-11.6289,-0.417941,8.68341,-7.99606,-2.03843,6.14088,7.33410,0.0256962,-5.06788,-2.84253,-5.46772,22.3831,23.3565,-6.71950,1.45393,-7.34279,-8.00865,-6.39896,-3.86690,-2.43219,-1.58382,6.94215,7.03370,-0.0474298,5.24041,6.81862,-2.52312,-6.62921,2.01117,8.14525,3.03956,-7.54488,-10.8096,1.14979,-4.42271,-2.77598,11.4382,-3.10614,-5.55683
19,162,-6.85874,-10.1165,6.86820,-22.6549,-7.76753,-27.7149,-8.51725,-0.222822,-8.27861,28.5384,0.138208,2.77994,-4.72413,1.48519,5.45246,-0.719903,4.81174,-18.2178,-1.90074,-20.2140,-3.99013,-8.04074,4.31459,13.0800,-9.38334,-5.48199,0.318554,-9.67871,-5.40704,-10.0438,-2.15538,-1.86419,39.1158,11.9553,-2.45499,-3.45516,-3.12846,-3.42461,0.994974,-2.22662,-6.12813,7.07460,9.98440,3.58211,0.131617,-1.04036,5.89633,-0.152388,2.75697,-0.0532694,1.71712,1.18686,-13.1766,-11.7648,5.91675,3.06701,-3.12268,6.15476,-7.04463,-5.82789
20,380,-11.8844,7.30584,8.22863,9.33322,-6.66512,-7.67467,-14.9464,8.34490,-8.02952,20.5242,1.88167,6.97980,-1.35881,1.89902,-3.19868,13.2708,7.71130,3.66796,-3.43524,-10.3535,-12.3187,-13.5187,-2.63950,5.99104,-12.6422,-4.29583,5.37299,6.77480,0.469875,-0.836236,0.573584,-4.99743,23.7529,22.7264,-7.30790,-2.34284,-5.94736,-5.20507,-9.26544,-1.93630,-3.61446,-2.31149,8.65427,10.4888,1.76896,7.96036,7.31691,-1.45193,-7.53507,4.59853,7.87714,-1.22481,-7.98160,-13.1747,-0.436488,-3.72606,-3.49334,9.52109,-2.17753,-8.74341
21,83,-10.3431,8.97136,9.06058,0.703889,-7.51038,-18.4322,-14.0940,-1.03253,-11.2148,19.7436,-3.08980,-4.11283,-3.38255,11.9610,4.83451,2.04602,2.66010,-7.03840,-0.430256,-23.1307,-10.6614,-7.93570,0.333267,7.72677,-9.83572,-1.67372,-1.61701,-5.18845,-4.73534,-4.14866,-3.17622,-2.44004,19.8865,14.4516,-3.20213,-3.50443,-5.86779,-6.74764,-3.13019,-3.43609,-12.1478,3.12514,10.9178,7.79325,1.38588,7.36045,7.92892,4.04200,-1.86794,0.308498,3.45404,3.61354,-5.98078,-16.3487,3.81642,0.762019,-0.507227,6.25444,-5.50804,-13.4745
22,625,-4.48800,5.67219,12.1818,4.32062,-4.30762,-12.8230,-11.1374,6.96195,-5.89769,20.7498,-2.37508,6.86452,-1.97821,4.81243,1.17890,12.1851,5.23056,2.58271,-4.08551,-7.19058,-9.42112,-8.69450,-4.44346,0.607149,-11.1490,-3.98277,1.25116,3.03612,-2.32696,5.60640,-1.75759,4.50968,28.6789,10.8827,-7.80618,-4.50565,-3.38111,-5.36624,-6.85355,-0.971255,0.194742,-1.03907,6.57259,8.94070,3.47210,8.58594,2.24677,-3.20229,-6.15901,-0.905555,2.99835,-4.63734,-9.27497,-15.0516,2.86512,0.412499,-3.32711,14.1728,-1.32548,-6.30489
23,1223,-7.26026,0.722189,11.8140,-8.62826,-7.31534,-21.0725,-9.89359,6.79212,-8.06874,20.5975,2.97426,7.39142,-3.05484,4.61380,2.08694,6.98008,2.00361,-5.23362,-2.51935,-15.6098,-5.53604,-7.81561,0.164006,8.20415,-11.3651,-2.98427,1.90449,-2.18088,-5.20279,-3.72239,-2.63527,-2.19690,30.3668,17.7379,-2.85998,-4.31012,-4.71931,-6.00688,-3.09346,-4.79855,-7.67241,8.68596,11.1437,1.97507,1.22348,9.13118,8.19772,-1.09606,-1.90995,3.55065,1.26447,-2.75194,-10.2474,-16.0159,5.86421,3.86233,-5.03116,9.74552,-3.76641,-12.2883
24,239,2.14990,11.2854,16.8616,3.72419,-9.55415,-13.9820,-11.8772,21.6411,-8.23119,25.1543,9.73964,17.9795,-1.40986,8.43202,-1.31806,6.13236,6.17418,9.35157,-3.02967,-9.54636,-8.19470,-6.77924,-1.88788,12.9382,-8.57819,0.968581,-0.330272,3.49905,-5.78190,15.5819,-3.43274,5.67843,35.3026,20.0137,-7.30196,9.25693,-5.79073,-4.42814,0.665914,5.95184,-6.71243,3.03773,7.06419,7.60910,2.85142,9.96745,12.5758,-1.17207,-4.61375,10.0525,1.42263,-1.93721,-6.59527,-10.3875,1.98954,-2.18374,-3.63205,3.80246,-7.43031,-24.7406
25,750,-0.635055,5.58351,16.8075,-4.79247,-10.5913,-26.1265,-12.6887,19.9774,-5.40286,14.9104,-2.67921,13.6050,-2.40312,-1.55016,-3.10647,9.55492,5.86721,8.38945,-5.63564,-14.1194,-5.33763,-16.5703,-2.40451,1.20786,-4.85173,-3.98801,-0.423622,-0.135879,-7.01078,-4.55067,-5.50346,3.78140,30.1144,10.6754,-5.85486,-0.797596,-1.25230,-6.74608,-8.85135,-3.00246,2.46112,-2.97281,5.76850,6.94401,0.848798,12.2982,2.40326,-5.45320,-7.09620,0.376119,7.13786,5.44272,-3.77840,-9.04734,-1.00704,0.247444,-5.41479,8.08631,-1.48629,-12.9190
26,970,-5.18136,12.0033,12.2270,3.96613,-5.58722,-14.6652,-15.3812,19.6781,-2.44583,22.3044,1.26318,15.3819,-2.39690,10.6117,1.58741,15.9088,6.97719,5.13687,-1.24691,-9.37208,-8.86889,-11.4341,-5.27312,13.4959,-8.77064,3.53802,1.07636,10.7395,-5.87487,10.3371,-2.91510,13.2866,27.6976,30.2991,-6.29188,0.315743,-5.52053,-7.90865,-0.696749,4.38632,-4.85590,1.16610,8.11853,6.67148,1.87852,11.3132,9.94095,-4.28604,-3.16001,8.07535,5.61947,-4.08834,-7.66332,-14.9720,0.483663,2.00084,-6.24935,3.55895,-4.99284,-13.8259
27,201,-3.25574,7.60546,26.6331,-8.53492,-15.4723,-21.8544,-22.0821,8.24548,-10.7617,10.9035,2.25909,6.93660,-1.33792,-0.844951,0.393555,7.13882,12.0572,0.782246,-9.36695,-13.7253,-12.2391,-13.5886,-3.71774,2.37800,-8.49222,1.38315,4.91839,2.85225,-6.46614,4.82364,-6.11468,1.32921,44.0159,9.60145,-12.8266,-4.41880,-2.65348,-11.4465,-16.9760,-0.0321831,-0.0924260,-1.60656,6.24434,12.1989,6.23967,12.6861,3.66620,-2.47867,-7.98747,1.01666,1.04359,-3.22467,-4.22174,-16.8699,-0.731568,3.86165,-6.31532,8.37302,0.294265,-13.9244
28,354,-0.433719,19.1691,17.9238,8.76389,-12.9352,-12.9362,-11.8594,24.7187,-6.43992,25.9377,8.09173,17.5776,0.543460,11.2424,-2.36512,12.7339,7.96930,9.87711,-1.54507,-8.40899,-7.77594,-6.90219,-2.64958,12.1513,-8.69988,4.38182,0.829282,5.69786,-5.74766,17.2937,-3.07982,10.4239,33.1040,24.6898,-7.37730,5.38282,-8.19080,-4.79428,2.94672,5.14180,-6.08087,3.51038,8.05153,5.38294,3.61242,10.5630,12.1013,-7.55046,-2.36351,11.9928,-0.206411,-7.50269,-7.87997,-8.02989,-0.452222,-0.201781,-5.45554,6.63076,-5.28026,-19.9368
29,647,-6.65808,8.88735,11.3202,-3.22936,-5.78096,-13.9026,-10.8115,23.3266,-5.31284,22.8576,5.65837,9.65410,-5.24819,18.2297,-0.714723,16.4001,6.95209,10.0642,2.68363,-15.2532,-8.52676,-7.81377,-4.19507,10.9900,-7.89789,-1.48878,1.00117,6.01708,-5.00181,14.3566,-4.70445,10.4743,32.9690,39.9057,-4.62609,8.41578,-5.14419,-10.7713,-5.69520,2.54804,-6.08123,1.62773,5.25535,8.93753,2.78720,6.74653,9.08762,-4.55388,-5.48468,7.94589,8.94708,-1.85327,-9.28576,-11.3418,-1.33322,6.63844,-0.0357295,5.14283,-6.54062,-21.8381
30,209,0.0134389,8.05132,16.0963,-0.277553,-11.4815,-12.2311,-12.9453,17.0436,-7.64418,25.8760,6.56237,17.5280,-0.708022,7.23660,-1.42080,6.88534,6.05795,-2.79089,-4.51991,-12.5908,-10.1901,-13.2748,-3.31484,10.0596,-13.4364,3.16306,1.53116,9.32070,-6.23860,10.7651,-5.40102,5.34520,32.0006,20.9476,-5.45728,2.72003,-4.10563,-9.22097,1.53066,5.76741,-5.74944,2.49616,9.99807,3.06422,-0.861045,9.60111,11.5132,-2.46674,-3.17315,9.65507,-1.44122,-2.30229,-7.66011,-9.36485,3.48669,-1.24446,-5.24322,5.40155,-3.48324,-20.6072
31,427,-3.51749,10.2770,12.9828,-2.23661,-8.07506,-18.6230,-11.3173,17.8230,-1.67626,9.25198,-1.10732,13.7640,-3.36035,1.73607,-1.05882,14.5588,2.75133,10.6512,-1.61651,-14.3286,-3.84022,-15.0771,-4.17260,5.37950,-3.53236,-4.25065,0.464095,3.20745,-3.22237,3.18949,-4.63885,7.78735,32.5766,27.1279,-2.69891,0.402520,-0.617128,-9.03160,-6.46763,5.28831,0.0515423,-3.67795,4.60833,8.38534,2.90792,6.61091,7.80314,-3.25721,-6.84092,0.0327301,7.63266,5.43814,-7.05737,-10.4002,2.16963,0.536874,-6.38880,4.68478,-6.16047,-13.6417
32,459,-2.95891,5.55733,16.4368,-3.03920,-10.4037,-15.5091,-12.8701,7.52074,-5.46577,14.0867,-1.23308,10.2715,0.571811,1.53166,-4.31744,9.44221,11.2337,3.53476,-6.36154,-6.08820,-11.0995,-8.15331,-1.11504,0.105912,-7.79877,0.693018,3.42037,10.3324,-3.97671,8.33294,-3.43021,-0.0934150,35.9482,13.5684,-6.45909,-1.95380,-4.57308,-7.87959,-10.1077,1.63417,-1.44208,-1.11681,5.61073,8.67033,-2.04915,8.63954,2.62444,-1.38964,-8.37419,0.562728,4.96902,-3.82591,-4.72767,-9.41238,-1.98439,2.28832,2.69052,11.5222,-1.42908,-17.5725
33,793,-4.75464,0.932008,13.9970,-1.73127,-6.88107,-26.1954,-11.6476,13.8981,-5.01246,12.3712,-1.32143,10.3074,-1.08986,1.25051,-6.66091,3.10588,9.28198,3.07621,-5.72240,-9.54173,-9.39271,-11.9442,-4.97867,-4.31267,-6.42072,-0.732573,5.45632,7.57876,-3.80395,2.50222,-4.44962,-4.83503,31.4844,14.4743,-5.47213,0.185228,-2.81317,-10.3791,-8.72324,-3.18460,-1.59533,2.27033,5.84248,4.64848,-6.05962,5.46945,2.59602,-2.73158,-11.0707,-0.0249020,11.0356,6.73529,-1.37137,-10.4330,-0.983576,-0.205192,0.799756,13.6989,-2.25386,-16.2431
34,539,-2.67246,6.02730,14.0599,-4.22182,-7.58325,-16.4994,-13.9922,17.3085,-1.08854,12.6357,-0.0851370,13.5015,-2.40458,1.72519,-0.475708,12.2729,4.63032,11.5024,-1.07958,-8.34114,-5.43950,-10.7107,-3.44640,7.94940,-5.87947,-3.01379,-0.564921,6.49130,-5.13367,1.20178,-5.42465,8.21782,32.8591,20.8741,-4.65236,-3.46121,-2.35095,-5.21019,-7.15559,5.57278,-0.837032,-2.06338,6.85320,4.21376,3.74100,7.67073,5.14583,0.358918,-4.51073,4.53029,7.17579,2.30024,-3.39840,-14.8415,-0.718791,-0.220054,-8.11028,6.62907,-3.87249,-14.1508
35,345,-6.50063,4.59116,12.8893,-0.516590,-7.32715,-15.7993,-11.8531,6.20862,-3.38153,17.9616,-3.22375,7.74593,1.37050,7.18834,-0.000383258,12.9998,10.3448,-0.803006,-4.46344,-7.74031,-7.31872,-14.0562,-4.31552,5.51101,-12.0078,-4.40035,3.41751,-1.75904,-2.72493,5.82409,-0.221146,2.46896,31.3499,20.2247,-6.66811,-7.37474,-3.83659,-10.3361,-4.96402,-0.966379,-3.41956,-0.576457,6.83569,11.1529,3.62566,8.24419,3.60677,-2.79195,-6.80334,5.35100,6.70920,-6.44427,-7.61232,-16.7875,0.383090,-0.357483,-4.62769,11.9527,1.08386,-8.77681
36,940,-3.56519,5.08277,6.29976,5.03986,-2.17874,-7.47963,-2.97119,14.1681,-4.14291,17.2949,6.61314,14.5294,-0.933710,8.21927,-2.18630,1.31504,3.08626,12.6047,1.56127,-9.28585,-4.04347,-5.60912,-0.278220,9.40809,-5.88766,3.48836,5.99525,4.98001,-6.44606,3.04313,-2.81938,13.5777,24.1575,30.6875,-0.242376,3.87389,-2.38007,-5.81118,-2.75963,13.7089,-0.707252,3.17823,3.11185,8.94280,2.44335,-5.40491,1.41245,0.228262,-8.79424,6.23632,1.55347,0.763938,-7.39762,-8.38634,5.77941,-7.34567,2.68286,5.79281,-7.71108,-17.7143
37,683,-3.13031,3.60760,7.79581,-0.413705,-2.44885,-8.51863,2.31328,3.63725,-1.94405,14.3510,5.86308,7.80730,-1.05718,8.96636,-2.22125,1.11446,1.71950,6.08118,1.68701,-7.04291,-3.69987,-5.99788,2.14080,4.70107,-2.42181,2.76483,10.2118,4.36316,-3.22023,0.983474,-2.67054,8.36530,25.7703,28.5429,0.627223,-1.04676,-1.49898,-8.70544,-4.03241,10.8365,-3.08869,-1.50476,0.719863,9.18591,4.18769,-1.24652,3.90105,-1.56373,-7.48167,-1.55478,1.43263,5.58809,-8.71170,-6.08536,0.0590600,-9.42530,3.55903,11.9555,-5.78214,-16.1855
38,953,-4.72703,-9.95533,6.22453,-9.05987,-7.57499,-17.5170,-7.37196,-0.627157,-10.0358,7.61437,2.92502,12.2339,-3.96967,-2.04388,-4.69616,1.26473,1.20423,2.03849,-2.39977,-12.5118,-6.66294,-12.3081,-1.80637,-1.01842,-10.1288,-5.47885,7.95218,-6.50856,-6.93095,2.50088,-8.18753,1.39989,18.6720,12.9240,-6.13959,-2.98496,-4.23223,-8.95095,-3.06528,-0.796418,-2.89933,0.786714,4.73733,9.73832,-1.25722,3.63360,4.26512,-5.22110,-2.84741,2.60685,-1.93900,0.510409,-12.5310,-14.0666,4.28009,3.70248,2.67064,11.6180,-1.97060,-12.5123
39,464,-4.39821,-5.74740,7.95427,-7.97042,-10.7032,-14.3769,-4.64452,4.95765,-9.06495,16.7605,1.92409,11.4645,-4.30667,5.53295,-6.32152,-3.09061,-0.276855,6.18857,0.645100,-8.70156,-5.26058,-10.7585,-4.86495,1.03038,-7.43056,-0.290177,6.59429,-2.47354,-6.11898,9.98350,-6.21018,5.54862,18.0854,26.9499,-3.43443,3.55871,-2.06492,-7.34841,-4.04839,4.54744,-2.20046,-3.38650,4.53687,11.9949,0.451113,-0.485195,3.04100,-3.85798,-8.31949,0.190237,0.486500,2.32209,-10.9646,-8.02179,2.77341,-4.68424,2.14095,13.2226,-2.07602,-11.8415
40,834,-4.72155,-5.75287,6.83817,-7.21247,-5.48815,-19.1964,-3.01553,-0.430750,-9.32545,4.64934,6.33596,18.4340,-2.36791,2.31703,-0.266061,1.67269,8.16729,-5.26265,-2.29951,-10.9107,-5.82908,-12.1427,-0.705591,2.12585,-10.2796,-0.872779,0.571546,-5.94148,-4.27491,-1.75150,-6.49759,-5.05526,16.3181,6.58539,-6.80319,-0.308045,-5.62774,-13.5786,-3.71590,-6.21544,-2.68485,6.88060,6.61638,5.82527,3.17652,3.83150,3.64768,1.82783,-4.40160,4.97627,-3.14814,-0.239735,-13.9051,-22.1271,4.20501,0.821166,0.806182,9.84852,-0.486341,-5.42887
41,561,-2.36620,-0.455204,8.04500,-2.79967,-5.70237,-8.82538,0.0157260,8.72047,-3.94866,20.0936,7.07186,14.2721,-3.18209,9.20184,-0.258403,3.53041,0.277935,9.36575,4.23570,-0.0729177,-1.37577,-4.04651,0.310172,6.45069,-2.90731,3.49156,8.04142,1.38637,-5.61029,3.36588,-3.20327,8.27496,22.1099,24.5407,-0.290776,4.91833,1.82321,-7.84077,-3.22492,11.8130,-2.95803,-4.66758,6.05069,13.5518,1.10859,-4.43627,-0.181203,-3.08052,-10.5668,-1.82655,0.654990,3.76209,-8.48516,-3.99098,3.36772,-9.89528,2.05942,11.7950,-2.88096,-13.0247
42,1782,-7.60036,0.00148509,5.02551,-8.27290,-9.06816,-11.1143,-3.65428,1.78890,-7.57103,12.5780,0.443267,8.14361,-7.54341,1.31798,-5.99551,-1.01797,0.981094,3.65013,-0.588435,-4.53414,-4.75489,-6.64639,-1.56935,2.72802,-6.43955,-0.0591791,4.46878,-0.944497,-5.38324,-1.51576,-5.37777,5.50237,21.9342,17.5041,-4.60626,-1.57896,-3.85336,-10.1785,-6.57709,0.548469,-5.40795,-2.17322,7.79409,9.13372,-1.07471,2.69080,1.27738,-6.21418,-7.09292,0.601253,4.76431,13.8319,-3.82941,-8.40789,1.60833,-5.73767,0.608835,8.09288,-7.52427,-12.3661
43,410,-5.02035,10.3116,6.08821,7.55925,-5.55743,-3.51752,-3.86221,23.1367,-3.37073,23.6341,10.5398,12.5824,-2.30173,8.60301,-4.67889,4.03703,1.89104,17.3665,-0.281873,-8.81999,-7.83663,-3.83404,-1.75796,12.6884,-6.95102,-0.431665,4.95485,7.36382,-5.62634,5.40526,-3.93575,16.9842,26.8291,36.0711,1.56316,10.1914,-4.45158,-5.81572,-6.21556,14.1175,-1.44480,3.76375,5.74091,8.86190,2.58076,-8.35762,3.11685,0.404494,-9.29128,8.22974,1.60929,4.89793,-8.27896,-1.80376,7.22553,-9.38054,1.83220,-0.714188,-9.93047,-20.0192
44,321,-7.76202,-7.05122,2.59810,-5.77219,-8.80032,-10.4666,-9.17359,2.25975,-11.4502,9.32654,0.461934,13.3788,-7.99396,-3.72722,-7.39352,6.47877,0.133961,5.85119,-2.55993,-4.26957,-8.18621,-5.97914,-2.35667,2.77591,-9.92067,0.207956,4.42575,-1.75479,-6.66487,0.968544,-8.33631,3.66699,20.0199,18.1156,-6.26817,-2.13716,-5.45015,-6.57340,-5.13918,2.96374,-6.19317,-3.30108,8.62179,7.45232,-2.74443,3.77706,-0.198624,-9.12599,-2.13639,4.66573,0.356467,10.8746,-9.01786,-7.86254,4.03871,-0.617638,2.91223,7.06403,-5.71937,-15.8902
45,826,-6.96385,-4.20504,1.99302,-7.45844,-6.97615,-9.95561,-7.00848,1.53149,-9.00513,12.1294,2.14352,11.2954,-7.67855,-2.04970,-6.43047,3.78468,3.21300,3.48914,-3.39563,-5.12694,-6.80010,-6.53622,-2.51617,1.99193,-9.67306,1.37994,5.50827,2.32981,-5.79516,0.679106,-6.90657,2.25995,21.6220,14.8776,-6.24717,-2.60936,-4.57393,-7.53897,-5.87128,0.667921,-9.11074,-4.62128,8.39276,7.04465,-0.157180,5.74845,-0.286594,-7.32855,-1.73399,1.15615,2.27799,13.1383,-5.39448,-8.31383,1.58478,-2.25379,0.960051,5.93454,-5.44801,-11.1725
46,243,-2.84995,0.503551,6.23447,-0.409881,-6.50195,-13.1277,-1.12382,2.17363,-8.39420,12.2606,2.61632,13.1313,-4.22633,8.65495,-5.68226,6.40745,8.74292,9.04423,-0.197438,-10.3045,-5.80511,-5.69496,-3.81402,8.21593,-10.0912,7.91237,5.81766,5.80327,-8.49519,7.32882,-5.32551,4.72505,16.8408,21.2921,-3.21107,2.39217,-3.07195,-4.67788,-2.27915,4.52568,1.36793,2.97120,2.18636,8.27083,0.0508943,2.85613,2.20797,1.63722,-4.28420,10.0101,-0.659033,0.140305,-11.6294,-14.6717,7.81508,-4.19183,2.55226,9.39103,-4.67716,-20.9389
47,345,-9.19786,-7.40846,9.22731,-14.2082,-3.72643,-20.5904,-10.5716,0.643255,-10.4011,15.5828,7.94858,23.9367,-3.27575,5.61504,2.03693,-1.30976,4.88896,-7.48624,-5.50641,-10.8263,-3.90381,-9.22897,1.16255,8.35250,-14.0493,7.46115,8.19409,0.311488,-2.13556,-4.92683,-3.86606,-4.97436,28.4906,9.88738,-7.68991,0.837909,-9.89269,-11.1213,-5.94842,-4.86921,-5.61985,3.51405,9.07332,4.66504,-1.15091,7.90125,4.07180,2.69843,0.625377,0.460655,2.49123,-1.17936,-14.8989,-20.8301,6.61959,0.814647,-3.52188,15.7485,-2.34623,-8.92389
48,709,-7.77251,-5.65474,8.69332,-11.8040,-5.89362,-18.9133,-7.98611,6.57797,-8.19115,7.74035,8.60778,16.3153,-4.96887,3.95371,-0.816953,-1.34657,5.19682,-3.20309,-4.58238,-15.6469,-4.80215,-13.6854,2.56928,2.09077,-11.4994,2.19708,2.92998,-2.94590,-4.78193,-4.19871,-7.56009,-5.12377,31.6784,12.8302,-8.50610,-2.73513,-8.27879,-16.0596,-7.86384,-4.67408,-5.25813,5.74092,7.40299,3.32914,-0.320410,6.50611,5.25511,0.0763222,-5.74140,0.424721,2.49399,-0.376942,-9.19262,-21.7172,6.44757,-0.889946,-2.19893,17.1190,-4.66222,-5.53808
49,467,-2.27911,-3.81565,5.39154,-3.60097,-5.73323,-14.5641,-4.85963,-0.0324534,-8.42847,4.16810,3.06540,12.1609,-4.85442,4.83974,-5.19549,7.67683,10.0879,5.04057,-3.03895,-9.96792,-5.32753,-10.5319,1.75142,10.2471,-8.78557,12.0227,5.71453,3.20138,-4.97665,-0.356860,-6.93332,0.238545,19.4455,14.8008,-3.47787,-4.19458,-1.52311,-12.7479,-1.29297,0.287288,-6.63005,6.42723,7.20204,3.13808,-3.68089,7.88191,4.64222,4.22528,-3.57873,3.37159,1.64153,0.0917164,-5.03207,-19.3192,4.40860,-8.47921,1.08122,12.0905,-6.80113,-9.71526
50,82,-2.16680,2.39103,7.79639,-10.0955,-7.33923,-8.25806,-6.16376,12.9459,-5.59437,20.1086,6.78287,12.2881,-5.22070,8.65463,-0.525892,4.86377,4.51841,11.7246,1.47566,-6.42976,-9.34019,-11.8687,-3.54507,16.1017,-4.56967,0.324831,5.63955,4.48607,-4.80939,6.80103,-5.69820,6.13888,19.3219,26.0858,-1.36620,4.53305,-4.15170,-14.3248,-4.98214,12.5853,1.01418,-1.02271,3.36282,3.13586,2.85119,3.74800,12.2579,9.98059,-4.70771,4.32694,7.69528,1.48752,-9.97603,-13.4755,0.0785638,-7.72971,-2.18361,4.40702,-11.2836,-17.4433
51,399,1.02959,11.1591,10.2487,-3.49862,-4.03112,-12.4026,-3.00965,22.5564,-4.92715,23.5202,9.03700,5.47871,-3.81831,2.90796,1.96919,12.3614,2.61590,15.0285,6.30272,-6.11845,-7.87611,-15.4945,-1.47620,10.4760,-4.24987,-6.67960,6.49506,0.282849,-6.21934,8.87534,-7.03999,0.775175,18.4311,20.7740,-3.62418,5.73941,-1.99321,-5.48674,-1.52403,8.40140,-2.51086,0.468111,3.15841,10.5360,4.22657,1.22750,6.25339,3.53643,-12.4320,5.70888,5.63739,-0.302756,-8.27290,-8.48227,7.14680,-6.32629,0.767900,4.94810,-8.20178,-19.7151
52,61,-6.85751,-6.30237,11.8628,-12.2387,-5.77024,-21.3899,-8.46775,14.5743,-5.23407,14.0048,8.14923,12.9587,-5.75138,8.69686,-2.70456,-1.98633,4.67768,2.36461,-1.90598,-18.5011,-6.14807,-15.2982,2.56757,1.73985,-8.50324,2.12098,-0.359298,-4.82553,-5.73066,0.255158,-6.70287,-6.18371,38.4913,11.7351,-7.58048,-0.975274,-4.48993,-18.0288,-6.86162,0.601280,-4.58827,6.18092,8.40316,6.98528,-1.88087,7.42185,5.77896,-2.32593,-6.93005,-0.140174,0.107260,-2.35253,-6.13945,-19.0224,5.66019,-7.06739,-1.16487,17.0589,-7.69032,-7.33981
53,268,5.84684,-4.14475,13.0333,0.833492,-1.39957,-13.6659,-1.59916,9.96991,-4.50144,5.55005,5.56114,2.37228,-3.32486,3.88350,7.17292,9.93829,10.0382,16.0644,4.23787,-11.0342,-0.00491747,-8.56241,3.78173,8.91407,-4.49390,9.63990,16.1352,3.01784,-4.58834,8.45404,-5.09401,9.27137,27.4198,13.3501,-0.735738,1.25612,-2.68218,-16.9284,-2.30102,3.71310,0.919033,1.15205,3.34957,-0.914073,-0.909919,5.41203,7.38423,2.67394,-6.33437,10.0384,-0.118769,-3.10692,-4.59077,-22.3670,4.75065,-0.906023,0.0453263,14.3702,-9.05209,-10.0657
54,37,5.75340,-4.17558,13.1588,6.71087,1.89190,-12.9633,-0.601543,8.50789,-7.89164,7.08856,5.35449,5.66360,-1.75724,6.53667,8.35015,9.86593,10.0424,15.9442,5.40395,-7.47416,0.807683,-6.39426,2.11736,10.9544,-3.83018,11.3394,15.1428,3.62867,-7.38581,10.3366,-5.72847,13.5017,27.4334,14.0455,-0.657966,2.19903,-2.85641,-11.4535,2.01584,6.35544,2.87652,0.341479,1.91294,2.42328,0.744827,6.13959,8.30284,4.03031,-8.59172,12.7276,-1.52226,-4.54643,-6.05545,-22.6133,7.08003,-5.20459,-1.16102,12.0787,-7.46565,-11.7321
55,125,-3.26327,6.69432,5.41119,-9.34917,-6.35688,-3.69304,-5.42563,19.8083,-6.26497,28.4774,9.97380,18.6751,-3.73616,16.4229,-0.904087,13.5588,5.88809,24.6608,2.75996,1.02096,-7.96212,-7.55884,-1.53020,21.6977,-5.55189,7.85566,8.62109,14.3700,-4.30715,10.4456,-4.77061,6.28961,21.9815,41.4731,-1.41839,11.6905,-2.63668,-10.2154,-4.67936,8.97400,-4.30376,2.91549,3.06095,8.58062,5.05514,4.25644,9.56491,8.29638,-8.97377,4.25095,9.16270,-4.12243,-10.0083,-8.35420,2.40012,-7.51659,-0.0588103,4.32662,-7.65615,-21.6073
56,320,-1.27597,4.69433,12.1248,-8.28919,-5.99278,-18.7090,-9.61091,19.2839,-6.85451,23.3036,7.47798,17.9558,-3.68020,5.28496,-1.49380,0.709267,4.95960,1.76525,-4.11897,-10.3775,-7.04909,-5.62841,0.459730,10.9796,-10.6595,1.03957,1.90773,0.970038,-5.73890,7.14332,-4.41958,-1.25570,32.3127,15.7300,-5.90537,6.13953,-4.64960,-8.23592,-2.87551,-1.50638,-7.41095,3.73108,8.32588,6.87907,1.06240,9.85583,8.96547,-0.832438,-4.06105,3.18779,0.0313901,0.241053,-9.05140,-16.9238,6.15224,0.536666,-3.20823,13.7239,-5.08750,-18.8927
57,1174,-3.76570,16.2210,9.67867,2.24883,-5.18231,-9.56062,-1.78195,33.7077,-2.27671,23.2688,8.39735,8.30517,-3.19978,6.69076,-1.81600,9.08772,3.99946,15.5119,1.80957,-11.3352,-5.39305,-10.7725,-0.644711,18.6722,-4.11328,-3.36900,9.41360,5.18384,-3.63858,5.00345,-3.35760,9.23120,26.2500,33.6191,0.639544,11.7224,-2.74293,-7.95578,-4.72977,12.8007,-4.46431,1.06910,6.77816,10.7732,0.142176,-4.31920,6.39475,-3.86754,-10.3519,3.46053,1.47292,0.532418,-5.26346,-5.05192,7.48132,-7.54849,-1.07879,8.30111,-8.71555,-16.1500
58,462,-1.39842,-0.156245,14.3433,-6.36288,-5.00989,-18.8265,-4.55965,17.8275,-4.97438,9.77307,7.79259,3.48494,-4.63340,3.58172,0.215724,1.33993,8.43094,7.33435,1.48200,-15.2283,-6.82939,-15.1751,1.45989,4.48175,-8.33432,-0.379737,5.64121,0.283281,-4.34176,2.79994,-6.09806,5.01460,34.7755,12.6747,-3.69390,0.944173,-5.64563,-20.2320,-5.99242,2.92213,-1.46655,-1.04462,3.29684,4.41624,-3.26675,10.4453,10.0006,3.29088,-5.22400,0.0902791,4.92491,-0.609437,-4.01558,-17.2416,-0.455848,-4.38076,0.0168196,16.7076,-9.42126,-14.5960
59,3,2.48525,-2.86805,14.9532,-12.3777,-4.81718,-15.3932,-5.30018,8.29911,-7.36638,7.60252,0.611300,-6.23978,-10.8734,-6.25942,-0.127025,-4.69525,4.72914,7.78279,4.57724,-26.8578,-5.63811,-18.6831,-4.36222,17.4850,0.00864688,-1.09029,4.58060,-6.34703,-3.63282,0.923716,-5.93576,7.20138,24.4584,6.86581,-4.13414,4.27148,-6.91806,-20.2824,-6.70702,13.4202,3.01863,-5.81638,1.71323,-4.04859,-1.70562,13.4425,16.5975,7.82207,-5.45674,-1.07878,2.04161,2.22746,-6.02361,-17.9179,-2.41311,-1.81141,1.00597,10.8363,-12.4352,-17.0755
60,222,3.44879,-1.12790,10.0261,-6.27645,-7.25355,-20.3208,-8.00786,14.7946,-4.82681,12.8896,5.09591,7.39870,-2.79710,2.76094,3.89433,1.17007,0.880165,6.52630,-0.296041,-15.3596,-7.38695,-15.8759,-3.65940,6.44263,-4.96647,0.612405,10.4705,-6.71185,-8.14713,2.46327,-7.51733,2.31189,22.6927,15.3388,-1.72108,3.32382,-4.17388,-15.8812,-5.15870,15.3007,0.468777,-2.32636,5.41484,5.86464,3.36499,-0.0862809,9.02454,3.46371,-6.18382,6.99363,4.27069,4.44940,-9.97493,-14.0753,2.24376,-5.94803,-0.116152,5.05938,-10.6520,-18.6956
61,206,-1.52263,7.36053,12.5227,-5.78707,-6.07589,-9.55295,-9.49864,18.3837,-10.1752,18.7076,3.57270,6.65408,-8.87376,6.84232,-3.68186,6.88903,5.25766,11.4428,1.14142,-15.6867,-11.5158,-13.5554,-3.19451,17.3076,-7.74171,1.79598,5.53749,3.82981,-7.50868,7.72857,-5.01542,10.8934,28.1676,31.0459,-6.21940,10.9632,-7.81910,-13.8362,-7.44971,4.20780,-4.80018,-0.582683,3.81511,3.66255,2.84246,10.4765,12.5225,5.27826,-6.40444,5.81381,5.95743,-0.538951,-4.79150,-15.0228,-0.724389,-0.0778232,0.871159,9.67438,-10.4797,-22.8911
62,192,-4.60793,11.2683,16.4873,-2.59337,-6.89913,-17.2174,-8.56230,24.0793,-9.16197,15.4897,6.12718,5.26316,-1.43431,5.07731,-2.68793,3.66717,3.44633,7.36295,-1.96102,-14.2053,-10.3963,-12.5808,-1.96910,11.5302,-11.1700,-2.10678,-0.159625,2.90764,-4.91850,13.7613,-4.26345,4.34891,31.2314,20.9058,-8.78037,11.2130,-6.35660,-12.9928,-4.27368,5.31625,-6.64740,-0.183573,7.71099,6.73662,2.67940,12.9576,14.0117,-0.157271,-3.67429,6.34189,1.57333,-2.64254,-3.14830,-10.8495,-1.30780,-1.34596,-3.38862,8.04560,-9.98032,-24.2190
63,508,-6.28372,-2.65865,7.17247,-0.250135,-0.525142,-10.1011,3.56048,2.59764,-9.53045,3.39950,6.92567,9.86014,1.40117,-0.782039,7.39749,1.79178,15.1270,-6.45627,-4.01528,-17.0836,-11.8111,3.86784,2.88870,5.32883,-2.09151,-3.59334,8.09070,6.25731,-2.09098,4.82508,0.0665623,-5.72250,22.2193,6.35849,1.33096,-17.1137,-1.57254,-9.30073,2.67016,7.42313,-3.96267,-0.660638,0.535415,-3.22027,-1.04787,3.82419,4.20362,7.03987,-1.26675,7.80970,8.22603,0.852617,-5.84746,-12.0702,7.57015,-10.8476,-5.75544,4.39286,-2.30631,-4.54372
64,133,-2.43329,2.02542,9.55448,6.97701,0.641879,4.31392,1.93943,8.10412,-8.33844,12.1115,4.62254,13.3794,4.45297,4.91245,0.181391,7.35881,19.2070,4.63078,-0.296728,-3.92566,-10.9528,-0.0586568,-0.824884,8.62179,-2.33170,-3.12734,6.39021,16.0060,4.09307,8.88983,2.41528,5.27482,19.9129,10.4546,-2.79989,0.371653,-10.2143,-10.7071,2.77564,4.77756,-9.33256,-3.81476,1.96683,-0.620692,1.13379,-0.610649,5.98154,-3.29018,1.31259,6.33568,4.38598,1.15814,-3.37959,-8.46993,3.05499,-8.37062,2.96181,11.8087,-13.3161,1.09674
65,257,-6.26416,-1.88481,12.0105,-0.222348,-2.27898,-2.70763,-0.201228,2.54996,-8.60340,6.16118,14.5375,9.87591,8.02848,1.90442,0.459772,2.30739,17.8691,-1.86950,-6.47104,-13.8779,-22.3751,-0.374311,-4.40873,3.76946,-6.11039,-7.98300,6.13988,6.26259,0.233897,0.911752,3.07639,-6.60687,24.9540,6.20771,2.75858,-11.0843,-9.64664,-8.70645,7.21945,2.29720,-11.8817,-1.00348,0.961620,-6.03371,-2.02684,-0.576311,5.83495,9.69826,2.93859,4.84883,6.14757,5.15739,-1.74680,-10.0590,3.75820,-6.67912,-1.27164,5.59496,-7.17555,-3.24506
66,302,-0.443753,7.32151,9.97783,7.93301,4.57377,-7.15076,2.90577,3.55626,-11.8598,12.3873,4.22200,13.2395,3.48096,4.89749,1.61896,7.65323,18.8368,6.22527,2.92770,-7.10976,-5.07270,-2.51509,4.96829,6.56613,-0.913684,-2.24647,2.76500,6.03297,2.63668,3.70156,-5.26310,-1.00053,26.7378,6.83854,1.48599,-12.7582,-3.00305,-10.0937,7.14698,0.204866,-9.94741,-3.48380,6.29276,-0.455692,-1.32351,3.77508,4.49635,-0.220352,4.19173,2.51507,5.56739,-1.92855,-7.02169,-7.86232,2.50277,-8.34417,0.958913,13.2890,-11.0257,2.51082
67,535,-0.543109,6.97602,7.85525,8.02206,4.03988,-6.34032,-0.0524134,2.23533,-10.8930,12.8166,1.71301,6.13150,-0.710747,3.86009,2.84959,7.69358,17.2594,0.750301,3.58567,-6.40113,-6.15110,-8.21560,9.39391,6.86528,-2.47455,-4.47190,4.31776,4.44405,3.13306,3.22178,-7.00682,-1.79813,29.1443,1.86877,0.633459,-14.4739,-5.17174,-11.0481,4.72103,-3.36606,-10.4151,-1.80061,5.90803,3.35969,1.09182,-0.833198,2.76625,2.18536,4.20548,5.02910,2.22591,-5.39800,-8.28692,-7.47684,2.10652,-3.79443,3.16049,11.1400,-10.1590,0.954979
68,79,-8.71771,-2.89133,5.50740,3.65396,-5.36147,2.50068,-2.94362,5.04315,-4.14920,4.67740,9.08825,10.9766,5.23704,0.920724,0.0751719,-0.0862422,16.5142,2.07228,-1.70756,-10.3805,-14.6576,-2.85929,-6.27095,-1.25806,-12.0630,-15.1024,4.58133,6.51186,4.93434,3.49597,9.32945,0.936528,17.9216,7.12331,2.89064,2.41985,-14.1555,-13.4717,-3.67388,7.10770,-12.1920,1.56611,4.60785,-2.95177,0.486569,-4.54249,4.67276,6.36697,2.75217,5.22006,5.81243,-3.15874,0.164503,-6.46611,1.19699,-6.61064,3.89238,2.87881,-12.2930,0.590092
69,5,-6.91067,-0.527513,9.66610,6.07423,-3.72993,4.26451,1.84248,7.74466,-1.90736,8.26505,14.9572,14.6619,6.40779,5.63834,1.84609,2.42444,18.9504,7.47798,1.40542,-7.34281,-12.2304,-1.43681,-3.05850,3.73221,-8.58821,-10.2884,7.62161,10.5647,5.86755,5.87628,11.8468,2.86198,17.8525,10.5214,6.56884,3.74515,-14.6746,-11.2993,-2.54841,9.11325,-9.43958,2.82127,1.33993,-0.478870,1.27058,-10.1061,3.64273,10.2722,2.43143,2.22416,9.67371,-3.55556,-1.05561,-7.01196,0.477850,-7.24312,4.58162,3.57158,-15.1997,0.393109
70,147,-7.38992,-2.02390,13.7008,0.0314884,-1.16336,-2.64133,0.104114,0.258464,-12.0417,6.30390,13.3512,12.9197,7.22588,3.62287,-0.0430771,0.827368,19.0624,-1.46820,-4.38111,-12.0644,-18.7444,-7.37777,-8.56419,1.41367,-5.36818,-9.64054,5.00171,5.55823,-0.462061,4.63902,1.76997,-5.42107,22.7858,4.52665,-2.87399,-5.89248,-12.5362,-10.7647,5.87032,1.77855,-11.7548,0.631037,1.66098,-4.33454,0.357764,-6.92134,5.95197,0.756968,2.95488,4.04766,4.81942,1.98416,-4.70104,-6.33607,3.90903,-6.56718,1.17996,10.8857,-10.0005,4.07503
71,202,-6.14013,-5.43248,7.07388,-0.509306,-5.08024,-5.72323,-6.26912,1.27494,-11.3717,0.230113,6.37775,8.08942,5.49255,-3.96851,1.71940,-8.16318,16.0407,-6.13530,-4.54652,-12.5844,-22.0874,-1.39819,-4.71942,0.787647,-5.76776,-12.2836,6.38956,4.94974,-0.953181,2.81392,-2.42661,-5.43576,26.3509,6.77112,0.860039,-11.4715,-4.16861,-10.4701,6.75207,9.07833,-12.4425,-1.96569,3.25076,-5.54946,-2.52065,-2.94414,5.19474,11.9779,2.45686,4.71868,6.06122,2.71190,-2.17046,-8.35855,7.77984,-8.84084,-1.18513,5.70446,-6.46746,-6.53256
72,201,-2.91445,3.11259,7.41843,5.45543,-0.737211,-5.69477,-0.0506950,1.32086,-14.2691,5.74116,2.73077,6.93473,1.18848,0.526809,7.03560,0.628745,11.2822,1.57914,-0.422714,-2.91333,-13.6992,6.88578,0.929139,8.21168,-1.83574,-2.03056,14.2161,9.38260,-0.0614410,8.15304,1.96004,-0.929894,22.4349,9.66426,1.17461,-10.4688,-0.970249,-5.29689,3.37225,8.87843,-7.17739,2.10464,-0.0412183,-7.34007,-1.71616,2.90817,6.73093,9.48051,1.64883,0.267542,5.76312,-1.67400,-2.87106,-12.0567,6.94079,-6.17292,-2.44190,7.23083,-7.97276,-3.62643
73,100,3.25929,-1.55775,10.1486,-1.05553,-0.750254,-8.89467,2.19355,0.0264417,-10.9057,-2.07093,3.71235,7.50317,2.10230,-2.06024,12.5242,3.48397,15.8887,-1.49611,6.38156,-6.63247,-11.3889,-0.390092,3.62935,8.49266,1.81675,-3.31174,12.6046,8.36555,-1.69327,7.23281,3.95659,-3.63554,21.8833,3.38083,2.74765,-8.79456,-3.54479,-10.7657,4.72272,6.78535,-5.64698,2.37931,-2.45873,-6.97323,0.113380,0.667075,7.36977,8.71994,-1.83935,1.97087,3.68963,4.55111,-0.188641,-22.1373,5.59077,-5.97424,-6.27766,8.55891,-3.22681,1.45223
74,66,-10.4530,-8.16874,3.14735,2.20593,-6.49626,0.398104,-8.63364,3.12529,-5.32757,5.53182,9.01908,11.2907,6.14172,-5.38673,-6.08008,-1.31858,8.10436,-7.23215,-9.99043,-18.8903,-32.0093,-5.21667,-15.1910,-3.82707,-15.3919,-8.82047,-9.62955,0.509286,5.16646,2.89076,5.67598,0.480626,24.4942,9.01684,5.50562,-1.53823,-10.8045,-8.81986,-3.44229,4.33187,-12.7891,4.74847,1.02211,-7.15170,-1.80261,0.448559,8.06097,11.0951,2.49643,6.06288,4.96187,1.62437,1.51135,-8.89151,4.59666,-4.77967,1.84394,-7.02346,-8.13216,-0.464948
75,145,-4.06025,-3.41342,3.09189,1.22525,-1.84995,-8.89475,3.89442,2.16324,-9.95784,1.48520,6.10225,6.48799,1.67189,-1.77475,9.88743,3.21215,12.0889,-2.94556,-0.972552,-9.84711,-15.5317,4.32793,-0.145883,7.23347,-2.47504,-2.72546,6.58215,5.62210,-3.13823,4.84845,2.52990,-3.36305,19.6153,3.44171,2.79855,-10.7615,-1.55503,-9.06669,-1.20822,5.95569,-3.82401,1.83063,-0.402820,-7.52625,0.154368,2.40761,8.42400,10.6467,-2.40604,1.21324,7.04085,0.425580,-0.651441,-14.4899,6.72433,-11.2394,-11.1105,6.76421,-3.19821,4.01190
76,439,-3.27940,11.7113,12.4024,13.7772,4.08050,2.56659,3.61737,7.33047,-11.3181,13.7632,2.23795,15.2760,3.86609,9.68278,2.41738,13.6591,20.8608,11.1966,6.81030,-2.90533,-7.81704,-1.19045,4.93624,11.8627,-1.58458,3.79723,6.89527,15.0151,4.20398,11.8663,-1.96562,4.39848,27.4844,11.1649,-0.294268,-12.7306,-9.00900,-8.00140,7.28697,1.50297,-7.84292,-7.98822,5.44254,-0.338426,-3.60814,-0.514337,4.11377,-4.50880,2.80453,4.71023,4.25405,-4.62873,-6.55477,-6.43174,2.94803,-5.06228,3.08654,15.3561,-12.6929,7.90321
77,429,-3.06966,5.77748,8.55774,9.54788,2.32418,0.0528350,-2.96252,6.53913,-8.53405,13.7562,2.66125,13.4987,-1.45826,7.04235,-0.260299,7.93638,15.7843,1.17770,-1.05707,-2.48382,-10.8622,-7.53345,4.43710,9.35133,-5.84459,-1.77448,4.02968,5.70982,3.58997,6.36183,-6.51433,-3.39525,28.1636,4.83562,-0.221229,-6.02505,-7.20636,-8.84381,6.46350,0.535534,-12.9473,-6.21924,5.95065,3.82939,-1.06154,2.07272,2.79403,4.95682,3.99383,3.83322,1.44468,-6.18867,-7.04918,-8.12108,5.00738,-4.41840,5.48352,9.21130,-9.24201,0.508444
78,86,-12.0463,-7.14382,5.48046,0.239824,0.445273,-2.66174,-7.10546,1.47993,-7.70663,0.0782266,-0.873249,4.65262,5.26414,-5.42809,-6.68550,1.47185,11.2356,0.00383073,-0.133438,-8.12271,-30.7886,-6.50464,-3.48347,5.59336,-14.3968,-11.7033,3.28940,5.69831,3.57358,-3.65096,0.428661,1.46383,15.5151,4.60449,-1.83426,-8.39694,-10.5327,-12.2719,-4.51033,7.70194,-18.3503,-2.41816,2.41609,-1.95518,-5.95286,-6.21365,5.59709,4.96491,7.81617,7.64624,6.05563,-9.93173,-3.05634,1.51581,-1.62889,-10.0967,6.09896,7.39445,-2.89495,1.39204
79,98,-12.3154,-5.88857,4.89105,2.33595,-3.62755,-0.433916,-9.03874,3.55534,-10.3821,0.473670,-3.31664,8.98124,2.41683,-1.56525,-2.13694,4.56840,14.7474,3.19698,-2.03832,-8.93297,-24.3688,-0.774748,-0.624888,8.14448,-12.7536,-11.4686,6.79235,9.78016,1.04188,1.48079,-0.225266,-1.10253,14.7353,5.21042,-3.30783,-12.3732,-14.8605,-14.5408,-3.35196,7.46067,-16.7817,-2.55772,2.91154,-4.49399,-9.22901,-9.76593,3.32624,-0.592686,7.55845,5.84942,6.00236,-3.08757,-4.40723,1.90893,-0.884938,-8.68615,5.61543,9.18488,1.32930,4.78013
80,121,-10.0875,6.36917,15.4238,12.5572,0.449400,4.48866,2.18390,5.82247,-12.8518,8.36954,1.46220,16.8422,6.30392,10.4834,2.79483,10.6916,21.1389,11.9500,2.83130,-3.43206,-17.8265,-4.49025,2.26858,13.1370,-7.88402,0.133898,8.43428,17.7711,5.06913,10.3235,0.449201,0.926267,25.4552,12.9775,0.491715,-12.2712,-14.7521,-14.8336,6.92175,7.51083,-9.94506,-3.79341,4.90225,-1.64955,-6.18993,-8.16681,3.82918,-0.550895,4.34817,4.74648,3.87870,0.497464,-4.79855,-1.54702,2.64126,-6.49182,4.12270,8.68225,-10.2068,0.762472
81,244,-8.04340,4.21296,6.54850,5.95648,0.372276,-1.05706,-8.35394,6.95228,-10.1458,7.30303,-0.0163419,11.5275,4.04359,3.56428,-5.50933,7.37861,14.5390,0.372123,-1.42392,-4.54506,-30.1248,-6.67714,-8.40536,9.32212,-11.3025,-1.42522,2.38727,12.5883,4.25865,3.83021,0.501110,0.654407,25.9230,5.96909,0.148645,-4.64586,-12.6481,-13.0643,0.939362,10.3865,-9.58960,-1.59867,5.17142,-1.26109,-4.36672,-8.92927,5.28419,3.17489,6.34869,6.58208,2.19206,-7.01614,-8.40325,0.536185,-0.0860257,-10.8102,2.56071,9.28963,-6.41346,-0.354027
82,66,-4.42935,-2.29047,6.68850,2.13270,3.35927,-0.236129,-4.45730,3.93020,-2.35538,3.25712,4.75302,6.69427,7.60857,-3.66564,-4.66683,5.15505,13.6443,1.54366,1.47820,-6.69227,-31.3131,-3.18936,-3.11023,7.02789,-10.9413,-6.82347,6.04983,9.45526,6.31449,-1.64942,5.71179,2.12095,17.8067,5.79522,3.34711,-3.33756,-7.91446,-10.7987,-5.24398,7.93320,-13.8971,-0.496207,4.23464,-1.39837,-3.32922,-1.87243,6.27190,3.44045,8.21894,10.2811,5.69869,-6.39781,-6.38053,-2.94218,-2.92865,-12.1713,4.41132,6.31253,-5.18519,-2.68899
83,284,-8.25952,5.15626,11.0934,9.08436,2.05184,-0.730946,-0.924180,5.76787,-10.8669,9.66497,0.957601,13.4395,2.94329,6.74900,-2.74416,10.3948,16.7989,3.37210,2.77598,-7.49209,-13.8932,-14.5568,-0.510370,7.73413,-4.60055,1.82009,3.47321,10.0581,3.55184,8.26834,-6.14147,0.243369,27.3706,6.56338,-3.12602,-16.2029,-12.6617,-11.7513,5.39699,6.52600,-7.65280,-3.27391,7.10936,-2.81436,-7.77320,-7.53148,3.06786,2.91423,7.93279,4.57077,0.468016,-4.10134,-8.63508,-6.32974,1.39711,-6.97095,4.27081,12.1889,-8.72436,4.82191
84,113,-10.7239,6.19516,13.0397,10.1633,-0.923073,1.68876,1.89825,8.27527,-15.1401,8.57690,-0.438410,18.6434,5.71799,9.89005,0.717819,9.48050,18.3543,8.89357,0.373797,-3.86121,-20.6204,-7.57146,-1.83743,12.7466,-11.1110,1.13612,5.88658,16.5048,3.72880,10.7329,-1.14130,0.930578,26.7448,11.2907,-1.23013,-14.4649,-15.8197,-14.8651,6.38143,9.59784,-8.11290,-4.35496,5.55863,-1.43289,-7.96514,-11.1576,4.35854,1.89913,4.85037,3.14458,4.19785,-1.07282,-8.58560,2.61601,1.18415,-6.60176,4.39293,8.14367,-8.52533,-0.781236
85,422,-1.72595,11.5411,11.9086,-2.03723,-1.59136,-15.0894,-12.6491,20.4268,-1.39650,16.7424,5.42090,11.0666,-3.15546,15.4336,2.26671,17.2404,3.33615,13.8696,2.28894,-9.68803,-4.47732,-9.82051,-3.67902,5.56204,-5.31840,-3.33563,0.373491,8.74678,-2.65731,8.28073,-5.60357,7.43286,35.6955,33.7222,-0.882401,10.8843,-2.60446,-7.63968,-5.90476,4.90200,-2.84726,1.49478,6.74005,13.7142,3.91941,3.67531,10.2937,-6.77492,-5.11749,5.03440,10.6246,-3.08634,-8.23366,-6.53539,-3.74903,5.52485,-4.98956,2.16183,-7.20111,-20.1107
86,19,-2.44595,10.0659,9.09270,-2.03702,-1.70388,-13.9737,-12.7341,18.8449,-3.64409,15.8949,0.553412,10.5211,-5.32567,17.6572,4.05086,10.0923,-0.0895205,9.04256,-1.03528,-6.97966,-5.97179,-12.2819,-3.07807,4.41378,-7.30557,-3.23371,-1.65237,8.80690,-2.43767,8.43982,-6.09161,7.77228,34.4034,32.3088,0.202639,12.5896,-1.91841,-7.46000,-0.386785,5.67595,-3.33429,1.09564,7.80942,14.8849,4.56488,3.47329,8.34106,-7.03618,-3.82406,8.30444,13.3364,1.98862,-7.49008,-5.47849,-4.99335,0.771186,-7.67338,-1.52225,-7.76132,-22.1571
87,84,2.22941,9.87335,17.6474,10.6579,-0.709301,-15.4952,-2.66993,13.2272,-1.41028,17.6640,8.51589,9.88991,-5.36013,6.20714,1.49674,7.90892,3.32035,16.3236,4.68381,-1.85148,-3.36050,-4.18604,-0.988046,7.65079,-1.97731,-2.50178,3.92415,2.83683,-4.18598,7.58446,-3.54927,3.77349,25.9427,26.3783,1.32637,9.84050,1.68904,-8.13406,1.36840,3.52703,-6.67181,5.21870,1.75625,13.7938,11.8351,-1.38532,6.86957,1.93693,-9.04861,-1.11205,9.45782,10.1823,-0.303615,-1.21830,-0.0711461,-3.59589,-3.56762,1.99381,-9.87893,-29.3410
88,427,-1.60256,11.3765,10.2723,5.45283,-0.682511,-14.2683,-2.50696,21.0637,-3.11757,19.1188,3.93525,8.92498,-4.97576,6.12977,-0.927313,12.0949,4.50994,12.0185,2.88921,-2.24190,-6.17629,-6.81682,-1.63787,13.9390,-2.55812,-1.84759,3.42612,6.21985,-4.33333,8.87908,-4.71796,1.45621,21.1170,26.6160,0.468973,8.83132,-0.594954,-8.00904,-2.49001,8.76486,-5.28289,0.184766,2.12952,11.1543,4.89590,-1.00272,9.56700,0.413293,-11.9461,2.35798,7.14823,2.73959,-4.21082,-6.73670,5.24706,-4.42928,0.334294,8.70971,-9.17887,-22.1558
89,77,2.49883,8.86041,16.7036,10.1470,-1.10670,-19.1213,-3.46282,19.1450,-1.49912,17.2383,5.33109,9.28322,-4.57332,2.66257,0.304174,13.4287,4.11357,14.4436,3.89550,-1.92494,-3.80483,-8.43069,-1.19446,12.0340,0.263250,-1.13298,3.02168,1.45702,-4.75313,10.5693,-3.19938,2.48149,23.7304,23.8095,1.64203,7.43739,1.54531,-9.71544,1.64489,4.21126,-6.70249,5.44508,2.86378,13.3697,9.18971,-5.02585,7.74473,1.22095,-10.1830,1.47204,10.3135,7.67502,-3.38418,-3.15281,1.55436,-4.42831,-1.60270,6.13336,-9.97744,-26.9205
90,51,6.62511,16.6197,17.9178,16.0612,1.52772,-16.4224,-1.04491,19.6128,3.22747,17.9328,8.26355,16.6660,1.38006,7.76330,2.65981,14.5229,11.5983,15.6792,11.1170,2.28505,-2.16997,-0.324489,0.794640,5.93444,0.251574,-1.00513,6.30485,5.32085,-1.77313,3.20961,-5.60271,7.74930,23.3933,23.8346,2.08374,10.6071,0.741527,-11.5510,-4.04602,4.79103,-7.40798,3.23339,5.60765,8.43798,5.95723,-0.774415,8.11138,1.54746,-7.89375,0.937105,11.8208,7.29296,-0.438786,0.633554,3.43948,-1.99688,-2.05248,4.93869,-11.2013,-29.0409
91,47,1.75555,10.8473,16.1193,12.3046,0.0460017,-17.2214,-3.10631,12.8114,1.24931,14.5687,5.82617,9.39566,-3.45527,3.40215,0.384468,9.66956,6.64127,13.9454,5.71412,0.922504,-4.55229,-0.942348,-0.936163,6.85231,-0.0870077,-1.76026,1.63941,2.43870,-4.17087,6.16350,-5.82365,2.86072,20.8863,19.9814,-0.511540,9.21113,0.324013,-9.14480,1.73915,2.27501,-6.74287,6.65182,4.75249,10.8428,8.23346,-1.59287,5.90703,4.39755,-8.88830,0.729163,11.4029,12.0909,0.554291,-1.09936,2.86514,-5.88619,-3.65773,-0.0477989,-11.9764,-28.3610
92,84,1.56059,16.9925,12.9711,14.6927,-0.648247,-12.7552,-1.08305,14.9831,6.55103,17.4436,5.49625,11.5803,-1.14270,9.01884,0.825601,12.7750,15.6453,13.9283,9.46294,2.93954,-3.82047,4.12793,4.44234,7.40342,0.995563,1.50830,5.65927,8.92780,0.0186749,4.22762,-6.08423,4.85477,15.7352,19.9218,1.83021,10.0709,1.89566,-16.1048,-11.1556,2.73910,-7.46497,2.19114,4.92346,5.03792,1.56996,-3.95972,6.69680,5.53654,-6.84056,4.27331,13.6334,9.31427,2.30141,4.55538,7.08135,-7.36821,1.38675,5.40396,-15.3855,-27.7237
93,49,8.96936,14.5063,21.1555,17.9972,5.17196,-7.98785,1.70325,17.0860,6.94999,15.2971,9.79887,14.0002,4.35188,1.56666,3.61122,13.8902,13.1662,18.1485,15.8200,2.49803,3.88444,6.41406,7.77235,10.1982,4.53823,7.02858,15.3708,1.11337,0.877725,4.16510,-2.75338,0.870021,21.8574,22.1213,5.56369,2.19900,4.29113,-4.30160,-2.92219,4.26312,0.694785,2.09715,1.31328,4.66286,6.85549,2.76611,8.92464,-0.131443,-11.1575,-0.906335,11.5202,14.3740,2.00598,4.65942,3.83516,-7.36139,-5.69691,2.25831,-12.5370,-26.6818
94,67,10.2740,17.0550,22.1669,19.7133,7.11081,-6.79055,3.26253,17.8109,9.59457,17.2200,11.2544,14.7690,5.30891,3.35302,5.37665,14.7116,13.9733,18.1697,16.4138,2.44959,5.11266,9.39142,9.80244,11.2994,6.13131,8.78625,16.4672,0.222499,2.14416,5.52489,-1.66000,1.30714,19.7074,22.4598,6.02706,3.59893,5.49107,-4.71557,-2.82475,6.41471,1.18629,3.24796,1.03394,2.94557,7.46781,4.01095,8.65094,2.44729,-11.1668,-0.429762,11.3667,14.7691,4.92692,4.27566,5.20144,-10.9186,-5.73069,0.930809,-14.3310,-27.6937
95,177,-5.44788,11.4811,8.75490,7.59683,-2.08327,-23.8957,-5.29514,22.4404,0.342089,21.6004,1.78123,15.6699,-3.20145,12.0181,-3.06037,9.58031,8.08905,0.713736,-0.834268,-7.66438,-11.6601,-8.19479,-1.35834,9.40371,-3.80420,-6.85375,-0.900533,9.18445,-5.85274,4.52680,-5.84369,1.23947,17.5974,25.1236,0.389449,10.1816,-0.882112,-12.9345,-9.79589,8.80437,-7.11488,1.50125,3.27356,10.5113,1.09505,-0.920674,10.7664,1.06590,-13.9340,-1.59190,9.25960,5.88855,0.963885,0.397952,6.96359,-4.43480,1.80011,1.01839,-10.0353,-22.2403
96,160,0.996516,7.51783,16.8409,10.9655,-2.03697,-9.92597,-5.70166,17.5226,-2.17161,12.1731,4.07624,12.9675,-0.220312,1.52701,-2.72546,13.8582,10.2983,22.5615,11.0255,2.63780,-1.08220,-1.26727,1.20511,7.54691,-1.79503,2.28941,9.98217,9.55388,-3.01869,-0.146145,-6.55959,5.36643,34.9271,27.4764,3.03910,3.27900,-0.122666,-3.50234,-7.40791,0.0525740,-2.43950,-1.33565,4.22169,13.1281,3.16803,1.06138,8.73574,-7.82954,-11.2965,-2.23359,12.0806,2.00417,-9.00275,4.38813,-0.996243,7.51407,-2.72922,5.24835,-6.44754,-21.9981
97,21,6.07774,13.5583,19.0653,14.6582,1.02264,-19.3408,-1.94681,19.6082,-0.131801,18.0999,8.66661,16.1296,-0.626553,5.82788,2.30550,12.6049,4.92861,14.6280,6.33883,-0.397151,-3.49922,-6.16714,-3.69970,5.67566,-1.34336,-3.70229,3.97148,1.13468,-4.91072,3.18778,-4.62323,6.23496,26.4935,25.5630,0.0974680,10.8553,-0.713084,-9.66352,3.91359,3.86276,-7.26777,5.70060,5.89578,14.0626,9.59438,-0.490539,7.34533,-0.277771,-8.91315,0.839903,10.8467,6.68315,-1.84631,-2.83429,0.213025,-1.60863,-4.70498,2.59756,-8.75776,-28.5354
98,20,7.93556,15.6271,19.5411,15.6574,1.15292,-20.3000,-1.47717,22.9737,-0.598213,18.7428,9.28370,19.5119,1.30904,7.62470,2.45286,14.3280,6.62027,14.3808,8.82754,-0.670956,-3.10027,-7.20052,-4.45374,4.39537,-2.37356,-4.35511,5.35364,1.38059,-4.82621,0.456340,-5.32296,7.81488,27.4509,26.9628,1.12847,11.1918,-1.70097,-11.3684,0.379573,4.43930,-8.21160,3.39471,6.07332,13.8087,8.63295,1.03526,9.40309,-2.62658,-8.75707,0.0977596,10.2943,4.53328,-2.21224,-2.26473,0.254278,1.16441,-4.24534,4.27492,-7.42713,-27.8570
99,338,-2.93844,7.75860,8.46269,-3.29903,-5.15003,-13.6775,-5.71375,21.7122,-4.57422,20.4705,6.38127,8.44185,-5.86556,14.5662,-0.172878,10.7080,5.43603,19.4803,2.75981,-6.95063,-5.24522,-7.04405,-4.14673,10.5097,-5.02448,-3.39314,3.06213,5.42556,-3.53256,7.09226,-5.22367,3.29729,25.7307,31.4075,-0.512435,9.61340,-0.369084,-10.3393,-7.00782,5.16436,-5.92948,3.16310,1.82512,12.1207,7.66267,4.90353,10.4545,-0.864326,-7.84738,4.01201,8.89526,0.420638,-6.72719,-5.69531,-0.569297,-1.05052,-1.02194,4.08563,-7.88457,-26.2598
100,32,1.88793,15.7982,13.6289,13.3635,0.502209,-16.0586,-2.13721,13.2077,4.97056,14.4591,5.05732,10.2845,-1.51231,8.19823,0.336392,11.5126,14.7480,12.4946,11.1188,2.82101,-4.36050,6.06409,2.84193,6.14090,0.653459,0.367740,2.18287,6.04086,-1.36947,5.34189,-8.03967,4.57582,14.1323,16.8649,1.44677,10.6863,0.687622,-14.0733,-10.2753,4.29716,-8.88948,3.57769,4.31650,3.82702,3.71844,0.436575,8.27924,8.23295,-7.59337,0.377516,11.3992,12.6803,4.76382,2.14330,8.11975,-7.57604,0.0413249,0.513792,-15.0730,-28.5103
101,119,3.85941,12.3982,17.3915,12.2040,-0.385021,-19.2877,-5.75086,15.2251,-3.70851,21.4540,6.84213,16.4258,-3.31721,8.71192,1.18591,9.98114,8.53192,18.5760,4.11069,-6.41113,-3.80214,-8.08043,-3.83365,2.61683,-3.40027,-6.67054,3.81125,4.65382,-4.61736,0.345907,-4.89363,8.48909,30.5405,29.6066,0.596914,12.6256,-1.56288,-13.7425,-4.07879,4.02185,-6.55688,3.90220,3.45101,15.4132,6.16036,-1.04601,10.7858,-7.49695,-6.99089,-2.20328,12.2062,4.85995,-2.28973,-1.28768,-3.66255,4.62661,-5.45323,4.17307,-7.30484,-24.9630
102,90,-2.72855,13.3358,10.9413,9.19919,-1.16881,-21.7201,-4.33154,14.5412,2.11280,15.5563,3.12135,11.3319,-3.69812,10.0205,-2.23136,8.88840,11.6857,4.46018,5.55356,-2.66340,-9.19837,0.700716,-0.964796,5.31937,-2.60386,-4.23462,-2.17250,5.34383,-4.39536,3.47495,-8.92996,1.21585,12.1098,17.1031,-0.274717,11.0054,-1.40972,-15.3946,-11.9029,4.69054,-9.89521,2.97658,3.72783,6.64917,2.86729,1.46044,9.97475,6.53823,-10.3629,-1.72455,9.68817,12.7125,5.52546,1.89324,8.55354,-7.19864,0.404278,-2.91213,-13.0218,-25.0854
103,45,5.32768,14.3330,18.9137,11.8766,-1.00606,-13.8234,1.16835,22.6366,4.88259,13.7277,7.30434,15.2100,-0.410942,9.58463,0.411093,8.91657,7.68935,7.90137,8.60980,-0.782509,-2.07669,-4.87615,2.15031,3.94873,1.84578,0.903356,9.68385,0.104762,-0.241201,5.13410,-5.67057,2.37800,22.8043,21.6616,1.00560,-1.57984,3.09660,-3.00321,-7.01941,-0.0232040,-4.86891,6.13288,3.91938,4.16103,0.503281,-1.84605,4.91034,-3.69197,-11.3619,9.10546,16.0696,11.3073,2.47367,3.01081,4.44458,-6.77977,-3.20478,3.87749,-11.6919,-25.2540
104,71,6.56077,11.4395,19.0992,11.8726,0.679744,-8.22585,-2.20198,10.6487,3.60318,10.4275,3.57202,9.22705,0.834020,4.35445,0.799644,10.5817,11.4522,13.0318,8.41909,2.20180,-2.65134,7.82209,0.860438,10.0110,-0.0112482,0.970731,11.2857,1.89099,-6.20551,2.50980,-10.8906,-0.706967,12.8607,18.2020,1.50334,0.778685,-1.35944,-8.92086,-5.69631,4.50633,-3.36789,0.822782,3.59544,3.81913,3.66420,5.34761,8.15569,-1.74171,-8.97346,5.38755,15.8984,11.6775,-1.18519,3.56818,3.69820,-9.91416,-5.10951,2.23826,-11.9117,-25.7115
105,50,8.46781,15.0596,20.3559,9.46434,0.648350,-8.09207,-0.346035,16.3890,6.51165,5.75512,2.97145,10.7726,0.336461,3.04572,-0.409258,10.3304,11.8082,16.2330,9.76940,2.50581,-0.373854,5.63958,2.49424,11.4348,4.42415,6.88067,12.3841,2.86291,0.163157,0.811131,-3.05210,2.01318,27.5298,22.9929,1.03617,-0.944118,0.459549,-0.0908226,-2.64085,-0.499919,-4.42245,3.29201,4.46422,6.90724,2.07432,2.43552,6.82839,3.01936,-11.7165,-1.45507,16.2224,8.24526,-1.69592,6.92051,1.42235,-8.13948,-4.19889,6.67229,-10.9398,-27.3977
106,62,-0.779402,7.26530,6.81937,6.57458,-3.48012,-5.28555,-8.33204,15.5577,-3.69191,8.74303,-0.172739,11.2757,-3.84533,6.36405,-3.86420,12.2426,-0.628140,18.9521,5.17097,-5.15475,-1.86795,-3.00479,-1.74211,-0.538001,-4.58014,-1.29431,2.40614,2.95935,-3.27461,-5.45816,-4.93195,14.5662,29.8834,25.4701,-1.16776,6.63734,-1.74554,1.46001,-5.71021,6.62766,-4.24152,-2.42440,3.56063,13.1639,5.37405,8.42999,6.58795,-8.73385,-14.9253,-3.58563,14.5734,-7.36954,-5.38774,0.846778,-1.18165,9.75269,0.381813,4.39638,-8.37415,-21.1040
107,29,8.95901,14.9349,21.2536,9.25895,1.43158,-9.12859,-0.388163,15.2635,6.74475,5.57212,3.39740,9.85634,0.698002,2.86580,1.17923,11.7181,13.0784,15.6086,10.8347,2.49627,0.00932765,8.69847,3.30854,12.9826,5.26753,6.04862,13.0255,2.63317,-0.330132,1.16385,-3.92202,2.50185,25.6290,21.1764,1.98691,-0.732214,0.852090,-1.49258,-2.53608,-1.14854,-4.74041,2.10525,3.84374,6.80850,3.07616,4.60796,5.37537,0.956235,-11.9386,-0.192675,16.5531,11.1980,-0.395085,5.93198,2.23629,-10.1136,-3.77823,6.05652,-11.4140,-26.2096
108,72,2.29177,17.8390,17.1176,15.9178,1.15215,-5.28950,0.600570,18.2949,5.14147,11.0312,2.30302,15.1505,-1.39356,8.82991,1.36160,14.3120,9.81000,16.6162,11.3192,4.94039,-2.18668,3.87952,3.63471,8.80043,2.11406,8.58476,10.6792,7.88873,-2.11905,3.65065,-9.19789,-1.44465,18.2134,20.1788,2.11865,5.86842,2.05364,-2.42746,-6.66798,4.39446,-4.95231,2.86950,1.91842,6.61556,3.25122,-1.33787,6.26548,0.616319,-8.28174,6.03306,16.7535,10.4618,0.438895,-0.344914,3.95144,-7.74128,-6.16741,5.84670,-12.4437,-27.4134
109,57,5.51636,10.8537,18.0558,12.1722,0.233303,-6.14049,-3.02830,17.1494,2.76367,12.7532,4.11032,14.1242,0.978048,5.78428,0.608514,15.6511,11.3666,20.8441,8.85955,1.68643,0.723386,6.47721,3.34175,10.8435,0.742399,5.45140,13.3844,7.16411,-1.93540,2.80421,-5.31362,6.28882,28.2193,27.1851,3.08284,4.75397,0.924218,-1.60776,-3.65090,5.37875,-2.22484,0.347134,3.73490,9.32322,3.24264,5.42456,8.03801,-3.41160,-12.9382,0.485650,15.3443,1.36260,-6.77421,3.64506,1.43960,-0.407136,-2.38810,1.92346,-8.70312,-24.0717
110,581,-1.60274,9.74568,8.99341,0.816754,-1.83981,-14.6269,-9.15076,15.4824,-2.49739,11.9364,2.50707,10.5166,-2.23920,3.88231,-0.718251,14.8504,3.82468,18.6597,6.15234,-12.3194,-1.66686,-10.1436,0.699164,2.24991,-2.38067,-2.26218,2.59629,9.16403,-0.140223,-0.632633,-4.26631,9.37204,35.4223,31.2833,-0.661658,3.85147,-1.38133,-7.69553,-8.60291,5.04962,-2.33551,-2.22897,5.29709,11.4347,3.03896,6.90942,8.16130,-9.78229,-11.7591,-0.516050,12.8038,-5.64422,-6.53479,-6.73234,0.787218,11.4586,-3.12635,4.53715,-7.23970,-14.4856
111,231,0.117661,7.86779,8.23689,0.282672,-1.28528,-7.27410,-5.72024,14.8560,-1.84890,10.5101,0.291908,9.66688,-3.93786,3.47387,1.33418,13.2925,6.61475,16.1851,3.84146,-9.04940,-1.54845,-5.75393,1.45153,5.75648,-1.20740,-0.658631,5.48709,4.30943,-1.43437,2.07546,-3.14462,10.5907,35.1455,24.6206,-2.23282,7.59196,-0.763792,-2.68656,-6.53081,5.90809,-3.59971,-3.13847,5.35080,10.9032,6.48785,8.02664,7.21825,-3.41008,-11.7074,-0.575406,10.9703,-4.17013,-5.98211,-10.6224,0.280885,11.5379,-2.98641,3.89440,-7.96325,-18.3539
112,48,4.67773,7.64652,6.53966,2.73141,-0.209760,-4.43117,-3.97367,22.6265,-1.28272,11.2553,3.84458,11.7057,-4.33166,3.12930,-0.856734,7.95172,3.25771,14.6620,2.83194,-0.773443,-2.73982,-3.36418,-1.80762,6.75838,-1.34426,1.46342,0.431625,3.36147,-1.82588,-2.73202,-2.56781,14.7996,32.0971,26.3644,-2.36293,11.1594,-0.167492,4.45244,-5.49684,3.96545,-2.27024,-3.44582,4.46211,14.5874,5.28625,12.4184,9.43569,-4.21747,-14.5606,-7.15904,11.6611,-1.06769,-1.59897,-0.137103,-0.873150,5.02464,-1.60504,1.53590,-10.9534,-21.5047
113,87,0.462082,12.1663,17.7660,11.3830,-0.646999,-9.25144,-2.21278,10.7450,2.77194,13.9007,2.85982,9.80087,-1.66775,3.83051,-0.506794,8.71098,11.9532,12.6934,6.85896,0.873303,-4.81455,5.87235,1.99714,6.72210,-1.86465,0.0885418,10.6448,1.12671,-5.28615,0.924436,-12.0918,-2.82738,11.1531,19.1633,0.707662,2.39278,-2.43037,-13.5740,-10.1797,3.96678,-5.33261,1.26114,3.58364,6.44008,3.07685,4.17350,7.03156,-0.435329,-8.06851,3.63152,15.6039,11.7905,1.56683,4.22556,5.19343,-11.8977,-3.83869,1.58955,-13.3080,-24.7455
114,55,5.16861,11.3216,13.0002,7.01319,-0.482828,-5.93541,-2.86860,18.3226,2.05264,8.04575,2.53621,11.2473,-2.16383,3.79822,-1.47447,9.16913,6.07494,16.2364,6.26867,0.324581,-1.58623,0.364243,0.0953053,7.18028,0.561381,3.76298,6.12548,3.10423,-0.925661,-1.58144,-3.14560,8.18127,29.0137,24.8148,-0.766369,4.28296,-0.181415,1.99714,-4.27887,2.42761,-3.82118,0.421763,4.51332,10.4532,3.38671,5.98848,8.06764,-0.730042,-12.9130,-3.82926,14.3796,1.88178,-2.55264,3.80741,0.106821,-0.430286,-2.60856,4.75944,-10.6109,-24.7502
115,33,4.66423,11.4423,11.6293,10.4438,-2.05413,-2.35194,-2.93779,20.5179,1.68365,12.3692,0.529585,12.6750,-2.78996,7.17376,-4.62794,8.18132,8.13221,18.1007,4.38613,2.29244,-3.01120,-3.12324,-0.363428,8.52987,-0.967151,7.10372,5.07416,8.65287,-1.38054,1.57874,-4.34622,6.27788,26.9285,25.7119,-1.95612,4.51027,-1.31684,5.09021,-5.16339,2.98372,-3.08527,4.27565,4.60721,8.27306,1.58154,2.61383,8.44136,2.20720,-10.9769,-0.0953982,13.1107,-0.924347,-2.05334,1.15984,-0.397593,-1.05805,-5.29127,7.39065,-9.40639,-26.8261
116,15,11.1829,15.9640,25.8121,15.6029,1.82473,-15.4849,4.42055,28.6621,8.33105,20.6208,12.5809,17.3535,1.86211,12.8121,0.633379,4.44100,9.44140,7.97210,8.44699,-0.822480,2.58358,-6.94924,3.53635,5.27206,4.13229,4.98702,10.5151,-2.72286,4.51371,9.39184,-2.32623,11.3832,28.9291,26.3068,2.64212,-0.408299,5.29146,3.71093,-1.70328,0.534451,-1.63730,11.4175,6.98548,7.22689,-0.802750,1.19671,5.74031,-0.375329,-14.1495,7.79707,15.5711,4.23654,2.31122,1.27473,3.26632,-6.42094,-3.31485,4.15289,-12.2694,-31.0405
117,130,-2.67390,10.1362,12.3664,10.6043,-1.91346,-8.48481,-4.27693,8.30506,0.860616,8.76623,-1.09004,6.63199,-3.41174,7.61270,-0.284125,7.27918,8.62976,9.00683,5.71428,2.90658,-5.73090,4.30955,0.397028,7.54529,-2.82506,-1.55069,3.81586,5.66682,-6.17400,-2.41150,-12.9354,-2.07782,6.31531,15.8317,0.488333,-0.478667,-1.83534,-10.2640,-11.7338,0.164652,-7.73335,0.807836,2.47911,4.85484,2.99051,2.88766,3.59831,-3.03847,-6.96224,7.16408,16.3264,13.7051,2.86248,1.23399,4.52533,-10.3080,-3.44776,5.64849,-13.3803,-23.1201
118,47,7.10992,16.4645,17.3555,15.5244,-0.461800,-5.51891,-0.180675,23.3197,4.22018,14.0811,3.99528,14.9613,-0.307789,10.2483,-3.07882,6.81771,8.06440,17.5195,6.77771,3.44678,-1.05565,-2.43894,1.67017,7.67174,0.743404,7.75466,8.39588,6.38299,0.476232,5.42309,-4.16608,7.10167,26.9102,26.8338,0.121278,2.85076,1.10146,4.85437,-2.64174,3.20002,-3.08707,7.80054,5.67585,6.73291,0.770808,0.723735,8.19815,1.66817,-11.1848,4.44642,14.0409,0.144305,-1.29403,2.24472,0.821768,-4.33861,-5.10467,7.02151,-10.6316,-29.6437
119,70,2.65002,19.3806,16.5886,14.5351,-0.383056,-8.44776,0.281541,21.3313,4.12895,11.5800,3.61223,16.9750,-1.21378,9.18259,1.03180,13.8314,9.49612,13.7414,10.8612,3.25434,-3.26027,1.01844,2.47593,6.19396,1.71335,7.15294,10.9176,5.73826,-2.55559,4.28933,-8.95921,-0.573723,20.0207,21.0169,1.42968,4.79812,1.94315,-4.01845,-7.14597,4.04683,-4.32790,3.92961,1.67259,5.47021,2.47811,-2.29665,5.12722,-1.17325,-9.51211,8.22696,16.9629,11.9125,1.31688,-0.950524,4.54252,-7.61684,-4.94610,4.46059,-11.9905,-26.0095
120,48,3.55852,10.3938,11.7025,7.88386,-1.38460,-3.79029,-2.23199,19.0821,2.23220,9.86424,1.48749,11.9877,-3.30611,4.67187,-3.12653,7.43682,6.20278,15.9219,4.46628,1.48958,-2.64074,-3.41102,-0.612406,6.73699,-0.516030,5.68226,4.46988,5.26540,-0.443541,-1.01357,-3.29463,5.32333,27.1084,25.3972,-1.99035,3.80630,-0.639727,3.40474,-6.06656,2.42180,-3.79616,2.51718,4.83886,9.66661,1.47194,1.97737,9.16098,3.32733,-11.2213,-3.70262,13.9852,0.721719,-2.85344,3.55847,-0.0598487,-0.193222,-4.02388,6.07650,-10.4047,-26.3712
121,21,11.5587,15.8447,23.2078,8.89862,2.10962,-10.2916,-0.0485137,15.7900,7.52683,5.31436,4.65768,10.3361,1.98878,1.93104,1.79913,12.8225,14.4544,15.7658,11.9267,2.02082,0.733581,10.3329,3.69271,14.2405,6.46490,6.21691,15.5323,1.39233,-0.429836,1.86515,-3.35405,2.79157,28.0694,21.5774,2.54096,-0.676124,0.997851,-1.98760,-0.801155,-0.820139,-3.70084,1.77641,3.80694,6.53968,3.66555,6.06140,5.79243,0.285855,-12.8454,-0.418345,16.7004,12.0057,-0.760065,6.48597,2.13494,-10.7618,-3.97892,5.07622,-11.1505,-26.2309
122,285,-9.49937,-3.72779,5.65024,-9.78697,-6.96106,-9.25942,-6.25194,2.15788,-11.5999,15.0577,-4.36803,8.53851,-5.03693,12.1834,-2.05283,0.825872,11.0347,1.37644,0.0457607,-4.77557,-4.48961,-5.23952,-1.05584,4.43506,-9.87459,7.30031,5.94751,-4.41044,-0.808315,-4.53558,-9.16330,5.64760,15.2947,7.92205,-8.30378,-0.196636,-7.14282,-7.22012,-3.54524,0.809960,-1.62069,2.65648,7.16854,2.02083,-0.407283,-11.6308,-0.480725,-1.12839,-4.55414,10.1368,6.89672,9.47057,-11.2897,-7.49849,6.48995,-6.65989,-0.167026,9.80811,-0.700335,-7.98519
123,51,-5.11929,-1.57752,7.48782,0.0811995,-5.84602,2.74088,-2.36687,14.2300,-10.3956,12.7987,-3.50638,8.50108,-4.74804,10.8683,0.664314,2.92426,9.41920,3.65630,-1.96766,-6.00378,-5.52468,1.72467,1.11716,0.491062,-8.43023,1.63996,5.51177,0.215072,-6.32899,5.89731,-11.4345,0.296581,13.9266,3.91000,-12.7010,-6.11440,-9.42064,-7.74472,0.136218,8.70926,0.179337,1.75849,2.15985,3.39114,-4.11708,-12.3014,-1.28059,2.95454,-7.08748,4.73644,10.0012,6.27937,-3.65687,-15.9628,7.06626,-4.12478,-2.51758,9.27345,-4.40027,-4.71378
124,76,-12.2256,-17.5278,5.37771,-15.6681,-8.00874,-16.4041,-8.78740,-0.441200,-13.7558,7.21215,-5.12884,4.30950,-2.55212,1.99557,0.134817,-4.61466,8.52962,-1.15953,-2.27820,-15.9069,-6.19188,-14.2139,0.557318,-2.56272,-10.1468,-0.855438,3.67911,-6.08998,-8.64237,-2.39835,-12.4309,-3.59816,17.9560,-1.58049,-9.32647,-4.30814,-5.68350,-11.8555,-4.28750,-0.447504,-4.27599,-2.91984,4.80331,1.87492,0.189133,-7.38714,-0.755946,1.56355,-7.12221,8.05846,4.54259,7.86007,-8.55316,-11.9913,8.74056,-6.99561,1.54752,9.82572,-2.04356,0.558736
125,165,-9.59236,-8.94671,2.53791,-14.3803,-8.24688,-7.58277,-5.73674,-1.52694,-8.66455,11.1230,-5.81194,13.9434,-2.82912,8.60912,-1.91362,0.293415,5.87459,2.39481,0.573850,-4.71117,-9.14326,-12.2541,-1.97027,3.52378,-9.83452,2.65142,6.78594,-10.5380,-2.79817,-6.13163,-6.84939,3.97831,17.6040,11.2165,-6.23446,-1.16448,-5.05730,-8.88382,-4.60821,1.57094,-1.52954,-2.64424,7.65354,0.273411,-0.332973,-5.81335,-0.928376,-1.74264,-2.24619,7.69926,6.44300,10.1480,-10.7478,-11.9671,7.15826,0.333148,-2.74000,9.80370,-4.60796,-7.66121
126,36,-9.76119,-9.72153,7.09949,-4.85710,-3.37789,-4.81000,-1.92887,9.16912,-8.26025,10.0499,-1.76887,3.68563,-1.65937,5.24384,2.98450,-1.81894,9.66039,-3.53935,-5.17381,-10.2696,-5.02154,-3.55439,-2.50007,-10.1395,-8.98447,-9.29333,4.57767,-6.61659,-10.2473,3.51626,-13.2272,-1.82799,17.5377,2.47647,-10.0965,-6.36530,-6.07208,-17.7451,-0.0373940,12.1347,0.184252,-0.940649,4.00043,6.05324,-3.59881,-20.1738,-3.78302,3.65782,-4.24993,2.80993,6.46139,4.62750,-5.90155,-13.8905,6.56440,-2.58237,-2.38054,5.57936,-4.86455,2.72473
127,53,-1.80454,-4.47594,15.7273,4.14268,2.55766,-4.33121,4.27228,7.74204,-4.62343,11.4249,2.62145,2.21896,4.11169,7.35341,8.39780,3.73136,14.6807,-0.684883,4.05808,-11.0967,0.387928,0.549184,4.51751,-6.56313,-4.62076,-1.10716,9.37968,-4.57162,-5.27662,5.47807,-4.38319,-2.86298,18.4075,5.20970,-5.38506,-7.95576,-3.70383,-14.9676,3.83642,11.4068,3.19193,-1.26204,4.92280,4.87241,-0.808090,-15.6628,-2.90240,0.261762,-4.40740,8.45954,5.74847,6.96056,-5.18569,-14.3901,6.19186,-3.94039,-6.43595,7.19033,-7.19899,-3.89598
128,181,-5.68605,-15.5825,1.21231,-8.78723,-7.81842,-6.61793,-4.56545,-1.20381,-10.2550,14.5677,-1.38419,15.8922,-4.46630,0.862870,-0.888814,2.26236,6.53244,0.827072,-1.65495,-6.29775,-8.20574,-8.20047,0.679814,3.63358,-11.7162,3.46713,7.96968,-4.43786,-6.16350,-1.70975,-8.23372,1.84790,21.1852,5.72635,-6.73243,-1.41682,-3.10218,-10.1773,-3.84510,0.737681,-0.486199,-2.61978,6.44390,2.30608,-1.21110,-3.74516,0.906635,2.71632,-3.59896,7.26811,2.45989,7.76339,-8.64352,-14.8784,7.84704,2.44227,-3.06810,8.47806,-4.78311,-10.4686
129,299,-5.17834,-14.3558,4.66655,-3.67583,-6.88860,-10.3286,-1.15359,-0.958997,-10.7305,3.26420,-0.378910,2.81806,-3.49891,1.73511,0.0633110,1.96626,11.8224,-5.21311,-6.23478,-12.9422,-5.67457,-6.40059,2.13240,-7.19820,-4.47072,-4.23322,6.19780,-5.36080,-9.80877,3.28203,-6.32912,1.31073,20.4890,4.93483,-5.78927,-10.2281,-6.83146,-19.9730,-1.20068,-0.258792,-2.19697,-5.64399,6.85811,1.28175,-5.56335,-2.68588,-2.54435,5.48733,0.0651336,2.71661,5.22350,8.54235,-10.1486,-11.7137,3.43480,-3.80289,-0.480810,9.66302,-2.90223,-3.58588
130,125,-5.10758,-10.9401,8.93108,-3.87759,-3.13528,-10.5074,1.78248,3.88996,-7.56207,4.07915,0.853368,0.596324,0.927811,4.55257,4.23353,2.71356,13.7092,-4.44437,-2.18729,-11.6883,-1.90841,-6.29923,3.65355,-9.11423,-3.60574,-4.19245,7.40751,-8.34620,-8.32752,7.36895,-6.91131,0.244294,18.2184,3.87382,-5.22299,-10.3638,-5.18754,-18.8191,-0.117478,4.63833,0.171464,-3.23072,6.06676,1.47648,-3.11396,-9.17791,-2.98093,6.13610,-2.23610,4.01986,5.83885,9.94529,-9.38653,-9.48243,5.20585,-6.32585,-3.26562,7.46112,-4.04182,-5.46027
131,1229,-1.19882,-0.482880,8.92860,0.638173,-3.70178,2.31483,11.5185,2.80208,-2.02759,5.59550,2.64152,11.4956,-1.59287,12.0959,3.12824,8.61860,9.14911,11.9237,5.37186,5.71078,-0.419890,-0.901223,3.57801,10.7238,-3.76747,6.18003,18.7536,5.45660,0.892589,6.85578,2.26200,10.2007,23.0843,18.2012,4.13381,5.11187,-0.0571423,-3.01060,-0.312182,-3.01156,-3.36289,3.95642,5.86194,7.38042,-1.32726,0.365095,-1.83583,0.146429,-4.22539,0.974779,5.14428,9.26233,-2.37691,-7.25744,4.29959,-4.44186,1.52207,3.30715,-6.96063,-10.6818
132,777,-8.92009,-8.06935,-0.543649,-7.52268,-8.20212,-6.96620,-5.78025,-1.50965,-8.21949,8.50961,0.474500,15.8164,-5.66315,-0.346353,-3.93437,1.62102,6.64979,5.14702,-3.30669,-7.99771,-6.90513,-3.84579,2.64155,2.77733,-12.3980,3.90917,5.15663,-3.11991,-5.75695,-6.30598,-7.60713,-1.77765,20.2930,6.29186,-6.74965,-6.29444,-7.05767,-11.4527,-4.94890,-4.24420,-7.92726,-9.22431,8.80895,6.48616,-4.53598,1.37443,1.83289,-4.05281,-2.32301,0.598237,4.58641,10.2668,-7.50690,-11.2660,5.68570,2.66592,-1.85844,9.72549,-5.69554,-2.32974
133,142,-6.46477,-16.8593,-0.938459,-10.7070,-10.0887,-14.6864,-5.57534,-0.427477,-15.5066,6.65356,-5.66329,8.00109,-7.46047,-1.09247,0.0303957,5.22633,7.33792,-3.19760,-11.0673,-15.5406,-8.73639,-8.11144,-1.85278,-1.98296,-7.93347,-2.90964,5.86122,-7.42251,-14.1423,-0.991649,-12.5182,-4.74666,18.0138,-2.05850,-11.6798,-8.45002,-8.43174,-15.6798,-3.75924,0.764626,-1.53013,-5.46956,3.88977,-2.79689,-0.891239,-6.46507,1.72237,5.18168,-3.18079,0.849144,0.228581,11.5514,-10.7050,-8.76860,7.24178,3.98005,1.58515,6.86597,-5.34350,-5.69276
134,50,-2.08724,-0.689348,13.1230,-1.04551,-3.73678,-0.530622,1.10216,10.4416,-9.39506,12.3411,-1.10084,6.28283,0.909274,10.0825,3.98723,4.30444,13.9455,5.55235,0.0967519,-6.73354,-1.96171,2.21056,5.13138,2.17794,-7.98978,-0.348658,9.35173,1.02952,-5.33793,8.57510,-5.46292,-2.19580,13.8433,6.47628,-4.83075,-7.82640,-5.55047,-13.1292,2.87730,6.13055,0.899509,-0.379535,1.91800,1.82412,-1.48523,-2.76598,-1.44746,1.23230,-6.59987,10.4418,9.70611,11.6967,0.222831,-16.1541,4.94056,-6.41956,-6.03781,6.83052,-6.06516,-12.4368
135,453,-3.78789,-6.56209,8.45478,-2.56115,-6.57143,-5.65832,-1.31831,8.04417,-9.99113,13.4084,-4.70562,5.84140,-6.06026,8.05213,0.617425,3.78674,14.4517,3.93302,-0.940368,-6.01011,-3.52818,2.57219,3.20189,3.04620,-8.75948,4.96862,8.04529,-0.952610,-4.48925,9.74248,-7.98217,2.15906,15.5444,7.21544,-5.97440,-2.91479,-8.52470,-14.0883,1.96938,1.42776,-1.46151,-1.21871,4.65128,3.40086,-1.36681,-3.04353,-0.801801,4.02293,-7.19629,8.95100,8.75650,11.6193,-0.178567,-15.0064,3.53674,-10.2445,-3.58987,10.4102,-5.82075,-10.3190
136,87,-8.03057,-19.9971,-3.46753,-9.83505,-11.6409,-13.9247,-8.98489,-2.45790,-18.8774,6.51241,-7.35122,9.13101,-11.1175,-9.37886,-4.41067,-3.38654,2.24120,-2.85159,-10.4475,-14.4228,-11.8921,-10.9789,-4.36197,-2.14507,-11.9481,0.131329,2.77410,-11.6248,-16.7721,-8.21867,-16.1052,-4.47642,16.0581,-2.56181,-13.0846,-4.47343,-10.1606,-18.8957,-6.99757,-0.432711,-0.164709,-6.88845,2.16573,-0.281416,0.688029,-7.93850,1.81073,5.89918,-5.64569,6.40258,3.99643,12.5578,-5.46671,-17.7217,5.14978,1.14867,-1.33575,5.29473,-6.49972,1.95979
137,1604,-5.85735,-8.93328,4.45902,-8.25608,-7.37212,-8.10735,-3.40149,-0.262083,-6.99649,0.809949,-3.52214,8.85674,-6.33035,-1.79452,-1.73446,-3.34215,4.21032,4.32205,-1.71650,-8.23162,-7.31709,-6.86836,-2.72889,2.79525,-8.69613,-0.243730,3.90843,-7.32074,-4.92931,-1.52204,-4.74609,2.83386,21.0609,10.7331,-2.34134,-1.09008,-3.20566,-10.7307,-1.78153,-2.61256,-6.13367,-2.95841,8.32887,6.10330,-1.06238,-0.947746,-1.66500,-3.11925,-5.06147,2.81974,5.90270,11.8558,-5.93917,-10.6614,4.63654,-1.39211,-0.708243,9.12417,-6.13055,-8.21144
138,7,-10.8154,-10.3575,5.91553,-6.09384,-4.24452,-4.80645,-2.79443,9.40847,-8.80201,9.88493,-2.40117,3.94056,-2.47906,5.00908,2.20570,-2.54062,8.97652,-3.83664,-6.43958,-10.0996,-5.77344,-4.06813,-3.42456,-10.4969,-9.60014,-10.3428,3.93466,-6.81204,-10.9004,3.29061,-14.4205,-1.67290,17.3634,2.12644,-10.7376,-6.14897,-6.42227,-18.0599,-0.566577,12.1712,-0.241472,-0.877444,3.84100,6.17351,-3.98365,-20.6321,-3.87792,4.12113,-4.26042,2.07504,6.60892,4.36282,-5.93922,-13.8479,6.60510,-2.42856,-1.83147,5.37472,-4.53788,3.50755
139,88,-9.95267,-20.0861,4.99996,-15.9538,-8.52225,-14.1573,-5.89730,0.608725,-13.2231,10.1140,-4.25710,7.43603,-2.57492,2.56875,-0.258450,-3.84644,8.31816,-0.723966,-2.88464,-14.5232,-7.34730,-14.2952,0.744545,-2.85232,-11.1234,-0.254266,4.59320,-5.65143,-10.2821,-0.383167,-12.8073,-4.36390,20.4167,-1.25599,-8.47429,-4.46119,-5.51903,-11.2736,-4.41003,2.42925,-1.46892,-3.24429,4.70891,2.91740,0.990274,-7.82061,-1.10910,2.49332,-6.87978,5.39458,2.37648,7.16212,-8.14136,-15.0820,9.60927,-1.99043,0.0219327,9.20725,-3.69387,-1.46661
140,905,-7.91726,-10.7395,6.90565,-3.21031,-2.75638,-10.1192,-2.12974,-0.267787,-8.64923,2.65618,1.67249,6.54615,-1.57967,1.38651,3.57832,-0.421084,12.4607,-6.45194,-3.03099,-16.4351,-5.52571,-4.08237,5.14762,-0.706102,-4.54126,-5.20050,6.05541,-4.62119,-6.27048,3.16442,-3.62403,-3.87100,25.7841,5.25813,-2.08710,-10.4226,-4.13166,-15.4681,-0.762977,1.58520,-3.34136,-7.99388,5.40422,1.04796,-3.86402,-2.40374,-2.26861,5.38282,-0.905418,2.59042,5.13642,5.94809,-8.98184,-9.57910,5.65257,-4.92441,-1.01297,10.7429,-1.62159,-2.39631
141,1193,-7.91147,-8.14045,3.13793,-4.46287,-6.70476,-11.6248,-7.36886,-2.98017,-10.5139,2.80947,0.212754,9.84883,-3.11722,-1.51525,-2.58143,3.85198,9.42642,5.63653,-0.296166,-9.94625,-7.09082,-6.81737,6.29674,2.34514,-8.77194,2.39787,8.66892,-3.36314,-8.18747,0.926969,-9.00181,-2.41699,22.4838,4.14852,-7.66044,-12.4378,-8.64782,-11.7446,-4.31232,-2.31751,-5.59145,-9.17846,4.70372,4.50359,-3.31258,4.14276,-1.04839,-0.332799,-3.24288,-1.81179,3.84050,7.24324,-7.89221,-12.0840,6.99591,3.98049,1.79713,9.39324,-4.23931,-3.53875
142,1439,-8.97568,-7.78632,6.07558,-5.82189,-8.61278,-5.95485,-3.24225,3.82941,-6.66592,8.76322,-1.74962,8.04553,-5.53664,5.19423,-1.65350,-0.0526706,7.86214,-1.86004,-3.71888,-5.24113,-6.04959,-9.60923,-0.882989,-1.26603,-10.9317,-0.147071,3.22604,-4.59337,-4.50011,3.26500,-5.23307,1.40581,20.6252,10.1881,-3.72342,3.16029,-7.40346,-11.4638,-4.40667,-1.22818,-1.71382,-2.64398,10.3312,4.53992,-2.58239,-4.70318,-1.75441,6.79477,-5.54564,2.96687,7.88096,13.5756,-4.21814,-10.1470,5.19895,-6.21245,-1.37490,8.89042,-7.51118,-11.8328
143,289,-7.59007,-1.80734,0.734714,-20.7323,-0.283687,-21.6361,-2.94757,-3.11145,-11.6714,12.0602,0.863479,8.13532,2.15001,0.929134,-0.175513,0.180939,8.79922,-6.44414,-3.17862,-15.2220,-5.82802,-11.1236,4.57490,12.6377,-4.14078,-3.15569,-0.278864,-2.96234,0.744988,-4.72586,-7.91423,-4.90644,24.1081,-0.345293,-6.98197,-15.1775,-5.26231,-13.1930,7.38093,-0.156124,-10.6178,-2.96617,6.75296,3.14614,-2.42317,12.0250,9.17721,3.58589,0.102966,-4.25187,3.11948,-5.79411,-9.23503,-11.5256,5.41540,-3.07903,-1.57933,10.4275,-7.97382,-1.41155
144,474,-9.91429,-9.20079,1.34341,-13.3864,-10.3508,-17.6329,-7.39371,-4.66759,-9.39572,4.16112,9.02925,13.9085,-3.61391,0.0725801,0.183297,-3.87621,5.01479,-11.4835,-7.06153,-15.2590,-10.9358,-19.0432,-1.82021,-5.12151,-12.5251,-9.87583,-2.39704,-7.40709,-9.04815,-3.86641,-7.28114,-6.91766,17.9425,8.04894,-8.10362,-7.17239,-9.90511,-22.2161,-5.02702,-8.93002,-6.95211,0.807685,5.29652,0.117677,4.15140,7.55904,1.52844,2.22088,-2.87820,-2.35376,0.848802,-2.87088,-12.0930,-13.1566,4.73701,3.47340,2.22358,9.74823,-0.836334,3.38439
145,443,0.861115,-5.04791,6.90200,-6.70143,-6.64210,-6.38976,-1.88869,-1.52887,-13.8316,6.21022,10.8813,11.0293,-5.09024,3.80099,7.80727,2.18290,16.7834,-3.89058,-5.25080,-15.1725,-8.06363,-5.96891,2.34359,3.07076,-9.29258,2.05232,0.500917,-0.556171,-6.07962,-2.85787,-11.7846,-6.61891,25.4969,3.39441,-6.31470,-9.85170,-6.93686,-18.4092,3.24164,-6.55681,-6.41783,-1.35833,0.874767,0.768986,-0.424223,8.98871,6.39738,3.23324,-2.33735,-0.943536,2.53318,5.03943,-8.82854,-14.1734,8.11540,5.47334,2.56102,8.32079,-3.62798,-8.79242
146,193,-3.17644,-1.52448,16.4072,-3.91616,2.95710,-9.05259,1.97733,0.180793,-10.6732,3.40182,10.8778,5.11315,4.08951,1.64334,9.57287,1.88524,22.4161,2.79245,-4.09663,-15.9325,-7.66961,-3.81585,2.65474,0.414870,-2.78697,-2.11798,4.22362,3.88105,0.0532010,1.44256,-3.31405,-6.50516,27.0154,8.53245,1.47100,-15.0231,-2.25969,-12.7376,5.64394,2.66060,-9.01612,-1.83198,4.33483,-4.90503,-0.525186,3.66022,4.95356,10.6246,1.36949,5.99957,8.63833,1.07800,-6.72240,-10.6660,6.34716,-1.53341,-4.27596,6.64931,-6.66029,-11.7359
147,340,-4.05631,-10.8719,8.47973,-9.68331,0.0275316,-10.9932,3.39555,-1.09896,-4.92739,4.16898,10.4241,6.50970,1.77460,1.95788,7.79480,0.234895,16.7169,-17.1901,0.335734,-21.1948,-3.45521,-4.03488,5.51751,-3.02900,-0.441871,-5.71094,4.02049,-3.42618,-4.97919,-1.95838,-3.92846,-8.22709,23.3243,0.0726939,-3.00528,-13.5853,2.06427,-13.6129,3.26734,-1.52197,-3.65212,-5.99327,-0.715091,-0.237838,1.90919,3.19041,4.26331,1.91821,-0.521831,0.188469,3.42878,1.91700,-8.33180,-14.4805,4.91679,-1.05670,-0.937164,11.6748,-3.49792,4.40131
148,125,-6.44373,-2.83079,0.403235,-15.3095,-6.52635,-9.74634,-6.58165,-8.40366,-16.2370,-0.00920641,2.04444,3.79331,-1.04545,-0.476379,2.66839,-1.94775,13.4305,-0.784526,-5.03983,-14.2925,-12.3974,-6.90328,-1.25376,4.20079,-8.28150,-3.05113,1.17237,-0.933810,-2.63281,-4.97885,-11.6045,-9.47876,17.2843,-1.41354,-9.48543,-12.3241,-6.84390,-14.0672,5.23283,-3.81897,-10.2601,-6.28138,0.490126,-5.19703,1.73368,10.0994,9.46036,-0.346564,-3.41532,-3.20259,7.03731,0.185678,-5.51287,-13.8249,5.31803,6.88330,0.246202,12.6325,-3.77298,2.87068
149,240,-6.84872,-12.1842,7.31815,-27.8056,-5.25866,-28.0501,-6.80009,0.296551,-10.2641,20.9299,2.38779,12.4871,-4.29005,-1.19315,4.67308,4.34501,9.22879,-9.10634,-1.78206,-14.6512,-3.20496,-5.34675,5.49243,18.8550,-10.1541,0.724253,4.28902,-7.89341,-2.03931,-8.76907,-1.44596,-3.06984,38.9936,11.9750,-3.10672,-5.80664,-4.78354,-7.45459,0.196181,-3.44397,-3.98071,3.04396,9.11827,4.64249,-1.86387,2.82117,4.14851,4.04714,2.98878,-1.74656,3.68859,-3.90594,-15.2208,-12.6943,6.22863,-1.12123,-4.44662,9.04238,-5.95094,-0.685127
150,429,-5.12938,-5.79391,8.84329,-4.84192,-1.42797,-8.34482,-0.213203,-2.91345,-13.0843,4.27518,11.2112,6.13773,-1.82587,0.241428,7.38066,2.57980,16.1979,-7.75697,-5.03835,-17.8539,-9.23335,-1.62136,4.21255,0.673299,-6.57936,-0.859678,3.87268,5.22696,-2.94877,-0.443499,-5.42762,-5.98357,23.9660,7.89807,-1.77179,-14.6008,-7.72767,-15.2697,3.60963,0.171889,-5.76181,-4.16117,2.18261,0.290026,-0.662256,5.97448,6.50679,5.37786,-2.29064,4.17518,7.96868,8.06934,-6.83913,-13.2840,7.62041,-3.17559,-2.72120,7.35589,-5.74416,-10.7939
151,393,-3.47942,-6.55094,8.45356,-9.87979,0.555306,-11.3086,-4.26135,-4.18713,-12.3668,2.08836,8.56560,8.85279,2.19660,2.73094,9.11846,-0.955736,19.0288,-1.85151,-2.57481,-20.8612,-8.40296,-7.95630,3.47204,4.39491,-6.51689,5.20949,2.67782,2.55599,0.633304,-2.28288,-8.45823,-5.77565,24.9611,5.76338,-4.37270,-13.4806,-5.31623,-14.3019,3.49425,-1.88286,-8.51936,-3.62127,3.32851,-0.170956,0.635912,3.63775,6.62888,5.10579,-2.75624,1.53594,7.32053,2.94903,-7.02636,-14.9621,5.04787,2.81689,1.44037,10.9945,-6.95880,-6.40273
152,262,-2.74108,-0.988484,5.31987,-15.7778,-2.81183,-14.0632,-2.92883,0.919323,-10.1998,0.924211,3.73691,16.1683,-4.90014,-1.21497,7.29384,6.89919,12.8747,-0.656807,-2.07583,-8.71580,-4.20661,-11.9746,4.09917,7.44541,-8.47247,5.43456,9.93027,-7.22069,-1.10446,-7.50968,-2.77957,-9.67663,22.7822,4.66070,-4.77121,-8.71406,-9.71163,-16.4447,-0.206033,-4.94579,-8.24513,-2.42144,7.44817,0.984085,-1.36196,11.2019,4.94423,3.99002,-1.41629,-3.22886,3.31692,3.56504,-7.91106,-18.8473,6.97318,3.76374,-1.23207,8.85785,-8.86455,-2.91925
153,291,-3.84742,-2.52730,0.715068,-17.5344,-6.19947,-13.4754,-4.49070,-3.95991,-16.2720,3.16935,-0.194946,7.09649,-1.79384,-1.11609,3.25801,-0.920959,12.7520,-0.817115,-4.00590,-11.1622,-9.22486,-6.78017,3.89668,9.56170,-7.44126,1.74582,-0.196599,-0.116476,-0.201623,-6.88077,-9.77778,-8.01221,18.2731,1.99088,-7.60418,-13.9340,-9.26280,-14.9559,4.34548,-2.00132,-12.7319,-8.92397,1.02159,-2.02415,0.461570,12.5604,8.08612,2.17191,-3.87741,-4.64887,4.60954,1.41758,-6.21138,-15.6511,8.18921,2.40785,0.966942,10.1059,-4.33760,4.58583
154,631,-4.84833,-5.73921,8.00828,-20.0812,-2.21432,-22.2363,-6.18395,-0.759568,-11.1118,10.5928,2.83707,13.0623,-3.20232,0.149689,4.18260,5.19009,9.27468,-1.34956,-1.76779,-9.38266,-4.15849,-8.36956,5.79937,15.3776,-9.44248,2.05583,4.95408,-4.55815,-1.16341,-5.60468,-2.11945,-5.70527,31.5626,7.36298,-3.87168,-7.27558,-8.23364,-12.1782,2.58841,-3.62909,-6.93434,0.265374,7.23255,2.25715,-2.25510,9.05695,6.73351,2.36422,-1.05315,-1.97889,4.42203,-1.01306,-11.2269,-15.8179,6.64782,1.47391,-3.46850,11.0789,-7.09630,-4.05750
155,222,-7.23173,-10.1926,6.93496,-7.31181,-8.72679,-10.6324,-1.26135,-3.00729,-10.2462,4.03938,7.55342,9.50707,-0.384884,0.0371068,-0.695125,-2.55012,17.4260,-11.7417,-1.45911,-18.6066,-6.15765,-10.1954,5.48983,-3.89961,-4.29163,-2.47547,2.65788,-4.77867,-12.1309,-1.48690,-9.31661,-8.29811,21.3626,-1.92856,-10.1795,-11.7022,-2.27156,-14.3458,0.995155,-3.47638,-4.07043,-4.32503,1.57931,-0.906620,-1.50824,5.75059,1.57326,5.73042,0.603205,-3.22703,2.09038,6.18090,-9.82594,-14.0335,6.19989,2.62283,0.805497,7.33503,-3.93993,-1.65118
156,8,4.44401,2.02014,5.55605,-9.27943,-4.21889,-7.33253,5.35383,3.58095,-9.02095,-0.598245,4.47379,8.13914,-5.25776,-2.90470,11.0292,4.53404,15.0766,4.21433,5.05708,-10.6619,-1.55732,-2.69901,6.46002,6.46942,-3.13201,4.13008,11.0264,0.583912,3.59733,-3.50729,-2.23597,-8.95476,18.5786,-2.29319,-6.93534,-15.7896,-6.88381,-16.5012,3.86575,-3.05699,-8.40734,-6.05309,4.92438,-4.87984,-0.212365,18.8540,11.4664,6.41400,0.0485448,-8.24887,3.32034,6.82126,-5.22368,-15.2440,4.95999,0.0511888,-2.61596,9.97582,-11.1812,-4.63351
157,103,-7.21431,-1.62862,3.71017,-17.6771,0.341654,-19.1014,-7.07059,-2.19292,-15.4921,4.57511,1.28367,4.48301,2.98366,1.84033,2.05350,-2.19606,13.4693,-7.07905,-2.22532,-19.5303,-8.07327,-13.2120,3.30395,12.2940,-4.98044,-0.157965,-1.60039,-1.68170,7.46955,-5.14332,-12.8191,-8.43453,19.8449,3.05820,-6.87791,-13.1490,-6.01637,-14.5448,4.02623,-1.55219,-6.88835,-9.15642,3.08396,-0.167837,-0.134622,9.10449,7.24782,0.716384,-0.603895,-1.60527,5.98064,0.123811,-7.06226,-12.6877,5.72990,1.49383,-1.40641,11.1195,-6.99129,2.61137
158,365,-8.93165,-7.90996,6.51908,-12.8903,-3.20226,-17.1843,-6.86406,-3.17398,-7.27772,12.2471,8.92807,27.0279,-2.19230,8.78773,4.16642,2.84090,10.3756,-9.84530,-4.76814,-11.3108,-3.61993,-18.1952,1.78910,2.08180,-12.0928,4.35698,6.68884,-3.99121,-2.84429,-7.04284,-3.23014,-7.28869,19.5247,9.76469,-5.49642,-0.362456,-10.2581,-17.7946,-5.74671,-5.21594,-5.64837,3.37173,9.77029,2.42160,0.295901,5.68488,1.90361,2.31845,-1.03628,-1.36606,3.78568,5.99356,-12.6657,-19.6316,7.19007,1.42454,-1.80125,8.20008,-5.10252,-3.20123
159,95,0.835339,12.4248,6.79795,-0.900207,5.17191,-5.12261,1.17677,7.15560,-9.46451,9.66278,2.95524,9.08357,7.63303,7.05975,4.07188,6.58625,14.9717,7.78184,3.68824,-7.36867,1.19913,-3.72386,9.05292,12.4908,0.451012,3.27362,3.80822,7.22880,3.08020,11.4341,-7.24067,3.57433,25.7696,6.12640,-1.95522,-7.70786,1.98257,-4.64580,10.1786,2.76939,-8.39537,-5.03796,8.65650,1.42511,-2.06101,4.94323,7.79131,4.86759,6.90811,-1.25832,4.76789,-9.87145,-10.0903,-11.6461,1.95865,-4.03832,-3.55987,14.1082,-10.8715,3.73864
160,351,-6.09644,-9.93084,4.38909,-9.14525,-7.03332,-17.1157,-4.94853,-3.04950,-7.19276,6.01462,8.25743,13.0746,-1.21188,1.00779,-1.14787,2.50665,8.85637,-5.71901,-1.89327,-12.7335,-6.14022,-12.7734,2.62190,-2.93074,-10.8189,-4.25929,7.81927,-4.42357,-5.65454,0.404374,-4.35032,-6.64585,21.2788,-3.86919,-9.07078,-8.98675,-8.02507,-16.7747,-4.71880,-4.95964,-6.65401,-3.77694,4.05748,4.70591,3.57296,4.97444,0.344167,1.06176,-1.07084,-2.28187,1.49985,0.190776,-10.4013,-13.2868,6.64546,5.93703,0.557832,8.62232,-2.46652,-1.18703
161,53,-5.55103,-2.57019,4.60036,-9.14185,-14.5222,-11.7845,-8.32554,-4.04202,-27.0327,-2.38301,-2.26703,3.95586,-16.1078,-2.86736,0.990144,-1.00214,4.69997,4.27433,-5.73156,-12.3188,-9.22571,-4.13985,-0.440539,5.61931,-8.86422,-5.56302,-8.36930,-1.92016,-12.8367,-2.94960,-19.5387,-6.23355,20.4613,1.42304,-13.2975,-7.69996,-6.79801,-20.8050,-1.33240,-8.27577,-10.8068,-2.20540,-1.06306,0.295006,-1.39232,12.7342,10.9267,1.06053,-5.98755,5.25680,0.347631,2.91970,-4.33063,-15.1513,6.36091,2.30576,3.29321,4.88563,1.59508,-3.82517
162,386,-12.6697,-7.46096,-2.21357,-13.9849,-11.3313,-15.8496,-6.86131,-6.00533,-10.3233,1.48669,4.44209,14.5333,-6.55101,3.56787,-1.65213,-2.16845,4.93270,-12.6626,-9.70608,-15.4340,-12.6823,-20.0296,-5.07246,-4.10508,-14.3091,-8.58844,-4.97783,-4.13288,-6.45851,-6.33731,-8.23273,-7.50353,11.4599,7.89991,-8.18583,-1.41987,-10.3912,-21.2971,-5.82690,-6.14807,-7.59159,3.97538,7.02414,-1.98685,1.21552,9.03644,2.07172,4.21449,-2.86933,-0.687835,2.75529,1.78332,-9.80606,-19.9012,7.64505,1.09173,0.296724,5.27170,-3.67457,3.35092
163,451,-1.81537,1.39473,10.7616,-0.261443,4.94353,-7.91301,0.275206,4.66921,-11.2886,10.2289,6.20549,13.3198,5.49760,4.81959,3.79545,3.73087,18.2556,4.44589,2.31496,-15.5895,-4.78981,-6.58842,3.57948,3.80884,-2.68297,-1.10330,2.16524,-0.00384882,0.975981,3.51844,-8.35927,-1.89217,25.3602,9.08789,-1.02491,-15.4236,-1.32126,-8.62597,6.70267,1.07653,-8.64655,-4.00619,5.75264,-0.823080,-0.690977,2.77814,7.99833,1.69550,2.18670,3.24835,5.68469,-1.69498,-7.90030,-9.12595,2.78963,-2.36300,-1.60398,9.75432,-9.46295,-0.539640
164,276,-0.641441,10.3814,6.82641,3.68355,2.20186,-17.0397,0.366875,-0.918311,-11.2859,13.9702,-0.481379,7.45412,3.06593,0.990216,2.65828,7.06060,16.2252,1.66983,1.85665,-13.3012,-1.66292,-5.46886,6.72993,9.65803,-2.01882,0.808686,3.65758,2.37230,1.20119,1.33086,-10.4250,-3.86433,23.7410,0.194742,0.603465,-19.1616,-0.356094,-10.5337,4.87808,-1.64390,-9.90088,-2.37648,6.29454,1.12010,-1.57663,4.87669,3.86471,6.22382,7.36431,2.11017,3.27609,-3.67513,-6.15209,-11.2021,2.66593,-4.10703,-0.496875,10.5464,-11.6283,-1.87251
165,20,-1.72098,2.52875,3.64277,-8.64108,-8.65894,-8.78200,-1.82464,-3.19797,-15.0832,2.16075,0.486452,6.20565,-4.09760,1.51569,6.83173,3.20719,14.0743,8.52353,4.17458,-6.90390,-2.56502,1.06475,4.37308,11.8462,-4.61357,0.762123,4.03604,2.11364,-3.96737,1.06519,-7.09530,-3.56445,17.6455,1.46649,-9.07418,-12.4732,-5.85130,-14.1667,2.28087,-5.10483,-13.0021,-5.08581,0.238781,-3.63560,1.49506,8.77461,10.5069,0.0894130,-5.48952,-4.46481,4.13206,4.48932,-6.72208,-17.6596,7.21782,6.71372,3.00104,12.0126,-3.48529,3.87110
166,59,-0.210407,-1.24578,0.725962,-9.25287,-8.77397,-8.76769,0.840039,0.0424975,-12.9867,-2.21280,1.64708,6.02401,-8.50111,-4.45763,6.33586,2.38772,10.1031,2.17835,-0.659901,-13.1585,-6.69467,-5.33388,1.42425,4.06977,-6.57403,-0.979985,3.83765,-0.448696,-0.314545,-5.37712,-4.62868,-9.08547,15.5349,-0.202364,-8.65758,-12.9358,-8.48566,-17.2906,2.27097,-4.59806,-7.89402,-3.67162,4.46625,-4.92150,-0.816618,18.7520,9.86162,5.74954,0.0568099,-5.20584,4.46085,7.84091,-4.30258,-16.5192,5.95043,0.700402,-3.30526,7.22720,-10.7946,-5.35393
