;Seasonal cumulation of Z-scored aggregated data for GIMMS of Kenyan divisions and Ethiopian woredas
adminID, pixels,1981S,1982L,1982S,1983L,1983S,1984L,1984S,1985L,1985S,1986L,1986S,1987L,1987S,1988L,1988S,1989L,1989S,1990L,1990S,1991L,1991S,1992L,1992S,1993L,1993S,1994L,1994S,1995L,1995S,1996L,1996S,1997L,1997S,1998L,1998S,1999L,1999S,2000L,2000S,2001L,2001S,2002L,2002S,2003L,2003S,2004L,2004S,2005L,2005S,2006L,2006S,2007L,2007S,2008L,2008S,2009L,2009S,2010L,2010S,2011L
1,528,-4.02719,2.04115,6.12105,-8.03310,0.0645091,-31.5055,-4.32918,2.69765,-5.54791,-6.18497,-9.97080,-2.05893,-2.37137,-0.279891,5.55276,5.49371,7.10099,-0.929338,0.519689,-9.29686,-5.22894,-10.6561,3.80759,-2.42243,-5.10074,-1.42782,11.9595,-12.8952,-0.546967,-6.62486,-2.87076,7.06001,14.8769,3.26978,1.05040,-10.4260,-5.06622,-25.8895,-6.28138,2.40138,0.148929,-4.67716,0.227778,3.77493,-3.95242,3.04676,-0.558070,1.45561,-7.27233,-8.64609,7.31154,6.64563,1.66113,3.18066,0.254711,-22.3396,-2.99082,9.56259,-4.29291,5.59533
2,564,1.94586,3.96677,10.7860,1.29531,2.34044,-36.9986,-3.64205,6.74997,-5.80777,1.29073,-10.0258,2.06950,-4.98364,-0.955250,4.26489,5.82578,7.74998,3.84667,1.55045,-13.0594,-8.14622,-9.76521,3.22297,-3.68040,-7.26967,-4.89693,5.52350,-4.40257,2.33796,-5.33868,-2.64916,8.35849,15.4977,7.90721,5.64120,-4.29852,-4.35520,-28.7637,-2.89206,3.84519,1.29680,-1.76258,-1.07318,-1.89847,-3.25199,2.90927,3.26812,5.93929,-9.08632,-1.13654,4.05991,7.83605,1.42778,1.42206,2.16919,-21.0704,-6.31809,7.56825,0.541933,-3.65210
3,392,-1.98041,6.51017,4.77053,-2.59524,3.07426,-18.4776,-1.89727,1.68425,-3.10543,3.67606,-4.54979,2.35505,-2.76082,0.531066,4.25615,8.34608,10.8270,6.58863,5.24240,-1.45979,-2.86433,-4.93455,4.97558,-0.628107,-6.95811,-1.51130,8.53507,-0.549615,3.10785,-1.09908,3.69417,7.49436,10.2975,8.57789,3.62997,1.00444,-5.08721,-21.1347,-4.61624,-5.02692,-0.606015,-2.86484,-1.43234,1.96545,-3.05581,1.09218,-0.200818,3.10239,-6.36912,-7.23779,4.70325,5.94033,0.431632,-0.0810970,1.81008,-19.0715,-4.43487,16.8205,-0.518765,5.36128
4,436,-1.43139,5.79949,3.38082,-2.48007,-0.994197,-28.9823,-2.47509,3.05759,-6.03413,3.61747,-7.15698,2.55876,-6.04992,1.26094,2.99938,8.66619,6.49054,6.83146,2.82963,-7.22730,-6.01842,-6.43406,2.96859,-3.10449,-6.92739,2.37921,6.13576,-3.77049,-0.819678,-2.32750,-2.54798,9.89870,9.33004,9.01168,2.82512,1.16709,-4.01059,-19.0816,-4.56832,-0.785443,1.92127,-4.70205,-3.16590,-0.876018,-3.43614,1.34368,-0.842080,2.16267,-6.63618,-4.43026,5.99919,8.02013,1.23858,0.312128,2.59979,-17.0501,-3.68498,13.6378,-2.18151,2.36751
5,440,-4.49800,1.78804,4.03250,-2.93998,-2.73714,-27.5846,-2.37920,2.28197,-4.77171,-1.35699,-7.11377,0.584712,-4.96201,-0.310645,3.62218,4.03922,4.68840,1.21813,-0.380341,-9.93026,-5.96659,-8.66380,3.64865,-5.83231,-6.01313,-0.816564,5.42387,-11.7581,-3.76569,-4.80805,-5.03536,9.25631,8.27012,4.92036,1.66746,-5.54217,-4.84158,-20.8713,-4.38671,-0.487772,3.14941,-5.15651,-2.88541,0.433722,-3.67140,1.86499,-2.38698,-0.953831,-9.14036,-5.58979,6.64925,10.8880,1.38638,-3.31767,2.93038,-19.7109,-0.522620,13.8345,-5.23356,8.19515
6,1553,-3.49167,-0.188513,6.23603,-12.1446,1.32629,-34.8680,-4.34343,1.25733,-3.16432,-9.26008,-8.55552,-1.13146,-1.48015,1.57576,3.72403,4.08914,7.48642,-5.57259,-0.527842,-14.4574,-3.38829,-13.8257,2.38837,-4.79229,-4.17556,-7.90749,7.06129,-17.4004,-0.660947,-7.74180,-2.91020,10.8932,17.4041,3.05342,0.950201,-3.57434,-1.79324,-24.0006,-3.49421,4.91138,2.35587,-4.99870,-1.23239,-0.786640,-5.90802,-4.75808,-0.789541,0.482104,-7.12067,-9.86442,5.60224,9.35398,-0.492669,2.95956,2.50265,-12.2077,-0.174278,8.48171,-4.48804,6.42679
7,360,2.39320,2.85859,7.08264,-2.23192,1.92198,-31.1361,-2.51977,5.40495,-9.69737,4.89642,-2.92214,2.64655,-3.68216,4.26536,-0.243138,5.63701,4.51234,8.48414,1.79721,-3.03033,-10.4668,-8.07937,2.25364,-0.781329,-11.6302,-0.465981,10.0256,-2.71498,1.65891,3.21483,-3.09230,6.59379,13.7678,6.07238,3.49041,0.475100,-2.34198,-16.1302,-4.94620,9.87988,1.79090,1.77682,-1.92117,-1.70321,1.93937,4.21350,1.82638,-1.05216,-9.78040,-3.85229,1.95779,6.19069,1.15339,-9.54133,3.98742,-23.2160,-2.01608,11.0972,-1.14262,6.20692
8,193,0.439703,9.55299,9.07705,1.70251,5.54071,-24.9805,-1.48059,11.5561,-3.83626,2.11587,-7.84758,3.08349,-3.13125,-1.76966,2.84515,10.8578,12.3753,9.62369,4.59480,-5.35981,-2.96536,-5.38077,3.14709,-2.33905,-12.2367,-2.03331,9.83420,3.63961,5.83970,1.39444,3.44516,11.2495,11.3403,8.29946,2.31312,3.40680,-3.81019,-33.4040,-1.35799,-1.23087,0.949471,-1.51764,-2.81632,1.61533,-2.90655,-0.476823,1.70602,3.97859,-9.36169,-3.32667,3.76175,5.44505,1.98387,-0.417985,3.63957,-19.7053,-7.72864,15.7917,2.97583,-0.155352
9,2510,-2.84589,-0.0117417,8.72070,-5.44794,1.29393,-24.8251,-2.11287,5.34128,-1.46112,-0.182021,-5.88535,0.620589,-0.182613,5.28990,4.70079,7.11318,7.50337,-3.05754,-1.41716,-8.12193,-1.83739,-12.2113,5.40044,-4.60432,-3.53408,-0.999224,4.45028,-12.1497,-2.38838,-3.25789,-1.64728,14.6256,17.0562,0.117285,1.31988,-4.16666,-3.16559,-18.9320,-2.64953,0.824935,2.66020,-5.41252,-3.54350,-1.44370,-3.58883,-2.03952,-0.954692,-0.490894,-7.63497,-10.2308,6.33837,7.05112,-2.05454,-2.47737,2.22979,-13.1470,0.711514,13.4791,-6.11021,13.8867
10,801,-4.77983,-1.64160,1.63244,-5.33435,-2.02409,-29.8210,-6.65005,4.04646,-9.07507,3.21733,-7.87055,2.87866,-5.31541,4.57840,-0.142767,4.62477,1.82015,-0.729742,-5.31645,-6.46326,-8.80631,-10.4385,-2.34702,-7.27478,-10.1221,-2.00911,1.06717,-7.67394,-4.32797,-1.25643,-4.14902,11.3017,10.4691,5.41607,0.724699,-1.81125,-5.79723,-17.5737,-4.78553,3.36059,4.25299,-2.22876,-4.15833,0.162600,-2.77407,-1.00483,-1.99063,-2.85723,-5.37849,-10.9432,7.65765,11.1449,-1.69293,-3.83148,2.81011,-18.8400,-3.88382,14.5951,-1.44352,10.4424
11,1230,-2.88852,-8.59248,7.89956,-11.0554,1.28795,-35.6427,-1.92094,-1.99650,-3.37385,0.506815,-2.20265,-1.21981,-0.353809,1.93862,2.82823,-1.99988,3.41442,-11.0045,-2.25213,-16.4207,-1.96814,-14.7997,0.995911,-11.3043,-5.63468,-4.92133,-0.0822348,-10.2849,-2.67856,-6.67053,-1.27071,7.31737,16.0688,-4.06739,1.48775,-6.11778,-4.08224,-24.2830,-3.11677,1.83816,0.995347,-1.23199,-5.51879,-2.33293,-2.72945,-0.212846,-1.32651,-1.17549,-8.37717,-7.76068,6.48124,9.19186,-0.560712,-6.47311,4.82357,-16.1878,-1.82694,11.2252,-0.644120,13.1196
12,606,-6.09582,-3.16830,4.67482,-7.70978,0.216787,-34.1067,-0.834320,2.02878,-7.18957,2.32632,-5.38832,1.98955,-0.645769,2.39430,0.961277,1.25433,1.95263,-5.19652,-3.02180,-14.4202,-9.54179,-16.2177,-1.86638,-6.77079,-6.47116,-1.44911,3.49407,-9.51603,-4.56740,-1.70128,-4.80653,11.5217,14.6819,1.79555,1.62185,-2.45098,-5.45819,-18.0787,-5.17595,3.28828,1.71407,-0.894175,-7.46209,-1.07306,-2.19305,1.90000,0.239775,-2.59627,-11.1090,-11.0687,5.05127,8.73464,2.93459,-4.58202,5.62835,-21.9929,-0.420559,14.4498,0.174963,13.8344
13,212,2.35988,5.17237,7.96318,-1.29701,4.86969,-22.0685,-2.46152,3.40921,-2.80790,-0.887366,-3.90709,0.0333192,-4.14286,-6.47658,7.82887,7.81234,14.4738,6.70269,2.06075,-6.69614,-3.80419,-8.11880,10.3993,-2.31239,-10.7208,-3.77000,11.3988,4.95629,2.92366,-2.57805,5.06938,11.0453,11.7692,7.34752,3.14380,-1.93677,-7.75102,-33.0896,-3.93735,-4.12762,-0.408009,3.09878,-3.05104,3.69615,-3.41240,0.502849,-0.466207,2.53950,-5.76810,-6.81485,2.71909,4.78392,4.18575,2.73346,0.306038,-23.1750,-4.43436,17.9889,0.548370,-1.22604
14,267,-0.227844,6.28016,5.46680,0.194191,1.72147,-24.8890,-4.55163,7.62470,-5.77536,7.97043,-3.96345,4.67635,-4.70427,3.04551,5.87860,12.6136,12.2045,10.3641,-0.123576,0.803307,-4.68604,-4.67717,6.33596,3.86102,-10.5852,4.35533,16.2392,4.23608,-0.815409,-0.904898,2.45577,16.1886,10.2429,12.6830,2.51509,-4.34981,-9.12606,-30.0282,-5.05627,-3.13108,2.62992,4.02408,-4.12457,5.54622,-4.32760,0.352087,-4.19093,4.97435,-4.11295,-7.54473,4.77267,5.88884,2.43628,0.862708,1.83482,-21.8497,-0.693066,13.3841,-3.21634,-2.50688
15,2000,-5.19143,1.38612,-0.506011,0.0356596,-6.88266,-8.62868,6.79455,14.3254,-9.74606,16.1784,6.16110,5.15271,-9.10504,-1.07132,-1.95918,3.49298,1.69547,14.6815,6.94141,1.32766,-5.37485,-0.136845,4.50512,1.99487,-3.23219,-7.15716,4.34320,8.16517,-2.57603,-1.44334,-3.96619,15.9101,27.9514,33.8622,-2.36179,10.3554,8.04845,-1.27248,-6.84771,9.09145,7.51944,15.3848,2.48876,0.953748,0.305306,-4.63063,1.66059,-9.08488,-12.1775,-7.08410,8.33192,-6.31311,-2.94374,5.10374,-1.98032,4.95338,-0.528967,3.33952,-10.9005,-11.7140
16,998,-0.377687,11.1792,4.34779,-0.654398,0.731656,-2.73065,16.4009,9.12408,-3.25367,4.16805,15.0463,3.26253,-1.91638,0.876442,4.49573,1.95307,8.23143,15.6335,8.22888,7.63550,2.69536,1.87114,18.5722,10.1762,5.34768,-0.892845,14.0748,9.52850,1.69590,0.337737,0.994767,21.5832,48.0587,36.6154,5.11537,5.90805,9.24458,0.453718,-2.45594,11.7809,4.63710,15.9594,11.1436,13.2695,2.62280,-0.243440,2.70033,-4.83858,-9.40257,-0.459133,12.3511,-2.39967,-7.86942,3.72852,-3.76928,-11.4726,-5.25667,-4.35390,-10.7397,-20.9710
17,6117,-4.69072,1.11728,2.27734,0.235098,-6.39254,-9.79100,-1.72053,0.590200,-6.30992,0.347424,-2.32930,9.22604,-6.68773,1.66551,-3.94702,-0.822807,3.87095,11.5243,0.256337,1.59661,-9.53984,-5.81291,3.25728,0.511630,-1.75596,-0.538185,0.822570,-0.346182,-2.98308,-4.80173,-4.83287,8.19917,19.4737,28.9487,0.780753,6.58707,7.97053,5.38417,2.26414,5.67381,1.87446,12.3349,3.25392,2.53863,0.716534,-1.34175,-3.12768,-7.40825,-9.82617,-6.37754,11.1542,2.17678,8.42188,9.20411,-5.15207,-9.38366,-2.23019,2.06287,-12.0896,-9.47995
18,830,-7.60282,-2.39960,5.83622,-3.73394,-5.87720,-8.23254,6.15641,-2.43509,-7.52062,-4.50438,0.378383,-3.42989,-6.65863,-0.908742,-2.74705,1.19017,5.30910,13.9187,2.89604,-2.44833,-7.08579,-6.21140,4.80658,-5.14220,0.862968,-2.47575,3.07874,9.09592,-0.597656,-2.57941,-3.95261,4.28584,26.0565,27.6873,5.04438,2.02541,7.65093,6.24363,-3.33226,9.26190,2.45520,7.69766,5.16921,5.33973,-1.44178,-5.46559,-4.96081,-11.3415,-9.86784,-10.5631,8.91173,2.92992,3.16854,10.3148,-3.81826,-10.4426,-1.35341,12.3198,-9.68135,-10.0511
19,4205,-4.94636,11.2623,1.98720,1.82212,-4.05648,-4.21120,8.04905,9.81058,-6.76248,12.9634,2.87842,0.490209,-5.41315,9.58450,1.47960,3.96309,1.03678,14.7771,1.95634,3.73043,-3.72360,2.00532,6.22963,5.04073,-1.40672,-0.203195,4.73909,7.95471,-3.39983,-0.909964,-2.80237,20.4759,24.7384,43.8584,-0.314525,5.36127,6.71593,0.660580,-5.22189,8.35484,4.55411,15.8956,4.76686,3.46206,1.61056,0.645588,0.433064,-5.49746,-9.46049,-1.24815,16.1707,3.05769,-4.14969,3.12562,-5.36178,-9.87680,-1.35523,-4.16430,-11.7948,-13.7547
20,1751,-4.85692,-1.84199,1.18384,-1.45289,-6.53677,-9.68047,6.21252,7.37847,-9.39291,9.75661,5.80289,-3.30354,-8.38433,-0.207906,-4.20792,-1.06388,2.48825,14.3596,4.05446,-0.721128,-8.14741,-6.21387,8.09639,-5.37327,-1.41548,-7.21048,2.15437,10.4773,-3.36683,-6.77400,-5.48948,5.25091,25.0896,33.3431,-0.834977,3.00761,8.73205,-0.502103,-8.03220,3.33902,5.54690,15.0185,1.68290,1.75309,2.11641,-0.492725,-1.98921,-9.90747,-10.3071,-8.22188,8.21148,-0.718638,2.74225,4.87404,-5.38031,-4.17350,0.968691,7.56895,-11.6183,-9.03937
21,4122,-6.94946,5.06833,1.81638,1.87794,-3.75678,-5.74551,5.32902,15.0876,-5.20175,10.6515,2.00975,-1.90288,-6.57618,6.78052,-3.39970,-0.330062,4.50819,18.1589,1.41960,1.52968,-4.88286,-2.29686,2.20417,-0.0794899,-1.20657,0.110623,2.87618,9.31257,-2.15333,-4.03220,-3.20115,1.99645,21.4450,37.4083,1.82064,1.67926,8.61883,2.02008,-5.36134,6.32170,2.73196,9.68178,0.749396,8.03133,0.779728,-3.59037,2.61263,-3.82753,-10.5830,-8.21926,14.7276,2.23913,0.301287,1.29658,-6.57718,-7.58699,-0.665384,8.84390,-12.2172,-13.1903
22,3765,-1.47293,2.91407,4.92330,16.8598,-0.00492215,-3.69648,0.0615286,15.1919,-7.06082,6.96413,-3.31519,11.0831,-5.72063,7.79813,-4.03775,-0.676399,2.89555,18.9198,2.13381,4.41440,-8.50217,-7.45045,1.52777,2.80371,-3.24336,5.90631,1.68290,8.82000,-0.0143878,-5.39937,-6.74804,6.72499,18.4356,29.8058,0.962366,12.1411,2.06371,-1.27781,-0.924847,2.75897,-1.84240,9.25758,2.89048,0.710393,5.26733,-9.98186,3.09198,1.29300,-12.7137,-7.21971,12.2534,6.80474,6.33776,8.91777,-3.65328,0.304667,-0.358259,3.71025,-13.7586,-16.5558
23,2421,-3.09079,4.37377,4.60126,-5.71352,-0.715585,-9.03537,11.7093,-0.182163,-4.01422,1.96393,9.64072,-4.34536,-2.50303,-1.64897,3.61304,-4.39408,2.71025,4.76414,5.63789,-0.982279,-0.266020,-4.77323,11.8955,-0.0805019,2.15467,-7.30451,7.96512,3.92958,-0.630803,-6.22699,-0.598983,16.3986,38.7299,33.8310,2.22426,1.36946,7.44679,-5.26376,-1.95405,10.8141,5.62762,19.2839,8.42777,7.73108,0.982205,-4.50004,-2.92856,-5.20160,-10.9119,-2.51013,13.0788,-2.01601,-8.17418,4.36314,-4.00566,-12.7292,0.951301,1.23983,-10.7059,-16.4751
24,1196,-6.54211,12.1073,4.21353,2.37376,-6.97870,0.848408,6.61763,13.3264,-7.80505,9.48403,3.65124,7.92999,-7.77713,-2.58626,-0.397098,7.43673,5.60231,23.5516,11.7369,9.41315,-2.25780,9.54183,14.2477,18.3922,1.94850,7.25163,13.0074,8.86872,0.163405,3.39384,-0.922736,16.9523,24.6774,36.1242,6.18275,7.53022,5.97757,1.64371,-5.90329,8.41753,4.35837,11.5138,5.54313,8.11809,2.95212,-0.0287744,6.11977,-5.50280,-10.1086,-2.33911,9.53671,-2.31363,-3.01969,1.77504,-4.81972,-4.74422,-3.98265,7.79823,-13.3136,-22.6942
25,10352,-6.09487,-2.24491,0.274433,3.24313,-5.67546,-5.85071,-1.41457,2.15833,-9.46483,0.459482,-2.99677,6.96091,-7.08515,0.856055,-5.54552,-2.32698,1.99438,12.3454,-1.56084,-2.30636,-8.90890,-6.03854,-0.0983105,-2.61029,-3.11307,-0.879635,0.0610154,5.05607,-2.47677,-6.41581,-6.08098,-1.19733,16.0263,29.2213,1.43164,8.89191,5.24094,3.17503,-1.34301,4.63210,-0.0942909,10.5969,2.86815,2.31965,1.24916,-10.0399,0.625332,-2.69375,-11.5831,-7.63382,10.8342,6.27094,7.30062,7.55785,-3.79003,-5.82847,-1.97174,5.59794,-11.5027,-10.7795
26,5919,-11.5326,-4.31161,-2.03928,4.52399,-9.61152,-4.37516,-1.72223,-0.559680,-13.7516,-3.31963,-5.06161,2.86098,-11.0379,1.54116,-8.63284,-5.99714,-2.59123,2.22966,-1.16199,-6.33199,-13.3023,-10.8608,-4.85552,-3.20567,-7.47251,-6.84203,-0.230314,-2.09506,-8.31680,-6.63913,-12.2252,-0.495468,9.00519,13.3363,-5.41705,8.93041,1.90612,-2.77571,3.16564,9.05430,-4.35501,5.40276,4.70483,-3.45365,-1.55500,-0.937334,1.85807,0.731534,-5.87441,-0.967008,12.2676,7.32169,3.94563,1.37711,-7.08975,-7.83449,-0.803760,4.00762,-6.83807,-14.7025
27,2691,-11.1562,-3.92346,-3.23693,3.76576,-12.5654,-11.1739,-1.81982,-3.24250,-12.1538,-0.883549,-3.34555,5.84601,-9.40640,4.87829,-5.51642,-11.7178,-2.74102,-3.04322,-1.85318,-8.13882,-14.6174,-15.7892,-3.32193,-4.37204,-6.69079,-9.16703,-3.57480,-2.05850,-7.41101,-9.41659,-10.5876,-1.93367,11.5258,14.6454,-7.76363,10.0612,3.17457,0.807258,3.90256,9.79133,-3.28341,3.64686,4.13406,-4.93991,-2.06254,1.33465,3.14276,1.45887,-6.91815,-2.12433,13.1840,5.04482,3.65852,3.36215,-7.61677,-8.79446,-2.57651,2.18941,-7.48496,-10.9694
28,1761,-5.61968,-5.97723,0.509292,5.99763,-10.5866,-19.3698,-4.89991,-2.62938,-7.77794,-5.69210,-5.00111,8.57538,-7.36897,5.57641,-2.97239,-13.7426,-0.592735,0.103750,-1.35173,-7.02876,-11.3980,-11.3835,-1.27410,-1.05661,-6.74563,-12.5517,-4.00389,-4.15144,-4.74236,-7.82905,-8.14747,-1.54848,11.7723,17.1782,-4.69179,12.0987,2.73794,1.90276,4.60928,4.65637,-2.55746,3.16230,7.14238,-1.28917,-2.56338,4.87466,1.56986,-2.23978,-9.26759,-3.42047,12.6741,8.82620,2.18628,5.39373,-5.82962,-8.67043,-0.330707,-1.33927,-9.24465,-9.95415
29,2624,-7.10344,-3.58545,-0.848049,3.07854,-9.34863,-7.70810,-2.06679,-0.522648,-10.4937,-1.79073,-2.60250,3.79424,-10.9480,1.90642,-4.92406,-10.0431,-0.137604,-3.98861,0.108940,-7.73486,-13.5208,-15.7343,-2.03112,-5.05123,-6.79335,-9.27622,-0.132272,-2.76240,-6.78359,-9.84635,-9.92169,-0.0434656,10.4465,12.3948,-3.60643,8.62673,3.16124,0.202076,1.85510,9.21813,-4.37212,6.77387,2.61035,-2.45695,1.51767,0.669924,0.483299,-1.20860,-4.63139,1.01520,13.5728,5.76239,6.37467,-0.234542,-10.2115,-14.2209,-3.53959,3.52903,-6.09332,-8.84751
30,2011,-4.26564,-1.96428,9.96925,3.18959,-3.39621,-9.38767,4.39662,3.08345,-3.27974,1.05721,-1.32817,-3.64105,-3.28795,1.17326,-2.04000,-0.514495,3.90028,12.8424,9.90186,-1.37592,-2.42254,-4.07082,9.39057,7.03994,0.514745,2.38936,12.7291,1.26165,-1.89763,-2.67516,-3.44988,18.8954,24.7046,31.6676,-0.295901,3.62025,1.36230,-6.15148,-4.03887,2.14196,-1.71587,13.2349,7.62202,10.1899,1.08957,4.53773,7.06691,-2.46156,-11.9407,-0.998083,10.6597,2.81706,-1.15777,0.672724,-0.391539,-14.0872,-2.20782,1.16359,-12.9058,-17.2110
31,4476,-3.43690,6.36136,5.17681,0.178305,-2.11945,-2.10803,7.77068,9.12855,-4.15408,3.11259,5.79546,2.84141,-5.11691,3.67507,-0.645979,4.06005,8.62842,18.4169,12.6834,6.71764,-0.864727,4.09912,18.5772,13.4884,5.17342,6.04108,15.5895,12.5231,-0.819851,-0.134731,-0.629703,12.1875,33.8252,37.7898,5.13950,3.77778,6.35954,-1.14818,-4.37956,6.58657,2.86081,13.9919,6.78730,8.83722,3.98656,2.78661,5.83830,-0.585555,-10.1303,-0.159004,10.6731,-2.23796,-4.35032,1.08826,-4.41199,-6.88101,-3.53649,-3.10472,-11.7911,-20.3224
32,2560,-3.14607,9.72437,6.74011,5.44890,-3.24036,-1.27704,5.80867,11.0384,-3.76229,7.32241,0.160793,4.13890,-7.59346,7.68339,-0.795869,11.8550,8.93859,24.7032,13.9073,9.78240,-1.20239,7.86644,13.0691,20.3451,3.28927,8.17204,8.57137,14.6074,-3.21184,0.753603,-2.31595,18.9146,21.6381,37.1896,3.30399,5.19891,3.67668,0.230621,-6.91619,4.81438,1.89967,16.5241,4.75276,5.70160,4.40584,2.15384,8.41231,2.72736,-8.92656,1.30823,9.14826,-2.73743,-1.62054,2.94410,-3.37623,-9.13059,-5.95120,-3.23006,-13.1116,-21.0755
33,14721,4.73028,-1.15120,11.6931,-1.66759,1.52298,-6.56652,9.53128,9.69377,2.62476,0.0762346,9.38821,0.172443,1.20865,5.13284,2.50703,4.44266,8.42223,19.7737,16.4674,-1.18351,2.84724,-4.29652,19.4616,3.42708,7.34588,-2.39509,13.6461,0.773834,1.54386,-4.17100,3.13554,9.58893,48.4445,32.1517,7.16527,-1.12155,6.29391,-4.15230,-1.47920,8.70230,5.28125,19.8676,7.73839,12.2223,1.07169,-2.96335,-0.369903,0.278399,-8.61783,-0.681239,10.7098,-1.74507,-3.24594,1.06605,-3.03313,-15.1728,-7.83772,-5.03869,-10.0289,-16.5355
34,4436,0.752979,1.18190,5.06233,-2.93723,-0.401435,-7.49249,8.94761,-2.39568,-2.20774,-0.139396,10.9934,-2.96831,-1.97591,2.85073,3.43503,0.588921,6.68534,8.33132,7.95159,-2.49047,-2.02815,-6.12557,13.6343,1.42090,6.53516,-5.06359,13.0594,2.62918,-1.18061,-5.08090,0.0847778,14.4472,38.4435,30.4434,5.00825,-1.47873,4.12147,-5.70820,-3.67326,7.87576,6.89120,20.2260,5.27499,9.42179,2.30775,-4.27761,-0.150459,-1.99068,-9.11473,-1.53982,14.4263,3.22207,-5.51843,2.61595,-2.37797,-16.1250,-5.49805,-1.71578,-11.2274,-17.7127
35,1378,-6.45430,-6.11192,5.23156,-2.56445,-3.79324,-16.1679,3.77305,-10.6110,-6.46670,-0.0896344,-3.07428,-5.93146,-6.32101,-3.94291,-4.71797,-3.11167,3.06006,3.13082,5.65215,-6.84680,-4.07372,-11.3116,5.83096,-2.53443,-2.87135,-1.91916,8.83731,-8.87163,-1.53406,0.703416,-4.72643,8.31202,27.3522,27.7568,0.243015,7.13233,-2.42324,-14.5166,-2.12819,-8.88386,-4.49577,6.46663,3.97414,4.02258,5.33949,6.98264,4.73321,-1.09342,-11.3782,-5.34242,6.93273,4.66957,1.72431,-5.15296,0.0561689,-14.3274,-2.68298,9.13725,-13.5533,3.52139
36,5271,-3.17457,4.77882,11.9443,3.24516,-4.45877,-6.35582,-3.37057,2.41358,-0.216985,1.42977,0.0295027,16.9953,-3.71454,3.98986,-6.07067,4.81041,1.78298,5.00264,1.86104,-3.56498,-4.73958,-0.646195,2.02807,11.4090,0.400667,3.84668,4.32707,3.10625,-1.44804,5.53441,-4.96400,15.6398,33.2116,24.6208,-0.179447,8.65528,1.76027,-1.11439,-2.29151,4.07872,-1.92538,10.9824,0.421687,5.59406,-1.92708,2.86439,6.86728,-4.59965,-12.3058,-5.44559,16.0778,5.18720,-1.86202,0.340078,-2.57831,-12.2780,-0.00431418,9.71674,-7.79073,-16.4402
37,1688,-2.88421,3.44462,12.1851,5.63620,-3.72033,-7.88421,-1.52235,10.4512,-0.514336,13.1072,1.47886,21.2449,-3.29226,1.13518,-8.06336,9.07042,7.13012,17.8352,6.03394,3.51348,-4.44122,-4.57122,0.947710,7.10042,-4.26342,-0.140183,7.33092,3.29303,-3.82530,15.7813,-4.54516,13.0944,28.8170,23.5065,-1.54546,11.1165,-1.52822,-0.910424,2.02767,5.93675,-2.84018,8.00468,-0.465381,7.23908,0.898940,4.82312,6.95269,-0.837463,-9.98465,-0.327065,15.9202,8.06687,-0.676480,-3.11175,-1.57557,-8.61957,-0.772606,-0.298516,-9.31647,-20.8761
38,122,-4.86604,5.53449,16.4784,0.401624,-7.58833,-4.03123,-7.89679,1.03527,-8.08896,-4.11418,-5.29949,3.56946,-2.34769,-1.70064,-6.62155,10.4985,-4.68959,8.84466,-2.17262,0.226708,-8.69116,-5.06235,-2.51050,17.5006,-3.75209,3.36171,-2.70671,-0.667420,-2.98087,-2.04951,-7.19246,12.0215,19.9165,18.2185,-1.69038,15.2460,-1.90680,5.74570,1.14786,-5.09249,-8.87194,7.15434,3.12451,4.53308,-0.0541270,-5.97853,9.63209,1.16630,-11.7817,-4.90584,11.4113,-0.964606,-4.38326,4.53798,1.68896,-11.1148,1.94034,16.7421,-9.21419,-6.07755
39,732,-0.110294,29.2968,10.5235,11.2460,-1.98863,0.892642,-3.65283,22.0669,-3.86648,11.8682,-2.22364,21.9939,-6.25843,9.77254,-6.61978,20.0288,-0.519472,12.2302,2.99276,6.35579,-5.07653,-5.16124,5.08681,17.4389,0.614608,5.47911,0.376830,9.08590,2.15738,7.76770,-5.02753,29.7489,27.5574,36.9476,-1.73403,16.4155,-0.0692169,2.42204,1.71037,9.59724,-1.94142,12.2728,0.848219,-1.92452,0.353462,-5.56970,6.63864,-0.958313,-9.80362,-5.68451,15.1123,3.82593,-3.57741,2.36756,-4.38366,-11.1803,-0.729794,5.53932,-10.6554,-8.28552
40,2212,-5.14714,2.35521,6.96014,2.95653,-6.47429,-8.53832,-6.10221,5.59609,-4.18929,3.22996,-1.03428,14.5365,-6.00959,-1.46893,-8.52161,14.3342,-3.41239,3.27251,0.0257541,-3.26463,-5.84631,-2.59839,-2.13474,11.0411,-4.85682,-1.66500,-0.821360,1.02816,-4.48212,1.19723,-7.07945,14.7436,23.8946,25.2954,-1.44268,10.2033,-1.04889,5.63560,-3.15336,-1.66189,-2.55028,9.28413,1.11778,3.69661,-2.36689,3.14026,7.90632,-2.67713,-12.6234,-5.70455,13.6624,6.46613,-6.75494,-1.08354,2.38187,-8.53773,-0.246082,12.2453,-6.97641,-15.1676
41,172,-7.30305,14.5310,5.97774,16.5269,-6.19911,0.832663,-8.03356,11.4864,-6.21121,6.84969,-2.29492,8.67007,-1.11052,9.19026,-9.96591,12.5293,-0.208166,10.2125,-3.84519,0.407633,-10.4409,4.69071,-2.73350,19.9776,0.556374,15.0119,1.54932,5.04572,-7.04609,10.3381,-6.80115,17.2236,22.8759,28.3929,-1.38311,8.42301,-3.19627,8.78536,-2.01826,4.20846,-4.68869,10.0005,3.15578,7.46616,0.0363306,0.249365,9.94901,3.21376,-10.7562,-2.99919,7.70139,3.71936,0.438670,-1.63227,-6.75058,-16.1883,-0.224283,10.6440,-7.33318,-18.6818
42,777,-5.74267,4.21663,6.28780,4.22723,-7.48575,-4.52824,-7.01072,7.29739,-6.74900,2.34756,-3.22954,10.3459,-5.36126,-2.68885,-8.66462,11.6979,-3.47591,4.91571,-1.37872,-3.58573,-6.77593,-2.04981,-4.08365,9.94637,-5.33326,2.67889,-1.32905,-3.18476,-4.84741,1.96862,-7.63527,19.1656,27.1334,28.8010,-3.12137,7.56033,-2.25684,3.35871,-5.17685,-1.81978,-3.14293,10.8413,1.39793,4.44063,-0.538896,2.39746,9.94960,-4.08315,-12.8104,-4.52975,11.7186,3.38991,-9.07199,-2.87598,2.23296,-10.9194,1.41839,13.3681,-7.35860,-10.2094
43,2231,-8.39901,-0.382207,4.73638,7.46072,-6.51381,-6.26708,-4.61376,3.39263,-5.35022,3.01898,-3.33711,14.8958,-2.35876,4.19294,-7.71866,7.26541,1.66812,5.69518,-0.113445,-1.43722,-7.01274,-4.29456,-0.931323,7.77652,-4.84316,4.36651,2.16663,3.11369,-4.26330,7.08345,-5.26615,13.6598,25.4256,23.8475,-1.71624,9.08155,-0.861061,3.36709,-1.07806,1.76785,-3.28474,9.23506,2.88281,5.37613,-1.07076,0.636894,6.92752,-5.52252,-13.1731,-5.27189,15.2352,13.3611,-0.850068,-1.51139,0.138779,-8.56025,-0.251247,3.62803,-10.7332,-13.1390
44,2017,-3.85185,7.66463,13.5579,4.00169,-3.05907,-8.82795,-1.04913,5.99980,-0.586449,6.12718,2.47563,12.3035,-6.59807,8.58238,-6.09997,8.40260,4.37123,15.4134,6.75920,-3.40681,-4.28514,-7.87040,1.50388,7.58578,-3.49130,-4.45335,5.27531,-0.119827,-0.143903,11.3439,-4.41059,12.6314,35.5440,38.2450,-1.13324,3.38731,-1.76838,-0.805192,-1.93747,4.21429,-1.48360,13.0271,1.57747,4.22266,-1.14867,-4.90148,3.48135,-6.17095,-13.6788,-0.124147,17.9010,10.3161,-0.643867,-4.00719,-0.774060,-2.27282,-0.0522399,3.68186,-7.72529,-17.9854
45,1422,-4.30276,5.96211,7.14739,8.52194,-6.66071,-1.49420,-6.03123,6.75773,-4.78237,3.63096,-2.83221,12.5748,-4.92596,-0.147371,-8.42280,12.0631,-1.53294,5.58759,-1.37920,-1.76778,-6.46161,-0.950243,-2.34554,12.2650,-0.805882,5.44940,0.0446359,-1.55865,-5.29120,2.97466,-7.62574,13.1142,31.7220,31.4769,-1.31015,7.63127,-1.64910,5.44484,-2.39274,2.65047,-1.99741,10.6300,1.42875,5.14349,0.0108494,3.60489,10.9166,0.433868,-12.8036,-5.44750,10.0014,2.75025,-8.20446,-3.47449,-1.62174,-15.1695,0.680289,11.3966,-5.82150,-12.5180
46,1242,-1.42095,22.2351,15.6385,12.2990,-4.04998,-5.95704,-3.75682,11.9986,-4.49241,5.23897,1.75112,18.7826,-6.05252,11.5419,-7.26328,14.5661,0.0264909,9.92059,1.24205,2.04064,-4.74681,-4.45811,5.47671,15.0486,-0.593710,2.82188,1.41862,5.11920,1.47930,7.86477,-5.13992,20.2271,30.5179,39.3967,-2.39477,8.83175,4.54236,3.31790,1.95508,5.15106,-1.46425,12.7722,1.41478,-1.37697,-1.78403,3.08690,8.52173,-4.37926,-10.2569,-5.40117,14.8381,3.12598,-3.31460,-0.127937,-4.25126,-12.9043,-1.47351,9.85418,-8.66243,-9.80068
47,1118,-1.38875,9.23440,11.4548,9.85466,-3.48950,-0.544842,-4.75688,3.67376,0.179922,4.08495,3.10965,23.8765,-5.08895,2.53565,-6.22150,9.48575,1.02688,6.02861,4.41131,-1.33974,-2.83885,-0.849554,2.25703,9.24742,-0.0924190,-0.421816,0.448412,0.131682,-0.0848582,0.982011,-5.01585,9.44431,30.2708,34.5527,-0.303396,8.98171,4.54864,8.45360,0.715271,3.78481,-1.18475,10.3010,-1.04785,1.40814,-4.29360,3.78328,8.04883,-6.07043,-12.1159,-9.34375,14.1903,7.49320,-6.26902,-0.414263,0.0129031,-11.6058,0.461349,13.5543,-4.91088,-12.8904
48,2885,3.52591,23.2847,14.5282,5.45178,-1.56756,5.91786,-1.45464,17.2440,-3.68007,6.66191,-2.01065,18.6422,-4.01528,7.53066,-6.10684,8.98374,-0.448430,7.70662,1.96090,2.45897,-4.94928,1.02764,3.37098,12.8033,0.505203,6.43372,-0.372575,8.80413,0.799291,3.79365,-3.39060,23.7708,32.1782,48.2471,0.221791,12.1552,1.93843,6.12458,0.347621,8.46797,-3.28416,13.5895,0.157132,7.39785,1.76542,-6.11422,8.12043,-9.50583,-11.5677,-1.87277,13.0749,0.0142983,0.723759,3.67520,-5.88820,-6.77547,0.0370240,1.67210,-10.3824,-10.5486
49,2184,0.309117,17.0453,13.6738,5.91356,-5.96801,-3.02525,-4.89351,13.5004,-6.14605,7.23797,-1.26954,10.0752,-5.46767,11.2992,-7.90725,7.71371,-1.53816,8.21696,-1.12707,2.43164,-5.23670,-4.12999,4.01500,12.3771,-1.42065,4.62975,1.07157,7.31300,0.176348,5.87010,-4.45440,25.4595,32.1762,42.7376,-2.70966,6.29933,2.16872,-1.16138,-2.37086,5.51570,-1.57901,14.7120,2.98589,5.21853,-1.78242,-8.63516,7.15057,-8.03405,-10.4216,1.87812,15.4963,4.51910,-0.737899,1.33820,-5.42009,-10.2868,-2.88205,6.67051,-9.33465,-12.8962
50,1106,-9.41190,7.64776,6.51944,12.8017,-8.40801,0.977159,-6.42081,5.21316,-7.49604,3.17887,-3.68774,10.7813,-5.15515,5.67819,-11.7280,5.32425,-1.54455,4.28163,-6.31385,0.850330,-11.0939,-2.72001,-3.78468,16.2491,-1.42936,9.08473,3.79783,2.94967,-6.07170,6.03946,-7.58369,14.6972,27.4936,26.8018,-1.96091,10.6017,-4.02907,8.19972,-1.47673,3.81886,-5.11820,9.64192,3.90480,7.81620,-2.07448,-3.61930,7.41948,-2.54310,-14.5961,-6.75750,10.0756,8.23725,-2.06546,0.957590,-2.85252,-17.1810,2.38706,10.5890,-5.86414,-10.9599
51,1013,-2.14532,22.2986,13.8672,19.9954,-3.05853,-0.832644,-2.46604,8.14084,-1.51278,9.74243,-0.455831,26.5172,-6.90207,8.43642,-7.24137,23.2005,-1.78924,10.0417,2.25230,5.63477,-4.45673,-2.57854,4.57708,24.9616,0.878727,3.37556,-0.178891,6.21588,-0.496553,7.33381,-5.92854,19.9052,22.1385,39.4592,-2.38363,14.8721,1.22973,8.06261,1.43238,4.93642,-2.77398,11.1539,1.82115,-1.36411,-2.30918,-1.82114,5.53051,2.63768,-10.3020,-7.00503,13.8833,10.8470,-7.74496,-1.23966,0.972448,-10.4063,1.83512,3.98560,-6.62383,-11.7243
52,600,-6.09591,11.9285,11.2599,2.76698,-8.50664,-4.54613,-7.00739,7.33293,-6.11311,-2.68356,-5.39799,13.7677,-2.57203,1.81420,-7.69980,14.8279,-2.65328,2.44846,-4.18339,-3.12319,-7.63240,-5.58095,-4.33519,18.1597,-4.48963,6.59285,1.99000,-1.61460,-4.58919,-2.59248,-5.87320,10.4579,27.1055,27.9888,-1.38165,7.46156,-4.04696,0.366331,1.08834,-0.711886,-5.82529,12.1614,3.45173,5.46093,-3.15458,-1.02764,8.81319,-1.24834,-12.7349,-5.21907,12.8131,-3.04723,-5.42080,-2.54419,0.470695,-12.1696,0.634600,16.7644,-7.28699,-8.41885
53,3676,-1.88107,11.0383,15.4637,5.57742,-2.70886,-5.93260,-2.17655,6.79328,-0.831140,4.15631,0.506415,12.2611,-4.66423,7.52603,-6.53222,5.86007,0.843533,10.6582,2.96163,1.01196,-3.36262,-2.36156,2.82119,12.2407,0.0698115,0.887875,5.21353,2.28190,-1.15440,8.82594,-3.39297,14.9468,33.0327,34.7444,0.303685,10.4705,0.236741,0.0215554,0.776805,5.23401,-2.25563,12.1385,1.32539,6.66531,-0.754779,-10.5251,5.56421,-6.09969,-12.3691,0.141007,17.8412,9.76278,-0.270916,-2.25910,-1.67580,-7.43659,-1.82615,5.89667,-8.92072,-13.5178
60,567,-2.79218,11.4979,9.66658,5.13734,-6.49273,-15.2490,-4.56499,20.9861,-1.85761,8.09762,0.728607,12.2121,-4.71265,10.9490,-4.53279,9.98319,7.40808,5.21300,3.66532,-3.38357,-8.34896,-9.68681,-2.04401,-3.16402,-4.54240,-11.5282,4.68482,-3.40119,-5.12030,-0.327426,-8.33295,4.08680,20.0554,26.7487,-3.13738,-4.84405,0.177954,-11.1396,-12.1151,-1.01270,-8.78016,5.19668,2.70000,1.34805,-1.74767,-4.27823,2.30237,-10.2224,-10.5363,13.2467,17.4025,12.0951,1.99121,3.79929,4.47158,-6.10896,0.0908748,4.54602,-9.23163,-18.6096
61,3387,-4.36330,7.36676,8.62335,3.27022,-4.26659,-10.0822,-1.29801,19.4595,-5.34588,4.53980,0.165729,13.8435,-5.28423,8.12999,-4.92127,7.08280,5.39741,15.9734,2.54909,-2.93157,-7.47376,3.18471,3.74735,7.66819,-4.66797,-2.71086,4.44199,7.97693,-2.21807,3.30714,-4.30538,14.4224,29.7076,41.4338,-0.671592,6.64721,4.17137,-8.53880,-6.49417,9.50982,-5.79058,10.4980,3.35574,2.17689,-0.618166,2.41986,5.01025,-6.99497,-10.4245,10.7914,18.1327,6.26250,-3.50375,0.0947658,0.0754709,-12.7492,-1.49861,-2.70672,-9.48884,-19.3023
62,4092,-1.71288,8.14193,10.3239,-0.600082,-2.11334,-9.86849,0.298773,18.7378,-2.15805,5.09990,2.71745,11.2870,-2.81519,8.57458,-2.30858,6.93191,7.76730,14.5163,3.29312,-6.70086,-4.14733,-2.98499,5.71122,9.24097,-1.90918,-1.32552,9.02673,7.41643,-0.760488,-0.764908,-1.49577,11.3138,39.5623,35.3554,2.05922,6.69826,2.72848,-9.85632,-5.88621,12.3612,-2.72238,12.2388,5.94051,7.09259,-0.260242,-0.758973,1.72609,-5.15691,-10.8373,1.37104,13.6011,3.05957,-2.65771,1.98643,3.95157,-11.7207,-1.80062,-1.82706,-11.0781,-18.6459
63,3285,-3.82989,9.61201,7.80906,-0.832361,-3.56943,-11.7058,-1.27907,20.9289,-3.97296,5.29420,1.55805,11.6624,-3.99442,12.3834,-4.08418,7.37865,9.07337,13.0640,2.54472,-5.97835,-6.61620,-0.490399,5.94980,7.38650,-3.56079,-3.43082,8.78693,6.33747,-1.86192,-3.35066,-3.13254,10.5874,36.2510,39.6975,0.651585,5.33860,3.24015,-12.4424,-8.45356,9.53507,-5.19288,12.1814,4.77606,4.11614,-1.41405,-3.51783,3.18197,-8.44440,-10.6677,10.6284,19.0184,5.36392,-2.10700,-1.58899,1.12109,-10.9573,-1.05094,-0.0549718,-9.94264,-17.2614
64,4720,-6.23251,-8.32408,6.58103,-4.68230,-4.02877,-20.6467,-0.562384,2.46977,-2.21895,-2.81260,-2.02778,4.63011,-0.653867,4.92838,-4.66828,-5.32969,-0.0717037,-7.48765,-1.50130,-18.4076,-7.27919,-15.9480,-4.43435,-11.9984,-7.16275,-6.54947,6.13430,-7.71066,-4.92406,-0.392101,-4.00664,7.54398,19.0750,16.3584,0.720951,-1.08323,-2.02753,-16.2366,-1.25346,-0.639267,-1.42412,4.57733,1.96106,1.57168,-2.98696,-1.49871,-0.0439139,0.842252,-7.28386,-1.26477,6.30468,10.0680,-0.889070,-6.59694,3.33498,-11.2018,-0.964512,6.90874,-9.73150,-2.76642
65,5836,-3.11630,-3.58714,10.5938,-0.831371,-2.12280,-7.62246,4.16940,6.63235,-2.10573,0.289014,-0.140300,-1.09399,-2.45173,4.73063,-1.55876,0.368870,8.61645,13.0705,9.20589,-4.65083,-1.02525,-3.22851,9.87990,2.21224,1.62622,-0.836905,14.9363,3.34763,-0.912070,-4.38846,-0.287954,13.6956,31.7250,27.0744,2.14131,1.20426,2.60265,-5.10278,-2.48739,2.91248,-2.20102,13.9857,6.37553,12.2490,0.135428,-0.256779,7.36904,-0.862330,-11.6927,-4.35907,9.59292,2.13116,1.88054,3.19364,0.205445,-14.4853,-4.95100,3.13936,-11.5783,-17.6478
66,6003,-4.72143,-4.45813,10.8248,-1.17284,-3.10607,-16.6957,0.726083,-0.0658361,-5.22401,-2.70015,-2.53700,4.80786,-5.18194,2.61084,-4.93139,1.46341,5.17068,9.52415,8.73825,-9.15987,-4.33951,-6.37413,1.73008,-2.13388,-4.72557,-0.729779,12.1619,0.266110,-1.21287,0.202387,-3.35556,10.5586,21.5441,25.4942,1.59288,0.826845,-0.244196,-14.8067,-4.67238,-1.81548,-2.26208,5.61447,3.73253,3.92179,-0.0918537,4.45603,6.01199,-1.61776,-10.6946,-3.45199,6.43471,10.0613,2.74446,-0.461031,1.08129,-15.3497,-0.864677,7.73377,-12.5031,-9.09149
67,3374,1.46309,2.29271,11.3513,6.53831,-1.29755,-15.5613,4.32115,3.40900,-3.27730,-3.36741,-0.564675,4.86389,1.10806,5.41884,-0.120695,3.76566,1.49786,4.62562,2.46556,-14.0983,-5.39040,-8.99180,-2.51178,-5.52759,-3.47675,-0.284931,10.0039,-3.38533,-4.57674,1.50338,-2.45434,16.3650,20.0291,15.0234,3.55446,1.88569,-0.274875,-14.5920,1.97482,2.63533,-1.31216,9.15756,4.16854,1.90396,-2.20279,1.67943,0.275075,-6.25306,-9.19976,1.57086,5.55938,6.97881,-2.18553,-3.35339,4.34478,-10.1590,-0.0855814,4.78107,-9.17560,-8.94159
68,1574,-4.20613,-7.54008,9.02977,-8.63056,-2.01514,-24.5094,-3.63071,-4.37284,-1.50952,-2.40426,-2.67581,-1.73950,-4.59718,3.22652,-0.140843,6.93529,8.63439,6.30446,4.14701,-8.60607,-3.68146,-12.6811,1.22216,-7.43671,-9.61496,1.46627,10.2028,-1.97386,1.39233,2.55147,4.64528,6.79186,16.8470,12.5188,1.64592,-4.67103,0.466952,-20.3157,-4.90439,-0.0388053,-3.23000,5.26698,1.80373,3.68308,3.14358,0.758249,-0.709002,-2.83230,-8.83065,-6.46705,3.91846,5.29666,4.62447,-2.15492,-0.0618829,-20.7419,-1.82718,13.6898,-7.83481,3.54025
69,3045,-0.291445,-9.45541,10.1378,-5.04151,-0.622694,-29.2164,-1.37098,-6.01535,-4.56697,-6.44186,-3.55302,-3.00770,-4.20329,-1.44074,4.57015,2.20087,8.20236,2.91697,4.24350,-11.1506,-4.18659,-15.7592,2.07947,-10.0560,-5.63301,1.42151,12.6151,-7.33589,0.483370,-0.419386,0.100308,9.65733,22.4804,11.3827,2.58440,-2.52771,0.259264,-21.2885,-0.717717,0.586263,1.88328,3.51143,-2.62969,1.24159,0.126327,0.129551,-0.668568,-0.801572,-7.72813,-2.51727,2.33421,5.60297,5.01937,-4.28058,0.512020,-15.4143,-1.40062,9.90695,-7.55715,2.03503
70,3497,-2.81957,6.77256,4.85278,4.27011,-10.1640,0.785881,3.59650,5.80626,-5.36303,5.52532,-2.00919,6.19908,-11.3920,8.93267,-4.35908,13.0749,4.43443,15.2087,-1.28053,12.4731,-4.68233,8.22498,3.34829,5.32390,-2.90407,3.93581,4.84747,10.5438,-0.760722,9.92583,-6.66072,12.3131,18.9469,31.9784,-5.17576,5.58988,1.03671,12.6599,5.47488,5.06826,0.621341,-0.328944,9.92423,4.75827,-0.692370,0.589619,-1.25280,-0.609825,-9.14556,-1.32791,10.2715,7.18101,0.0291598,6.52089,-5.98556,-20.0383,-4.20510,6.43926,-4.44761,-8.25235
71,7686,-7.24663,-2.18520,2.70844,-1.97416,-8.55461,-6.19290,4.27204,7.81855,-7.10976,9.04699,0.910815,3.03224,-7.24631,-1.17625,-0.392978,6.99350,10.9594,22.6822,7.09754,-2.66738,-3.72442,-1.54199,10.9334,-0.201543,1.57444,3.46317,6.60728,5.63485,-0.682590,1.78281,-4.25985,9.20791,20.1262,36.7693,4.16771,6.73099,2.25530,-3.93389,-8.22660,1.05228,6.70573,13.4864,3.62733,1.07530,2.57078,0.722450,6.21845,-5.97917,-11.1319,-5.44306,6.95173,1.29189,-2.36006,2.35130,-6.62312,-3.68147,-0.198804,10.6580,-9.89844,-15.5338
72,6021,-4.41730,1.92539,5.61404,1.80270,-4.99165,-5.06717,4.20852,0.725225,-6.34386,4.13455,0.386503,3.64986,-6.14722,1.25424,-1.91477,5.04032,8.95224,25.3868,5.07797,8.53142,-3.97573,1.06718,10.4108,1.57111,0.0190539,-1.28243,0.273391,7.18020,-0.485037,1.65229,-4.07501,6.21092,27.0551,36.1092,1.63726,8.38601,8.80797,3.28262,-3.58617,7.98475,3.80508,11.8898,7.63907,4.55912,-0.877973,-4.63512,-0.284970,-8.84847,-9.90860,-5.97141,8.94371,-4.43633,0.202415,9.01018,-6.39376,-12.7386,-2.38609,12.5285,-8.43282,-9.34245
73,2439,-5.79023,-1.98943,6.38496,1.27365,-5.92528,-7.19254,7.64804,1.72103,-7.99545,4.79196,2.82537,-0.583533,-7.70890,1.10101,-0.692308,7.61773,11.1461,26.1460,6.36820,-1.70889,-7.91911,-1.28809,9.54641,-1.74816,0.719461,-1.00870,1.73633,8.46117,-2.79530,-1.47492,-7.07875,2.21890,16.9807,32.5497,0.0227529,3.48723,4.32817,-3.13956,-8.60042,-2.94037,2.74192,5.65002,4.41706,3.42903,-1.53619,-6.12119,-2.88451,-10.3089,-9.53845,-5.74074,6.71618,-3.53909,-0.0809378,10.6648,-3.93757,-5.95802,3.00050,17.4729,-7.32841,-2.60848
74,10874,-5.78063,4.82658,9.14710,2.22262,-9.55211,-7.50804,7.40130,1.58291,-6.63753,3.64305,-1.21073,6.86559,-6.90208,2.03370,-2.58078,6.06569,10.3821,21.4250,1.97852,14.5500,-5.16950,-0.249862,10.6750,5.32373,-2.48478,-1.33668,0.288780,6.13297,-3.09975,3.82375,-5.57009,6.56779,27.3143,38.0033,0.0774756,8.13888,7.27985,8.01581,0.0246330,6.70489,0.786995,10.0423,9.79609,5.54922,-0.623521,1.98862,1.21171,-2.62577,-8.58624,-0.693933,7.23640,-5.24293,-3.57556,4.00054,-5.81020,-17.0048,-1.30921,9.45959,-6.26392,-12.1778
75,634,-11.3316,0.620853,0.0169740,4.41511,-10.1120,-16.0794,-4.80559,0.880251,-7.13986,-5.44573,-4.64301,5.29465,-5.15190,6.07552,-4.71962,-9.64128,-0.0264038,5.71732,-1.51506,-0.276240,-9.73096,-8.50432,0.415631,0.165454,-6.70525,-12.2353,-3.71884,-2.31069,-6.56841,-7.47378,-7.23903,0.752541,9.87993,15.8608,-1.33578,8.08290,2.34403,-0.565021,3.83322,3.75340,-2.17704,4.69157,7.46013,0.926608,-1.90207,5.02210,-3.02290,-6.47735,-7.18126,1.95065,12.5339,7.53250,0.954447,4.33010,-5.63920,-9.80499,-2.09076,-0.312023,-9.02576,-11.6125
76,771,-8.34113,-11.8982,0.751985,1.99157,-12.4152,-12.9861,-4.75733,1.07901,-9.86018,-4.66273,-2.08884,-0.409085,-4.28116,-0.596197,-5.88463,3.70547,-0.370021,2.23306,5.14921,-8.30403,-8.70574,-4.51799,-0.00208485,2.23255,-5.29062,-12.4052,-7.98496,5.58561,-3.46656,1.32503,-8.39219,-0.689812,3.46097,8.16896,-3.72379,5.83171,0.560656,-6.44695,-5.43035,4.97355,-2.78322,2.83165,6.43082,0.0352156,-0.447101,-1.67217,7.46773,2.94758,-7.75979,4.82200,10.9669,9.64405,1.71775,0.305464,-7.44527,-12.7243,1.59535,6.41885,-10.5762,-17.5819
77,13950,-7.32652,1.81794,7.00613,-0.0550366,-14.6600,-13.5876,1.52116,-1.31461,-7.29805,1.03006,-2.96203,6.03801,-9.85645,7.60314,-3.32311,3.26183,3.19406,10.5965,0.513692,3.39885,-7.07487,-4.36468,4.35251,0.333564,-5.08157,-4.24110,-2.92388,1.29481,-3.14539,1.80337,-7.61697,8.12670,23.8774,25.3764,-3.59326,6.69227,3.03514,6.76919,2.33133,2.34973,-2.29880,2.18834,11.5613,5.96503,-1.96376,3.41325,4.10114,0.0982682,-6.76711,-2.07215,9.34948,5.48236,-0.109423,5.86164,-6.08777,-16.9388,-2.09157,2.84829,-8.46547,-9.19602
78,4303,-1.18703,-1.70930,17.0068,8.58278,2.98922,-9.40170,0.248701,7.19312,0.304122,17.0995,-0.0793938,11.9719,1.34960,13.6633,4.18182,5.38203,5.75610,0.783386,-0.289930,-0.812796,0.491197,-7.12559,2.11454,8.88352,-1.49412,10.7928,16.3237,-3.15295,-0.792544,0.219221,1.09535,10.0552,30.9242,13.7416,3.74032,4.84814,1.66367,-8.31670,4.72867,1.75157,1.23623,7.30483,5.96886,5.79252,-1.14943,-6.40395,0.0309378,5.12358,-6.69037,-4.01797,4.52677,5.48339,-2.71162,-5.94477,1.14523,-11.6838,-4.97504,10.3396,-7.74997,-7.74497
79,2244,12.0194,17.2104,29.7043,26.7621,15.9373,11.6043,19.5036,21.7333,13.8152,23.9946,6.66760,17.6574,12.1574,12.3844,12.7949,17.2225,9.72702,26.5864,8.28749,10.9153,6.90673,3.92355,8.05504,11.9610,5.74641,14.5142,16.0935,3.10168,3.14339,9.46917,10.7599,26.5000,33.5622,31.0982,19.0879,10.5527,12.8453,5.16436,8.95096,2.67561,3.59292,11.9862,8.40929,16.6902,3.90267,-5.51786,1.78434,-3.68441,-4.84551,-7.70292,-2.63154,-3.36746,-5.22833,-6.12212,-1.84006,-7.96795,-3.77716,-0.287874,-6.57223,3.29860
80,3030,2.85670,13.9394,37.7623,29.8945,20.3994,7.65746,24.7501,12.9513,6.64629,15.0040,4.70707,27.6830,12.5101,15.2850,10.5992,15.2022,11.3587,17.3954,8.39122,2.91741,-6.09101,2.27153,-3.42328,11.4125,3.54722,10.0080,52.2815,-1.48788,-5.82292,0.191941,3.81619,24.1413,18.1768,32.8568,18.8756,10.7162,6.83945,0.702816,0.967320,1.33230,0.490874,5.70783,0.632599,7.77190,1.63059,-2.85292,-1.72441,-4.15187,-4.59585,-4.08605,-0.318510,-0.457104,-2.17542,-5.78170,0.961279,-5.57951,0.582146,3.61258,-2.29856,4.48452
81,9474,-2.88305,-2.98510,14.7480,8.73926,-0.0251502,-5.40216,0.190488,6.74918,-1.16825,14.0431,-1.94054,7.77239,-0.857219,11.8425,6.62227,8.99038,5.80531,4.58262,0.255066,0.410926,-1.95928,-3.50371,2.90592,7.60429,-4.00520,4.43639,8.41223,-0.554399,-0.870159,3.86435,0.408880,11.7392,29.3597,19.6150,2.43525,0.556048,0.966943,-4.37026,0.110898,-1.08898,0.241415,5.28607,7.30813,8.47296,-1.50102,-7.21516,-0.636343,2.93742,-8.03359,-5.92960,6.54914,12.1325,-1.61188,-7.09024,2.19903,-7.48273,-1.70104,8.80665,-10.1041,-8.82889
82,6267,-4.88831,-7.30827,8.11490,-3.20655,-1.27675,-15.3685,-3.87991,-0.269439,-4.84120,6.72219,-5.87668,9.72334,-2.00873,7.74913,3.73967,0.582923,5.42796,-1.86369,0.260379,-6.68635,-1.88017,-12.8352,-0.778932,-4.14096,-4.92521,4.89037,11.4681,-11.1001,-3.27472,-0.956763,-3.95797,8.33731,19.1628,1.33849,-1.45788,-1.60187,-1.09977,-21.4134,1.67128,-3.22615,1.90082,4.05215,1.77823,-0.737068,-4.52838,-8.77156,-0.0103320,4.54983,-8.46964,-5.11213,7.79803,9.42125,-1.36540,-6.97231,4.96867,-12.6993,-3.16839,14.4699,-7.77401,5.02542
83,4928,-0.433453,-4.88394,7.95202,-1.87203,2.88744,-17.4148,4.97182,2.27240,0.391907,-1.02161,-1.53716,5.37044,1.88549,4.19175,2.57415,1.88649,4.96764,-3.81711,-0.677117,-8.86671,-0.352130,-12.7300,0.602267,-7.90121,-3.70063,-4.73834,8.76894,-11.1203,-1.96232,-2.83827,0.404434,10.6065,18.6850,2.16261,6.37368,-1.97173,-0.366566,-16.2473,-1.43626,1.00364,1.03981,0.326757,-0.404173,-2.18192,-2.37996,-3.72114,-2.19340,-1.31853,-3.97811,-5.09311,2.56486,4.47498,-0.0229573,-5.92132,2.01501,-10.4731,1.06033,10.8332,-7.23223,12.0706
84,6517,1.81591,0.941109,13.8874,2.33466,4.33138,-6.28836,3.17782,12.4824,3.25235,12.5242,1.72201,17.4802,8.52657,18.3630,9.34279,7.03092,5.53018,1.81450,0.378295,-5.29105,-0.881464,-5.26881,1.10606,2.55228,0.146572,4.47300,14.4130,-4.71039,-0.795398,-2.80528,1.41188,7.80738,27.9064,8.35202,7.38772,2.83761,5.45289,-5.52093,4.38430,1.30980,1.81740,6.48629,1.78842,5.98863,-1.06571,-6.07225,-0.743595,-2.04504,-7.17385,-7.79235,0.480374,6.19871,-1.46839,-5.54865,4.52814,-9.75969,-1.33002,12.6416,-5.28107,-1.40703
85,8161,3.25440,1.58862,15.2589,13.1742,5.47107,-6.54841,11.9754,4.95402,1.67568,6.72220,1.31687,12.4608,6.19878,11.2597,6.49776,7.39241,7.60944,3.40163,2.14624,-7.85943,0.165671,-7.96698,1.47647,-3.06643,-2.62493,-0.754149,9.77331,-7.70570,-1.29246,-1.46783,2.90627,16.7982,19.3377,15.5857,8.01044,0.333345,2.09942,-8.76757,-0.000283480,2.56401,-0.225449,4.57153,1.32085,0.769280,-1.01830,-3.14707,-2.26046,-4.43901,-5.04273,-4.77613,0.887887,4.78037,0.497312,-3.78144,3.87398,-9.02587,0.232149,8.54184,-7.23721,3.94250
86,2127,-1.39360,12.7569,38.2392,14.2205,15.9168,11.0486,39.0394,8.62084,-1.60389,13.9182,0.256094,15.8493,2.87618,30.1947,30.1360,54.0341,28.0642,29.8739,8.53990,15.1869,-2.94250,4.13121,12.1725,34.1341,-4.60089,17.8632,41.4692,2.42522,-3.37376,7.37921,4.48274,13.0378,57.0743,43.3810,14.4219,5.80438,6.93480,-3.47299,0.171346,0.906006,-1.81075,0.752343,6.36721,7.70841,-2.06188,-5.22814,1.50992,2.13157,-3.70009,-2.48501,1.87688,2.79162,-1.59333,-2.49827,1.00610,-7.14037,-1.22417,9.30572,-7.71705,-6.24387
87,9493,-7.70501,-8.16103,5.45749,1.31152,-2.10980,-13.7739,-7.55483,6.18162,-6.61370,-0.542718,-8.45654,3.19626,-6.19718,4.47872,2.53061,0.613362,5.48260,7.40524,-3.10590,-1.78355,-2.19124,-7.63107,-1.14956,-3.52849,-7.92456,5.47729,5.47760,-4.50440,-4.20273,4.62084,-4.62555,10.6950,17.2888,3.47924,-3.73629,-0.0496914,-4.81984,-12.9129,-5.38011,-1.85463,4.77565,2.63934,5.11604,-1.97136,-6.71625,-8.49017,-2.62250,0.493368,-7.51111,-4.89507,9.61212,14.7773,-1.62200,-4.75113,4.02366,-5.92475,-3.96609,13.3834,-6.65553,-3.40626
88,3977,-4.34634,-7.99466,6.19598,-9.61776,0.328049,-21.9788,-2.49123,-4.14118,-4.03665,-0.0283400,-6.66438,1.55012,1.41035,4.35699,3.65634,-1.81141,4.43933,-3.13166,-1.32897,-11.1138,-3.21988,-15.3727,-3.51656,-8.61954,-5.76846,-9.21281,12.1012,-14.1569,-3.37027,-7.28216,-2.64160,0.392177,23.7647,1.27593,1.46030,-3.95941,0.253286,-19.7615,1.50013,-3.80346,-0.141732,0.625938,-1.40113,-0.750797,-3.11512,-10.5124,-1.22680,0.186511,-6.33586,-9.07889,6.48845,10.8578,0.922858,-2.46225,4.63049,-6.31235,-2.22303,16.0770,-6.43682,5.17294
89,2899,-3.40991,-5.12979,3.76636,-3.59571,-3.27453,-5.51109,-0.126943,-1.80522,-3.16023,6.12499,-1.91049,1.02743,-3.30115,9.04006,6.79876,11.7280,5.86934,6.78760,1.40926,-0.944300,-2.61348,-4.91019,2.47858,0.904717,-4.91164,1.47677,8.52917,1.38456,-0.302842,2.34644,-1.02976,8.90857,20.5188,15.1633,1.62107,-5.25787,-0.558092,-9.85348,-1.38687,-1.92585,-3.80950,3.81378,5.26950,9.94942,1.06361,-5.14802,3.52201,2.88393,-6.93183,-4.83383,4.50539,10.5962,-2.34750,-6.41212,-4.35325,-9.55652,0.136191,11.4187,-6.93739,-10.7857
90,5240,8.55133,11.6222,23.2086,18.2919,14.7750,6.43624,21.1852,26.6590,12.5795,26.5034,8.94303,36.4303,18.7889,39.3093,19.7741,24.8570,18.3451,16.2630,10.2205,8.00436,8.04650,4.40030,7.96356,10.2108,4.99891,6.01461,17.9461,3.36571,3.57483,4.20439,8.01083,28.3294,26.9678,29.1148,16.7737,18.9050,14.8694,6.23494,6.38713,6.90298,5.22796,14.9730,7.34009,8.87661,1.49450,-5.83894,-3.75315,-6.21607,-4.90119,-7.03029,-2.68640,-1.49236,-2.55194,-5.79031,1.75239,-8.76937,-2.59448,-0.148711,-8.12595,4.53340
91,6512,-8.94028,-14.2231,1.99117,-5.57356,-6.26326,-15.9384,-5.62804,0.503973,-9.07309,3.10706,-6.90100,5.92540,-7.91710,0.476781,-0.252296,-1.90186,3.72006,-2.55531,-5.20515,-5.44333,-4.43975,-8.46908,1.41732,-6.70424,-9.90912,-3.67285,3.76471,-9.93501,-1.52502,4.73968,-6.66699,6.05149,18.1957,8.02767,-3.39894,-5.69902,-6.07756,-17.6141,-5.17544,-3.26275,4.59291,3.36054,7.10908,-2.87346,-4.50971,-6.97269,-5.15358,-0.248736,-7.86254,-3.68481,10.4918,20.9705,-0.801739,-5.03448,0.284633,-7.93862,-3.79774,13.5005,-8.43845,-7.81598
92,936,1.28065,1.82758,11.0652,10.2248,3.90905,-3.45535,2.34844,14.7359,3.87209,5.36947,1.18166,12.1644,5.23827,10.2236,6.07846,3.10063,0.525576,4.43542,1.13088,-4.55054,-4.30047,-4.39209,1.48912,0.303682,0.727934,5.26154,6.94348,-3.23677,0.0783669,-0.148175,-1.09085,10.7673,14.7685,12.3871,8.66003,7.06043,3.91067,0.945139,4.37391,1.31661,-0.473362,9.55025,0.345055,12.4657,1.04551,-5.92824,-1.33557,-6.54859,-6.87625,-6.23962,-6.66170,-5.21101,-4.54305,-8.69161,1.81095,-2.93765,3.85684,6.70051,2.52019,5.52368
93,1908,-3.68880,-3.23866,7.75525,-6.76029,1.86176,-24.0522,-1.80500,-3.05124,-4.74188,0.324623,-6.10032,-0.618482,1.37544,2.07220,2.50596,-3.69660,4.06070,-6.61474,-2.56925,-21.2484,-4.64312,-18.4549,-2.06441,-15.1676,-4.99944,-9.97663,4.48205,-17.5812,-4.17045,-8.63495,-2.84453,5.13619,24.1841,3.49498,0.325812,-4.38036,-1.23476,-18.7209,-4.03031,2.75820,-1.32400,-2.28035,-2.50367,-1.81064,-6.16881,-5.99466,-3.41652,-5.37126,-6.90346,-8.98878,6.76674,16.0236,0.840996,-4.17866,6.69802,-11.0910,2.33514,12.6934,-4.84625,8.24021
94,1403,-1.27469,1.07758,8.55092,-0.983717,3.92908,-9.12000,3.01282,0.00111103,-2.84421,4.93201,-4.43157,2.56856,2.10117,8.18530,8.33037,6.28756,6.95024,2.18521,1.23650,-7.42199,-1.55076,-6.73120,1.76305,-0.885132,0.848981,3.05774,13.6355,-8.94600,-4.62942,-4.35613,-1.82765,4.20045,21.2356,7.12648,0.0215048,-0.0695658,-0.498039,-10.6793,-1.66774,2.30963,-1.19201,-0.594700,0.799537,-1.17040,-2.97890,-5.00559,-2.92274,-5.96263,-6.63297,-8.20645,2.30611,8.03299,0.690078,-7.76786,4.13732,-8.77646,2.91798,15.7261,-7.17429,11.4154
95,7006,-0.614020,11.1088,14.3068,0.691603,-3.06004,-1.29449,0.401782,7.27415,-4.56602,3.62893,0.574891,10.8685,-3.33664,8.35285,-4.47334,1.96035,2.08884,14.8550,2.45828,-1.64142,-3.90110,3.37987,12.1391,9.98823,-1.50200,2.16315,6.24203,10.1719,0.180238,2.76695,-1.71500,20.7746,49.0905,45.8239,0.721140,6.47721,7.09663,-3.13784,-1.60343,11.9407,-1.40583,15.8628,5.17905,5.97825,0.0580289,-0.418216,1.23791,-7.64700,-10.6321,3.98144,16.2252,3.96642,-3.33522,0.310822,-0.683417,-12.2887,-3.61885,-4.72902,-10.4223,-16.9574
96,2738,-3.59051,4.79621,12.0068,-0.696765,-2.82038,-4.30432,5.27446,3.62697,-3.64109,3.10400,0.173926,-4.67506,-4.08112,2.23801,-1.34669,-3.31718,0.367225,9.59421,1.93591,-8.03310,-4.29377,-5.07326,7.08836,4.86987,0.194808,-4.90006,2.47437,2.88909,-1.23812,-6.14458,-2.72195,18.0043,38.0548,25.1704,-0.777041,-0.291097,5.36385,-4.60056,-8.05972,5.59535,0.756834,15.2264,-0.894489,5.50407,3.70286,4.36530,4.08838,-4.60597,-10.7455,-2.50615,13.7471,-4.70463,-1.03459,3.08998,-4.99520,-10.7162,-0.342882,3.92302,-12.5144,-15.1712
97,878,-2.36019,10.3020,12.4111,10.2322,-3.21658,-8.68929,-4.44312,22.0085,-2.43739,10.8585,-0.664625,15.6081,-4.43104,9.13286,-5.65271,7.63397,8.49846,16.0028,4.29264,-1.05570,-6.54749,-3.21325,-0.446278,3.96161,-5.08205,-4.89783,2.41035,6.09403,0.0344037,5.69025,-5.76357,10.7028,23.7768,35.0160,-1.93674,5.70036,0.689233,0.0303224,-6.22052,4.95553,-5.62778,12.8404,5.26922,3.24502,0.306196,-5.73416,5.95294,-4.03526,-12.0127,8.72282,17.1179,11.7651,-3.92555,0.0991003,1.20667,-9.39937,-1.91338,-0.938821,-8.88794,-21.5204
98,4993,-1.39928,14.9684,15.1944,-0.0557982,-4.22625,-1.73899,-0.418395,9.42035,-3.26881,2.90096,-4.02820,8.70150,-7.30541,4.83889,-6.95895,4.41710,2.81262,9.99696,2.68034,-2.16675,-7.85765,-3.00952,2.67238,6.57156,-2.94108,-2.08095,1.35379,13.3182,1.09666,2.37761,-2.93417,23.9135,34.9985,38.4799,0.713045,1.36722,-0.190054,-1.57373,-5.21220,7.09630,-1.67232,16.6916,0.684474,6.85255,0.368569,-4.82811,6.71426,-8.58294,-10.7620,1.13648,12.5921,-3.22376,-1.52360,4.54507,-2.45846,-8.79585,-0.962673,3.16136,-10.9175,-14.0527
99,7766,-2.18452,9.61296,5.43858,7.27449,-2.97505,1.61356,0.905353,8.16171,-5.53159,6.67364,-3.17992,4.00589,-5.85460,5.75625,-4.62045,1.33695,0.350984,10.8178,-1.55671,1.43660,-6.88553,-1.88140,1.68467,10.3987,-1.04062,0.689078,1.21280,9.00017,-2.17068,-2.13668,-3.20927,17.1569,30.7325,41.4972,1.06640,2.28290,3.48080,2.72213,-4.14891,4.85780,-2.54650,15.6282,5.11144,6.02724,0.330394,-6.35649,6.50527,-8.24540,-11.5974,-3.88935,15.3253,7.28683,-2.30127,1.56980,-4.59538,-7.77668,-0.120000,5.34654,-12.3216,-14.4485
100,2487,1.22004,15.0932,17.7991,-0.105457,-0.986403,1.93506,3.37318,7.83942,-1.06118,5.70234,3.18968,10.6801,-1.22364,14.1086,-1.46600,4.24502,3.77117,19.9567,4.14457,2.22217,-0.701736,3.67089,14.8935,7.65602,2.63722,2.45036,11.2598,9.80896,2.51419,3.28319,0.0354661,21.9668,60.4129,46.5880,5.32966,6.68190,7.72046,-0.869483,-3.17625,14.1780,2.54934,13.4528,4.60459,8.66597,-0.0196629,-0.207248,-1.15701,-7.27556,-10.6682,1.95992,16.8237,0.537380,-5.15666,0.369398,-2.57509,-11.0702,-4.23582,-2.82099,-9.60747,-17.7896
101,7850,-0.0864540,0.726091,17.4922,-2.96094,-1.52588,-4.38068,3.03757,7.50796,-1.43942,4.86437,3.58463,2.31076,-1.96213,6.36440,-1.60365,0.0100415,5.11372,19.5744,5.64962,-6.76261,-2.19696,-4.25885,12.7950,-1.06321,-1.10305,-4.77712,11.2369,2.71761,1.00345,-3.28566,-0.578413,22.5769,51.0842,37.4631,5.63186,1.66861,3.35493,-4.73448,-5.10807,11.6326,2.08242,11.0975,0.803917,10.9481,0.00104141,-1.40419,-1.06581,-2.76287,-9.00182,-2.88721,15.5804,-2.16312,-3.75400,5.37111,-1.64566,-11.2801,-3.64347,-1.64891,-8.88350,-16.9029
102,3241,0.593213,10.3288,14.2162,4.81095,-2.74764,-4.83097,-2.58332,12.1502,-5.08860,2.76845,-0.499191,10.5674,-4.50675,9.26377,-5.59404,6.06440,3.57408,15.2198,1.52887,-2.75807,-4.20111,-1.40401,1.38575,8.83393,-2.79468,1.42537,4.66589,7.05594,0.866864,8.58160,-4.05576,16.5394,35.2059,42.2589,-1.11697,5.10868,3.43749,-1.50568,-1.17110,7.02607,-3.59737,14.5338,2.55727,4.79461,-1.44211,-2.35193,2.39901,-12.0372,-12.8371,-1.86925,17.0412,11.1683,-0.156112,-2.44635,-0.0418924,-4.43438,-0.668910,2.40691,-8.64018,-16.7906
103,7114,1.43207,9.41838,17.1955,3.25576,-4.52596,2.00453,-1.98633,9.79697,-5.80104,6.37593,-2.00563,12.4504,-6.58754,14.1122,-6.78981,7.14224,-0.0179610,15.7936,-0.111307,2.09171,-6.88787,1.78966,4.16786,7.85879,-1.99356,3.75051,1.39145,8.86699,-0.662775,4.84566,-4.62686,25.1479,37.7707,45.3557,0.354090,5.90340,0.495986,-2.35885,-4.43249,8.25025,0.0496679,16.1939,2.61995,5.23525,-1.76316,-4.36812,1.68291,-11.7175,-11.4267,2.25094,16.1866,1.54779,-1.74147,4.73377,-0.0494796,-8.54749,-2.51335,0.428927,-10.0510,-14.0078
104,5109,-5.93741,1.33294,6.79169,-4.80821,-4.93344,-13.2228,5.28564,-4.07449,-7.03028,1.83010,2.23859,-9.59156,-6.54694,5.05602,-2.24585,-7.10489,-0.100534,6.45460,1.52538,-11.0562,-5.73059,-11.5041,6.50855,-0.891158,-0.599637,-11.2650,1.08315,-4.89862,-3.47201,-12.2331,-4.78342,16.2714,33.0305,25.7460,-1.78042,-8.49174,6.21056,-7.68807,-8.99358,2.83216,0.798482,19.3462,1.35543,4.22783,1.27285,2.37827,4.56181,-7.02953,-10.6462,-2.73592,15.7206,-0.581934,-3.77344,1.37581,-4.81007,-7.04697,2.57756,1.91213,-11.4293,-14.6781
105,2880,1.35112,10.9366,16.2090,-1.36841,-4.00017,1.19527,-0.455336,8.77166,-3.42915,6.99097,-1.53476,7.83387,-5.73614,8.87541,-6.28612,4.37830,1.34012,10.0956,0.576308,1.00368,-5.96381,-0.969235,3.35791,6.91970,-3.10118,1.68661,0.983562,8.24832,0.263727,0.743500,-3.79423,24.1189,36.3737,42.3076,2.00185,3.36616,0.771265,-1.92473,-3.32212,6.21018,-1.43170,15.7516,-0.362766,8.17393,-0.288113,-5.93439,3.07731,-12.7198,-11.3023,-0.279046,14.9289,1.69618,0.187876,5.53746,-0.560040,-7.68640,-0.308568,2.22179,-11.3152,-12.9715
107,9545,-4.44003,2.71046,5.81548,6.51970,-2.92500,-4.37593,2.75208,5.81629,-6.69607,5.96188,-0.532798,-0.0652504,-7.03879,7.71223,-4.08794,-2.94855,2.45401,12.5981,1.28796,-3.00659,-7.07762,-5.71564,5.65423,2.80865,-1.44539,-2.19512,2.60548,3.10916,-2.59850,-6.29056,-4.79585,14.7469,27.4495,34.3833,-0.252407,-1.00128,4.17373,-3.35460,-4.69733,4.05623,-1.86401,15.3974,3.51406,7.49764,-0.0238374,-5.58201,4.92946,-5.79281,-10.9601,-4.08289,13.8131,0.670352,-1.91235,0.715620,-4.98561,-10.4177,2.35150,8.24928,-12.7277,-10.7112
108,4616,1.77512,-0.232700,17.2054,-5.04139,1.15983,-6.61579,7.32008,0.718771,0.322140,1.23748,7.98239,-3.74906,0.824605,0.118162,0.829167,-2.85967,4.48123,13.4446,7.15087,-5.01593,1.54561,-5.92261,13.7511,-1.21549,3.44638,-6.28484,13.5969,-1.67885,2.55726,-5.17410,1.40330,16.0446,62.3448,39.2923,7.14451,-0.180112,5.77895,-5.29744,-2.23978,8.30486,3.80589,16.5666,0.0658126,10.6668,2.18301,0.827460,-1.21269,-3.87434,-7.83022,-0.169713,12.2072,-0.443135,-5.15237,4.48557,-2.97021,-13.5755,-2.67250,-5.46229,-10.2391,-17.3264
111,1712,14.2751,17.7321,18.3896,14.4638,-3.39797,-3.98278,8.90867,17.0948,3.56987,4.83165,4.03635,14.6006,-1.54413,15.2138,6.40830,10.5301,3.42197,24.1224,8.00871,3.00024,-3.17851,3.03106,6.20987,12.7948,-0.730329,-0.332105,6.24779,15.6845,1.81542,0.109703,-7.74598,13.9398,28.7522,29.7513,11.7244,8.29046,4.73559,-2.43932,-5.03364,7.81261,6.10887,12.0241,2.29565,7.26166,-1.59580,8.11429,1.25210,0.643426,-7.86383,4.17035,9.37362,0.565096,-1.28339,-2.46148,3.70141,-14.2951,-1.22324,-2.98993,-11.7457,-20.8450
112,723,6.70473,22.3039,17.5761,10.8493,-7.23901,-5.93472,8.95561,18.4244,-3.24451,5.32353,2.42907,14.8921,-6.03082,11.4872,2.39155,14.3860,4.41083,26.1472,4.96135,-1.50726,-3.76442,3.99336,5.79910,15.9621,-0.642880,2.01664,9.26554,16.7203,-1.75265,-3.83337,-5.87524,12.7566,27.5247,37.0886,4.25972,3.31373,5.16262,-1.57529,-8.52114,10.1936,7.65634,14.3512,3.46675,7.48944,-1.68442,7.03529,2.64158,-1.13127,-8.89059,4.58413,10.7721,-0.968629,-1.28692,2.41223,2.17452,-14.8024,-5.42417,-7.33082,-13.8735,-21.8327
113,10222,2.34058,0.489014,13.0598,6.41799,1.74229,-5.08822,12.8116,10.7958,2.92186,-1.65468,5.69270,1.16023,1.30056,8.77064,3.77083,4.71206,11.0427,20.2785,9.88166,-2.12582,2.27527,-2.16810,12.1661,2.44105,4.79753,-1.96546,17.8641,3.89590,1.95045,-3.17727,2.56242,11.7664,38.8786,36.8421,9.24774,1.66896,4.88712,-3.16298,-0.662850,9.27791,6.21746,12.3079,3.77834,10.0135,-0.733209,1.47755,-0.00497451,-1.43934,-9.25143,-1.99023,11.0938,3.61137,-2.87463,-0.647983,-2.63886,-15.1349,-4.60118,0.836182,-9.54186,-18.3120
114,2974,3.49386,6.96182,26.8012,19.8459,2.97059,-2.75291,14.2023,14.6472,2.98002,17.4776,9.71025,28.5634,7.75919,21.0084,6.69331,8.88754,7.33454,14.1671,1.61007,-2.30133,-2.04449,-2.38753,1.17655,7.45830,-2.97276,1.55906,4.03537,-0.932732,-0.898517,1.44001,0.0300435,17.5905,22.6071,25.0683,12.7560,9.62419,4.27614,-3.67910,-0.964988,3.65687,-3.57989,3.65257,0.876633,5.35045,-0.717774,0.537192,0.0999857,1.08016,-1.45196,0.576489,3.03454,-0.576603,-0.364134,-1.59035,3.18216,-5.99691,-2.18810,-4.97692,-6.53387,-1.71296
115,3075,2.37079,4.95501,14.5254,9.61124,-0.735642,-8.30572,9.72138,9.94019,-1.35425,2.99308,0.866265,12.0783,1.78751,9.02868,1.12125,8.83728,5.68607,11.1910,2.79219,-3.32312,-0.665930,-3.51544,5.26096,4.58096,0.157612,-1.32149,14.6211,3.50056,-1.33314,5.44258,0.234833,18.5481,25.2430,20.2604,3.50659,3.70570,1.63666,-8.18504,1.80355,11.5739,-0.555727,7.26857,3.55291,5.65026,-1.36357,1.83311,-0.714255,-4.14392,-10.1998,4.31547,9.61086,4.01662,-1.68159,-0.510406,4.39064,-14.6581,-1.65628,2.84896,-10.6806,-18.1944
116,7489,6.32323,5.01692,11.4784,10.8938,4.51645,0.219902,14.1168,8.58097,4.06493,2.43323,4.13689,7.60360,3.49043,6.64022,4.18004,8.80086,6.82891,14.2025,7.07458,3.66255,3.77672,0.537742,12.3748,7.91668,5.23320,0.479411,17.8289,7.25617,3.55584,3.07191,3.48568,16.9141,37.8175,32.8620,10.4620,7.41856,6.10474,1.49447,2.91900,10.5925,3.49343,8.20314,4.17211,4.06549,-0.777326,5.14886,-1.97651,-3.54508,-8.93477,-0.114407,7.94060,1.42705,-0.0508120,-0.463612,1.19480,-12.5894,-4.36407,5.35960,-8.87919,-18.0841
117,11481,5.09443,7.12025,16.0424,4.23269,3.14464,-3.89412,7.27903,17.1922,5.51162,9.66620,10.3126,16.0706,5.32460,13.1275,4.43999,12.2242,9.84447,17.0345,6.98435,-2.20284,2.51158,-1.46930,8.60195,9.38282,2.91597,0.307665,15.8469,8.82999,3.41299,1.06082,4.63742,9.99957,47.1275,29.8570,10.1952,7.47971,6.31860,-2.45024,1.36544,12.0905,-0.155776,10.8807,5.00185,10.6552,0.0366964,-2.64961,1.87975,-3.80109,-7.68377,-0.794599,3.77334,-0.707492,-5.66690,-1.33572,2.99922,-11.3006,-2.02262,-0.693191,-7.68719,-12.3441
118,12617,4.13898,6.08196,17.7985,1.86966,0.828472,-5.73617,8.46600,17.5354,2.46292,1.78293,9.26364,14.3351,1.91976,7.39522,2.79407,6.29786,8.62344,19.2894,7.76417,-7.62378,1.66863,1.95692,11.2623,3.21881,2.34281,-3.27127,14.3700,9.49534,2.88052,-3.14769,2.13529,14.8604,47.3578,32.2758,6.43390,1.59643,6.29337,-4.36629,-1.91878,16.6601,4.91891,14.8464,5.92055,7.84588,0.0611555,0.962340,-0.932020,-3.87416,-9.50753,-0.00237522,10.1711,-0.936579,-2.50002,1.75608,2.16770,-13.3915,-6.76248,-5.83280,-10.9901,-18.0335
119,12618,1.00284,0.730755,12.2770,0.791986,-0.531320,-3.63046,4.88282,6.03659,0.621199,11.1126,4.01180,11.5216,1.41623,6.05323,1.93222,7.08191,5.27913,7.16497,3.30672,1.38562,-0.218242,-2.88978,3.70064,5.69681,-0.144366,0.278045,6.18625,1.45241,1.40781,2.51200,0.456273,9.22023,25.0397,18.6923,2.55949,3.96223,2.22066,-4.97620,-0.375972,3.66823,-0.373906,7.72368,6.86141,12.0713,1.53273,-1.14045,0.0289278,-3.38894,-9.73650,-1.96501,7.07423,7.90461,-4.90582,-2.48201,3.21881,-12.2469,-0.880158,6.55843,-9.74598,-16.7029
120,8959,7.45435,12.5346,26.7940,18.0326,4.83517,1.67004,21.0230,17.7115,6.44529,21.6807,11.5830,20.4779,6.92536,24.3853,7.51498,21.9985,11.1032,20.3126,4.72521,5.34315,2.26118,2.84624,5.88317,13.8115,1.46549,2.54284,11.4252,2.79743,2.71286,1.69115,3.25474,16.7558,32.9409,31.7651,10.0116,8.01589,8.61052,-0.726273,2.49719,4.19559,-0.151537,7.44922,4.05216,13.4044,1.66279,-2.76853,-0.625705,-2.13669,-3.83320,-3.10251,1.32911,-1.43627,-3.06992,-2.82953,2.67953,-9.18108,-1.04814,2.77693,-8.90962,-6.37158
201,6818,-7.62615,4.11191,7.23601,3.11612,-4.46058,-13.5941,-9.67407,4.77344,-8.48491,18.1944,0.561591,5.98917,-1.82292,3.78348,0.646059,8.94880,8.52734,-4.54220,-1.17561,-14.2873,-8.12148,-10.3782,0.452900,7.54814,-9.27248,-4.92849,3.31541,2.93969,-1.90700,-1.91927,-4.00013,-3.30087,26.4521,14.6139,-4.36435,-3.56644,-5.34488,-7.33982,-2.94571,-2.95901,-6.71686,1.93919,8.18983,6.95290,1.45017,5.08264,6.44013,-0.504445,-2.05379,1.30255,3.96100,-1.36142,-7.58365,-12.7011,3.78985,0.159638,-2.61861,9.63603,-5.84588,-7.54694
202,5933,-3.44092,7.88577,14.6798,-0.976630,-8.38880,-18.1818,-13.0153,17.1684,-4.52090,17.4675,1.12084,12.7529,-1.84465,5.74902,-1.78579,11.1528,7.31654,6.34157,-3.04538,-10.7608,-7.93250,-11.5318,-3.71646,6.10037,-7.48234,-0.509191,1.66305,5.83132,-5.07971,6.53906,-4.10442,5.67365,32.0882,22.0066,-5.87012,0.668031,-3.78924,-8.21871,-5.52456,1.89554,-2.58081,0.0890540,6.52506,7.01903,1.02134,8.99122,6.46733,-3.39205,-6.14635,4.49467,6.27711,-0.0686616,-5.70022,-11.8229,-0.214271,1.21678,-3.73124,7.54448,-3.58850,-15.9671
203,8017,-5.21873,-1.41571,5.80419,-4.39309,-6.52203,-11.6247,-3.74228,4.64392,-7.11141,13.0146,3.84414,11.9540,-4.42344,3.32466,-4.11822,1.46540,2.42076,5.27180,-0.467515,-7.29027,-5.25051,-7.55964,-1.30618,3.93543,-7.29014,0.485117,5.68982,0.0300400,-5.65124,1.63942,-5.39431,5.45991,21.3263,20.1673,-3.56755,0.416629,-3.35401,-8.61519,-4.53761,4.04770,-3.72552,-0.277693,5.66586,8.99562,0.696498,0.752837,2.02053,-3.40724,-6.13164,2.47338,1.19050,6.11737,-8.31799,-9.79652,3.31397,-4.24135,1.80904,8.63528,-5.11575,-13.2994
204,5072,-2.85138,3.82153,10.2244,-4.86838,-5.18944,-14.7060,-5.44145,17.1497,-6.00764,15.5776,7.24923,10.6033,-4.03734,5.30676,-0.498342,5.12531,5.46364,7.88396,-0.210945,-11.7902,-5.96552,-11.7542,0.280204,10.8496,-7.62314,1.48313,6.75942,1.73596,-4.76002,3.44290,-5.42234,3.02340,27.1888,20.5123,-3.73309,4.37649,-4.66336,-12.2499,-4.64425,4.56108,-4.05935,2.11499,6.06479,6.20400,0.141439,4.34842,7.28568,1.08669,-6.64683,3.43856,2.72801,-0.294384,-7.09021,-14.3532,4.84702,-4.25636,-0.991784,11.4317,-7.55263,-14.2815
205,2680,-3.78306,0.816232,8.32287,3.34564,0.0805620,-5.75676,0.594809,2.55351,-10.3469,6.87699,6.15844,9.29442,2.89280,1.27185,3.71970,3.07491,16.1717,-1.06479,-1.07361,-10.2368,-12.9564,-1.21858,1.32606,5.24652,-3.37872,-5.30728,6.17376,6.37013,0.700625,4.29892,-0.781748,-2.97784,24.3851,5.71056,1.15405,-11.4584,-5.10259,-9.77670,4.08087,3.57190,-8.78421,-0.762302,2.56282,-2.73845,-0.582085,0.528393,5.00874,5.54944,1.83795,4.59137,5.42180,-0.260458,-4.52814,-9.96587,4.69265,-7.45649,-1.20136,7.84984,-7.57496,-0.907377
206,1880,-6.40023,5.44695,9.89154,9.16796,1.76412,0.601503,-1.75319,6.24070,-10.2623,9.95760,1.29419,13.2944,2.92276,6.16077,-0.982528,9.27292,17.1232,4.96565,1.72784,-4.49204,-16.4774,-6.25666,0.731625,9.82100,-6.74837,-0.724091,4.97777,11.2006,3.87999,7.13060,-2.63953,0.573519,25.6926,7.67636,-0.753260,-10.2037,-10.7370,-10.9039,4.37762,4.88708,-10.5164,-4.75384,5.43451,-0.359095,-4.57319,-3.99910,3.90549,1.32624,5.20006,5.02945,2.97015,-4.89557,-6.95269,-4.11842,2.04864,-6.80300,4.20551,10.8217,-8.63771,2.86455
207,2284,-0.279188,11.2544,12.7066,5.80283,-1.27428,-15.3596,-5.30790,19.2547,-1.05363,18.0257,5.36097,11.3401,-3.20767,9.44739,0.244880,12.5676,6.75065,14.1413,4.63326,-3.94337,-4.76939,-5.28540,-1.37747,8.78881,-2.73570,-2.16781,3.44703,6.27750,-3.38674,6.15405,-5.27691,4.04013,25.5299,27.5012,0.648505,9.20936,-0.428468,-9.35258,-5.16566,5.37660,-5.13636,2.06901,3.64621,11.3812,5.23946,1.02379,9.48212,-1.35995,-9.13453,1.75486,9.93401,3.77945,-3.64492,-2.79210,1.57734,-1.12342,-2.01985,3.90135,-9.20916,-24.0107
208,1752,1.35396,11.0854,12.3475,6.09776,-1.06232,-9.77067,-4.93200,15.8534,0.430893,11.0390,2.27740,11.0502,-2.06157,5.07658,-0.375683,12.1180,6.79311,16.0697,6.57863,-4.44940,-2.10657,-2.94399,1.11247,5.56744,-0.891828,0.954429,5.99058,5.84088,-1.65373,0.552020,-5.72516,6.22666,27.5901,25.3874,-0.213904,3.83018,-0.599463,-4.55677,-7.14246,3.95129,-3.63835,-0.113681,4.39561,9.21004,3.41673,5.14821,7.23209,-4.40650,-11.1111,1.09939,13.9650,1.27083,-3.31028,-2.33373,1.62821,2.49788,-3.41275,4.41571,-9.57792,-20.7395
209,9245,-6.58202,-7.98564,5.14999,-5.34604,-6.50378,-7.06681,-1.96186,1.01152,-7.89535,5.92028,-1.05581,9.19273,-4.16622,3.19124,-0.436960,1.53623,8.55340,2.57641,-1.40001,-7.09923,-5.57741,-5.58977,1.61371,2.07498,-8.24355,1.17927,7.31907,-3.52977,-5.12272,1.46590,-5.49630,1.43788,21.0436,8.58553,-3.88038,-3.24117,-5.36578,-11.1155,-2.45741,-1.12345,-3.76950,-3.65123,6.95764,4.39827,-2.32952,-1.90483,-1.20731,1.33763,-3.98294,2.65817,5.64310,9.97382,-6.14438,-10.6823,5.41021,-2.50185,-0.577106,8.53326,-5.28970,-7.03750
210,6499,-5.12058,-4.80322,5.89459,-11.2371,-3.36054,-14.3711,-3.35458,-1.93083,-11.0461,6.69332,6.05638,11.3056,-1.20353,1.70763,3.95700,1.64692,12.7803,-4.92310,-2.97599,-14.6176,-6.63353,-9.41732,3.04546,4.32096,-7.54536,-0.982892,2.57529,-2.02738,-2.84521,-2.97698,-6.67357,-6.16974,23.3066,4.86826,-5.07185,-10.3715,-6.17038,-14.8812,1.53286,-3.20293,-7.42016,-2.10539,4.69689,0.481618,0.0251179,7.04232,5.18177,3.41898,-0.732545,-0.633240,4.10583,1.05306,-9.12310,-14.3338,6.00805,1.07025,-0.734401,9.31450,-5.67888,-2.10540
