;Aggregated and intercalibrated zCumNDVI data for eMODIS: extended by GIMMS for 1981S*-2000S*  of Kenyan divisions and Ethiopian clustered kebeles,,,,,,,,,,,,,,,,,,,,,,,,,,,,,,,,,,,,,,,,,,,,,,,,,,,,,,,,,,,,,,,,,,,,,,
adminID, pixels, L+S_R2cv, L+S_R2cv_within, L+S_gain, L+S_offset, 1981S*, 1982L*, 1982S*, 1983L*, 1983S*, 1984L*, 1984S*, 1985L*, 1985S*, 1986L*, 1986S*, 1987L*, 1987S*, 1988L*, 1988S*, 1989L*, 1989S*, 1990L*, 1990S*, 1991L*, 1991S*, 1992L*, 1992S*, 1993L*, 1993S*, 1994L*, 1994S*, 1995L*, 1995S*, 1996L*, 1996S*, 1997L*, 1997S*, 1998L*, 1998S*, 1999L*, 1999S*, 2000L*, 2000S*, 2001L, 2001S, 2002L, 2002S, 2003L, 2003S, 2004L, 2004S, 2005L, 2005S, 2006L, 2006S, 2007L, 2007S, 2008L, 2008S, 2009L, 2009S, 2010L, 2010S, 2011L, 2011S, 2012L, 2012S, 2013L, 2013S
1,6392,0.699788,0.752542,1.33056,0.418969,-4.93945,3.13484,8.56339,-10.2696,0.504802,-41.501,-5.34126,4.00835,-6.96286,-7.8105,-12.8478,-2.32056,-2.73628,0.0465572,7.80725,7.72868,9.86726,-0.817571,1.11045,-11.9511,-6.53845,-13.7596,5.4852,-2.80422,-6.36787,-1.48083,16.3318,-16.7389,-0.308803,-8.3958,-3.40075,9.81274,20.2136,4.76961,1.81659,-13.4534,-6.32194,-34.0286,-7.93878,-1.79967,-3.99733,-16.4041,-6.22002,3.41072,-5.10971,5.86017,1.97344,8.8069,-6.74151,-5.27754,15.8374,13.9985,5.56003,2.26738,2.73105,-27.6394,-4.71084,19.2881,-3.11433,-2.51118,14.4041,12.3099,14.0548,17.8718,9.55911
2,6548,0.6174,0.683402,1.59112,0.311736,3.40783,6.62334,17.4736,2.37273,4.03566,-58.5575,-5.4832,11.0517,-8.92912,2.36544,-15.6405,3.60456,-7.61783,-1.20818,7.09769,9.58125,12.6429,6.43225,2.77869,-20.4673,-12.6499,-15.2259,5.43987,-5.54422,-11.2552,-7.47987,9.10029,-6.69328,4.03171,-8.18274,-3.9034,13.6111,24.9704,12.8931,9.28756,-6.52773,-6.61791,-45.4548,-4.28988,-1.19302,-4.48562,-17.0954,-5.04377,1.4726,-6.77816,3.59544,6.8075,10.3379,-12.2615,-4.11417,12.7721,19.2954,4.48108,1.55419,6.16572,-28.75,-3.31713,21.7108,-2.87729,-6.81368,12.8441,16.7873,18.098,21.262,10.9515
3,4611,0.797602,0.832171,1.32909,0.138798,-2.49335,8.7914,6.47926,-3.31051,4.22477,-24.4196,-2.38284,2.37732,-3.9886,5.02461,-5.90828,3.26887,-3.53058,0.844633,5.7956,11.2315,14.5289,8.89568,7.10642,-1.80139,-3.66815,-6.41966,6.75179,-0.696013,-9.10916,-1.86986,11.4827,-0.59169,4.26941,-1.32198,5.04868,10.0995,13.8251,11.5396,4.96336,1.47379,-6.62256,-27.9511,-5.9966,-3.44873,1.41008,-5.56724,-5.79546,2.67523,-3.36818,5.67895,0.825051,4.34898,-13.0611,-4.87053,12.5925,12.5322,2.27885,-1.20352,4.45246,-26.5665,-7.58271,21.0031,-1.69267,-4.58198,10.8399,5.40963,11.4576,13.44,6.77001
4,5019,0.86474,0.88804,1.42992,0.175407,-1.87137,8.46821,5.00971,-3.37089,-1.24622,-41.267,-3.36377,4.54752,-8.45292,5.3481,-10.0585,3.83423,-8.47549,1.97845,4.46428,12.5674,9.45636,9.94385,4.22155,-10.1591,-8.43045,-9.02478,4.42025,-4.26377,-9.73021,3.57749,8.94905,-5.21609,-0.996667,-3.15273,-3.468,14.3298,13.5166,13.0614,4.2151,1.84425,-5.55942,-27.1098,-6.35692,-5.0746,1.41295,-8.67732,-4.1206,3.32054,-3.11544,4.88515,-0.242016,3.05795,-10.9507,-0.862361,12.3327,14.8243,4.69594,-1.85948,2.9953,-23.8734,-5.63007,18.0857,-5.40253,-3.82655,12.0906,5.42512,11.8585,15.8011,6.47298
5,5149,0.812242,0.845314,1.35889,0.222177,-5.89011,2.65193,5.7019,-3.77293,-3.4973,-37.2623,-3.01089,3.32312,-6.26205,-1.62182,-9.44465,1.01674,-6.52065,-0.199955,5.14432,5.71103,6.5932,1.87748,-0.294665,-13.272,-7.88576,-11.551,5.18029,-7.70329,-7.94901,-0.887444,7.59262,-15.7558,-4.89498,-6.31143,-6.62032,12.8005,11.4604,6.90841,2.48807,-7.30902,-6.357,-28.1396,-5.73888,-4.23431,2.03081,-13.7707,-6.90211,3.16708,-4.7976,5.54642,-2.91016,3.97768,-9.688,-3.59227,14.2426,17.7585,6.19911,-1.7121,4.15452,-27.3652,-3.32134,20.078,-7.55729,0.146852,17.1528,13.1133,13.1621,21.0945,8.62083
6,18444,0.717201,0.767128,1.50088,0.322579,-4.918,0.0396436,9.68211,-17.905,2.31318,-52.0101,-6.19639,2.20968,-4.42669,-13.5757,-12.5182,-1.37561,-1.89895,2.68761,5.9119,6.45989,11.5588,-8.04121,-0.469649,-21.3762,-4.76284,-20.4281,3.90724,-6.87007,-5.94444,-11.5456,10.9207,-25.7933,-0.669423,-11.2969,-4.04528,16.672,26.444,4.9054,1.74872,-5.04208,-2.36886,-35.6994,-4.92181,1.77424,0.606479,-16.071,-6.31366,2.93364,-8.98141,-3.37333,-0.867643,4.05324,-8.59961,-8.725,13.6769,18.1206,2.22047,0.548942,3.59001,-20.3256,1.77432,19.9827,-4.95762,1.08165,17.0774,17.2128,8.96448,18.7701,7.6805
7,4244,0.802337,0.837064,1.33456,0.0321611,3.22603,3.84712,9.48437,-2.94647,2.59716,-41.5208,-3.33062,7.24539,-12.9096,6.56673,-3.86761,3.56414,-4.8819,5.72454,-0.292321,7.55509,6.05415,11.3548,2.43065,-4.012,-13.9364,-10.7502,3.03978,-1.01057,-15.489,-0.589719,13.4119,-3.59114,2.24608,4.32254,-4.0947,8.83197,18.4061,8.13612,4.69032,0.666211,-3.09335,-21.4946,-6.56884,9.83817,2.45123,-0.767773,-3.4739,6.32442,4.34568,8.23116,3.43735,-0.214512,-11.0984,-7.8996,9.0058,13.5014,4.79232,-11.8038,1.52959,-32.6868,-8.58294,17.3464,-4.67406,-1.86906,6.15239,3.9128,8.26251,11.3391,8.61345
8,2316,0.756254,0.798787,1.5498,0.326797,1.00825,15.132,14.3944,2.96535,8.91379,-38.388,-1.96782,18.2364,-5.61864,3.60597,-11.8354,5.10559,-4.52601,-2.41582,4.73621,17.1542,19.506,15.2416,7.44782,-7.97984,-4.26892,-8.01232,5.20416,-3.29826,-18.6376,-2.82443,15.5678,5.96746,9.37716,2.4879,5.66611,17.7613,17.902,13.1893,3.91167,5.60666,-5.57824,-51.4427,-1.77782,-0.51637,-1.50026,-13.1097,-7.44883,4.45866,-5.55886,0.801674,2.66306,3.69003,-14.9657,-5.41112,14.2549,19.8577,6.23148,1.15061,5.78719,-29.3223,-3.74887,23.1847,-0.934596,-4.78391,10.4735,16.3999,18.9152,20.101,14.6016
9,29733,0.690352,0.745047,1.27401,0.161837,-3.46386,0.146878,11.2721,-6.77889,1.81032,-31.4656,-2.52998,6.96668,-1.69964,-0.0700596,-7.33616,0.952474,-0.0708138,6.90122,6.15069,9.2241,9.7212,-3.7335,-1.64364,-10.1856,-2.17902,-15.3955,7.04205,-5.70411,-4.34062,-1.11118,5.83154,-15.317,-2.88098,-3.98875,-1.93681,18.795,21.8916,0.311259,1.84338,-5.14653,-3.87116,-23.9577,-3.21369,-4.3029,0.0822228,-13.2777,-7.72809,1.37217,-5.2054,1.01989,-0.178987,3.12415,-7.86494,-10.2611,13.0881,15.5405,1.33161,-2.28478,2.96295,-19.6208,-0.0117826,22.0837,-8.29755,6.60698,19.312,20.6506,9.34088,20.798,8.51079
10,8643,0.736246,0.782721,1.24627,-0.0570164,-6.01397,-2.10289,1.97744,-6.70506,-2.57958,-37.222,-8.34477,4.98597,-11.367,3.95265,-9.86585,3.53057,-6.68145,5.64891,-0.234943,5.7067,2.21138,-0.966472,-6.68275,-8.11198,-11.0321,-13.0662,-2.98204,-9.12336,-12.6719,-2.56091,1.27297,-9.62082,-5.45084,-1.62287,-5.22782,14.028,12.9903,6.69287,0.846154,-2.31432,-7.28193,-21.9586,-6.02108,-8.68008,1.71135,-8.59378,-7.27771,5.92732,-4.85081,0.477775,-2.87435,-3.31922,-9.06066,-10.4755,12.1639,18.8239,1.33985,-1.9846,6.3378,-22.53,-0.865021,24.3446,-6.04826,6.00958,17.8145,20.201,16.1841,24.5251,15.0402
11,14326,0.712271,0.763074,1.4049,0.021397,-4.03668,-12.0502,11.1195,-15.5103,1.83084,-50.053,-2.67733,-2.78349,-4.71852,0.733421,-3.07311,-1.69231,-0.475669,2.74496,3.99478,-2.78823,4.81832,-15.4388,-3.14262,-23.048,-2.74364,-20.7707,1.42055,-15.86,-7.89476,-6.89258,-0.0941347,-14.4279,-3.74171,-9.35003,-1.76382,10.3016,22.5965,-5.69288,2.11154,-8.57347,-5.71374,-34.0938,-4.35735,-0.660315,-1.78975,-6.52389,-9.42509,4.34764,-1.36301,1.21618,1.24041,-0.111251,-10.0302,-8.2193,13.8907,17.3021,2.6251,-9.31414,3.51226,-27.4107,-4.22304,23.0418,-6.18758,6.33188,20.9949,18.0459,8.42349,23.13,10.5819
12,6442,0.822269,0.853536,1.31356,0.0482276,-7.959,-4.11352,6.18888,-10.079,0.33299,-44.753,-1.0477,2.71315,-9.3957,3.10399,-7.02965,2.66162,-0.800029,3.19328,1.31092,1.69587,2.61312,-6.77771,-3.92109,-18.8936,-12.4855,-21.2547,-2.40337,-8.84561,-8.45203,-1.85527,4.6379,-12.4516,-5.95133,-2.18651,-6.26544,15.1827,19.3338,2.40679,2.17862,-3.17128,-7.12143,-23.6992,-6.75069,1.74337,2.07855,-2.76477,-9.10964,5.37723,-3.30169,3.20402,1.00565,-1.13597,-12.0581,-15.0554,9.98803,17.2667,7.289,-8.04953,6.75651,-31.1661,-2.39005,24.4022,-6.39341,6.1782,16.0537,15.6887,9.25292,25.8734,14.8218
13,2512,0.70973,0.756786,1.28964,0.273392,3.31679,6.94389,10.543,-1.39928,6.55354,-28.187,-2.90108,4.67005,-3.34779,-0.870991,-4.76535,0.316362,-5.06941,-8.07906,10.3698,10.3485,18.9394,8.91745,2.93102,-8.36222,-4.63264,-10.1969,13.6847,-2.70876,-13.5526,-4.58855,14.9737,6.66522,4.04386,-3.05136,6.81107,14.5179,15.4514,9.74905,4.32776,-2.22434,-9.72263,-42.4003,-4.80437,1.84565,1.06407,-3.28239,-6.38656,7.16058,-2.7183,4.23696,2.83909,2.17232,-9.59639,-4.27151,12.3405,14.9708,6.41971,0.834156,3.17665,-30.7763,-12.9596,19.4021,-1.0516,-12.2924,9.53035,3.39383,11.8819,10.5575,8.24722
14,3193,0.84728,0.872739,1.47323,0.290466,-0.0452006,9.54259,8.34432,0.576554,2.82659,-36.3768,-6.41513,11.5234,-8.21797,12.0327,-5.54861,7.17981,-6.64001,4.7772,8.951,18.8732,18.2705,15.5592,0.10841,1.47392,-6.61315,-6.60008,9.62479,5.97864,-15.304,6.70687,24.2145,6.53119,-0.910819,-1.04266,3.90838,24.14,15.3806,18.9754,3.99577,-6.11781,-13.1543,-43.948,-7.15858,-1.73767,1.44797,-2.38184,-6.61303,9.59674,-3.80937,2.8203,-2.89482,4.11236,-8.80457,-9.92507,11.3156,15.2222,8.26893,-0.234986,3.95822,-30.3401,-7.59089,22.0964,-2.42521,-9.22834,11.3482,5.64511,11.1523,14.1302,8.96649
15,23951,0.607445,0.666455,1.29149,0.433084,-6.2716,2.22324,-0.220424,0.479138,-8.4558,-10.7108,9.20818,18.9342,-12.1539,21.3273,8.39008,7.08776,-11.326,-0.950515,-2.09718,4.94423,2.62277,19.3941,9.39785,2.14774,-6.50848,0.25635,6.2514,3.00944,-3.74126,-8.81032,6.04228,10.9783,-2.89383,-1.43098,-4.68921,20.9808,36.532,44.1658,-2.61714,13.807,10.8276,-1.21031,-8.41067,-3.36837,11.1353,24.7691,6.37696,10.4625,4.43696,-7.3956,0.250171,-8.31757,-14.4999,-13.57,13.8431,3.63399,-0.384453,10.7773,-3.10557,-5.19203,-2.74782,10.435,-16.8324,-22.2345,7.7307,-6.41941,-6.56696,3.18156,0.580982
16,11900,0.710521,0.755176,1.202,0.45368,-0.000299782,13.8911,5.67972,-0.332906,1.33313,-2.82856,20.1676,11.4208,-3.45723,5.46368,18.5393,4.37524,-1.84981,1.50716,5.85755,2.80127,10.3479,19.2451,10.3448,9.63155,3.6935,2.70279,22.7775,12.6855,6.88159,-0.61952,17.3716,11.9069,2.49215,0.85964,1.64939,26.3967,58.2202,44.4654,6.60235,7.55516,11.5657,0.999049,-2.49836,0.00119103,-1.60979,13.7707,14.2492,28.7983,8.00714,1.36877,6.61164,-3.32282,-13.8709,-8.49708,20.7697,0.552558,-3.45529,8.57808,-3.48954,-15.1523,-8.16682,0.458829,-13.8245,-26.5562,0.00862285,-17.2991,-5.64398,-0.37854,-9.28001
17,72727,0.849334,0.872506,1.27602,0.293024,-5.69243,1.7187,3.19896,0.593014,-7.86399,-12.2005,-1.90241,1.04613,-7.75856,0.736344,-2.67921,12.0656,-8.24065,2.41825,-4.74345,-0.756894,5.23243,14.9983,0.620115,2.33033,-11.88,-7.12437,4.44938,0.945874,-1.94762,-0.393711,1.34264,-0.148711,-3.51345,-5.83408,-5.87382,10.7553,25.1419,37.2321,1.28928,8.69826,10.4636,7.16333,3.18211,-1.00654,0.796665,12.289,5.42227,4.00319,1.509,2.00652,-5.67771,-8.62862,-13.1362,-9.60599,15.2006,7.74237,13.1692,11.2836,-5.19652,-10.1855,0.406725,9.94281,-15.2788,-17.8408,7.23355,-13.6386,-7.06448,0.0938773,-11.04
18,9913,0.795251,0.828391,1.38607,0.496119,-10.0419,-2.82989,8.58553,-4.67938,-7.65009,-10.9148,9.02933,-2.87909,-9.92799,-5.74727,1.02058,-4.25795,-8.73321,-0.763461,-3.31148,2.14578,7.8549,19.7884,4.51023,-2.89744,-9.32528,-8.11332,7.15838,-6.63133,1.69225,-2.93544,4.76347,13.1037,-0.332274,-3.07912,-4.98248,6.43659,36.6123,38.8727,7.48798,3.30348,11.1008,9.15023,-4.12263,-1.76195,0.71267,11.2745,8.73175,15.4703,1.17765,-7.23321,-8.07268,-15.6286,-14.9117,-17.9456,14.1191,12.6685,7.79534,10.9901,-3.72333,-12.2165,2.32763,19.9115,-13.5651,-15.5292,11.4033,-10.46,-9.60239,-0.1854,-7.38103
19,50071,0.607695,0.670619,1.17849,0.251753,-5.57748,13.5243,2.59365,2.3991,-4.52877,-4.7111,9.73748,11.8134,-7.71776,15.529,3.64394,0.829459,-6.12759,11.547,1.99545,4.92221,1.47359,17.6664,2.55728,4.64803,-4.13647,2.615,7.59331,6.1922,-1.40605,0.0122897,5.83672,9.6263,-3.75491,-0.820631,-3.05081,24.3824,29.4057,51.9384,-0.118912,6.56996,8.16641,1.03024,-5.90219,-8.42427,0.653958,21.0627,3.33781,6.00395,3.66445,1.50637,-1.69512,-10.0052,-11.528,-5.93528,25.0732,15.7989,-2.65355,3.64278,-7.04813,-11.9257,3.94735,7.0186,-13.8706,-18.7428,11.0379,3.17136,-6.19342,13.5648,-8.07977
20,20852,0.741051,0.783664,1.47226,0.605025,-6.54562,-2.10686,2.34795,-1.53401,-9.0188,-13.6471,9.75147,11.4681,-13.2238,14.9693,9.14839,-4.25865,-11.7389,0.298933,-5.59013,-0.961283,4.26838,21.7461,6.57424,-0.456663,-11.3901,-8.54341,12.525,-7.30583,-1.47893,-10.0107,3.77682,16.0303,-4.35182,-9.36806,-7.47692,8.33573,37.5434,49.6947,-0.624278,5.03301,13.4609,-0.134201,-11.2205,-13.8888,8.50192,22.295,4.57686,7.52055,5.97566,2.75093,-3.64307,-14.0003,-14.043,-15.0335,13.0742,12.0476,4.84555,9.6107,-6.46841,-7.06342,3.28372,12.4317,-15.2146,-16.6705,5.24671,-11.4463,-9.58696,-7.28197,-6.09904
21,49087,0.725734,0.769151,1.36178,0.446512,-9.01712,7.34846,2.92002,3.00385,-4.6694,-7.37761,7.70347,20.9925,-6.63713,14.9515,3.18335,-2.14479,-8.5088,9.68009,-4.18313,-0.00295985,6.58568,25.1749,2.37969,2.5296,-6.20287,-2.68131,3.44811,0.338264,-1.19657,0.597156,4.36324,13.1282,-2.48585,-5.04446,-3.91275,3.16524,29.6499,51.3884,2.92582,2.73329,12.1835,3.19742,-6.85445,-8.77676,-0.047227,11.5568,0.338798,14.216,3.94504,0.627302,2.22931,-5.43185,-13.9766,-14.3224,22.1262,15.5571,4.50793,2.85623,-8.03244,-13.2008,1.99602,16.1549,-14.7953,-19.2367,11.2764,-5.25345,-6.35197,-1.54163,-11.7916
22,45171,0.834624,0.85989,1.34506,0.36053,-1.62065,4.28013,6.98266,23.038,0.353909,-4.61146,0.44329,20.7945,-9.1367,9.7277,-4.0986,15.268,-7.33406,10.8495,-5.07049,-0.549267,4.25522,25.8088,3.23063,6.29816,-11.0754,-9.66077,2.41547,4.13169,-4.00198,8.30487,2.62413,12.224,0.341178,-6.90195,-8.71599,9.40604,25.1575,40.4511,1.65497,16.691,3.13634,-1.3582,-0.883445,-4.52437,-3.08954,14.3898,7.64138,5.93242,10.606,-5.94873,4.14869,4.37535,-14.9238,-12.7286,16.3557,13.6338,8.2834,6.97954,-7.45127,-8.27476,1.07166,10.7391,-18.414,-24.5735,4.25134,-7.48374,-5.92067,-1.56126,-7.36073
23,28869,0.829673,0.857006,1.33018,0.443719,-3.66759,6.26162,6.56422,-7.15629,-0.508138,-11.575,16.0192,0.201409,-4.89592,3.0561,13.2676,-5.33639,-2.88576,-1.74971,5.24971,-5.4012,4.04884,6.78088,7.94313,-0.862889,0.0898645,-5.90554,16.2669,0.336637,3.30982,-9.27259,11.0388,5.67077,-0.395363,-7.8393,-0.353036,22.2568,51.9615,45.445,3.40239,2.26535,10.3493,-6.55803,-2.15552,2.55035,3.32995,27.5817,10.7131,18.6082,4.10671,-6.81996,-3.85171,-11.204,-14.5653,-10.5818,22.1918,1.68134,-7.79013,4.78033,-4.33049,-16.6316,3.29188,10.5394,-13.9648,-20.5041,8.8429,0.407633,-5.52138,3.07802,-8.47674
24,14215,0.748058,0.783407,1.26827,0.477615,-7.81955,15.8329,5.82151,3.48818,-8.37326,1.55363,8.87056,17.3791,-9.4213,12.5059,5.10837,10.535,-9.38589,-2.80246,-0.0260125,9.9094,7.58286,30.3474,15.3632,12.416,-2.38589,12.5792,18.5475,23.8039,2.94884,9.67464,16.9745,11.7255,0.684857,4.78192,-0.692663,21.9777,31.7752,46.2929,8.31901,10.028,8.05879,2.56228,-7.00935,-3.64867,4.74004,11.9126,7.40526,19.2255,10.5686,4.29978,9.02986,-5.36688,-16.1337,-8.78633,12.6487,6.93696,1.25128,1.0641,-5.39909,-10.9147,-5.04168,13.5568,-17.5801,-28.2792,2.44474,-6.85362,-4.05141,3.5752,-4.97703
25,123623,0.871682,0.891579,1.37455,0.359192,-8.01851,-2.72655,0.736414,4.81704,-7.44201,-7.6829,-1.58521,3.32592,-12.6507,0.990773,-3.76002,9.92731,-9.3797,1.53588,-7.2634,-2.83936,3.10057,17.3286,-1.78626,-2.81102,-11.8865,-7.94108,0.224059,-3.22878,-3.91988,-0.84991,0.443061,7.30901,-3.04525,-8.45966,-7.99942,-1.2866,22.3881,40.5253,2.32705,12.5816,7.56313,4.72343,-1.48684,-1.21353,-2.08672,13.5518,6.87612,7.19721,4.1425,-5.84633,0.165727,-2.96471,-15.0434,-12.4651,16.8864,11.8522,9.95407,7.77581,-5.23699,-10.1073,-0.681439,11.5834,-15.7691,-19.3635,7.83404,-9.63236,-4.19485,-0.140329,-8.00267
26,70471,0.915937,0.927455,1.42644,0.220412,-16.2302,-5.92984,-2.6885,6.67361,-13.4898,-6.02049,-2.23625,-0.577938,-19.3954,-4.51484,-6.99967,4.30143,-15.5245,2.41878,-12.0938,-8.33415,-3.47582,3.40089,-1.4371,-8.81179,-18.7545,-15.2719,-6.7057,-4.35228,-10.4387,-9.53933,-0.108117,-2.76807,-11.643,-9.24991,-17.2181,-0.486343,13.0658,19.2438,-7.50668,12.9591,2.93938,-3.73897,4.73601,10.8656,-2.49294,8.99069,9.03657,2.08104,-1.58611,-1.25802,-0.572942,-0.150832,-8.63225,-3.65688,17.5599,9.42591,8.50653,3.61469,-9.22466,-11.2362,0.15276,4.05184,-13.4528,-22.7279,4.33542,-20.488,-8.66632,-8.5891,-9.10219
27,32007,0.818909,0.844564,1.25845,0.234519,-13.805,-4.70296,-3.839,4.97354,-15.5784,-13.8273,-2.05563,-3.84601,-15.0604,-0.877383,-3.97569,7.59143,-11.603,6.3736,-6.70762,-14.5117,-3.21492,-3.59522,-2.09762,-10.0078,-18.1607,-19.6354,-3.94596,-5.26747,-8.18551,-11.3017,-4.26419,-2.356,-9.09187,-11.6158,-13.0894,-2.19891,14.7392,18.665,-9.53562,12.896,4.22956,1.25041,5.1457,6.48286,-2.62628,5.13051,7.71093,-3.25769,-3.27877,2.91502,-0.371664,1.58784,-8.66332,-5.87718,15.4041,9.45523,8.22661,8.2806,-6.94772,-9.75113,1.79483,3.55517,-13.6518,-18.5212,0.816983,-29.6507,-11.7982,-7.81215,-11.863
28,20951,0.864604,0.883755,1.42337,0.343732,-7.65515,-8.16408,1.06864,8.88058,-14.7249,-27.2267,-6.63065,-3.39885,-10.7272,-7.75823,-6.7747,12.5497,-10.145,8.28103,-3.88708,-19.2171,-0.499949,0.491407,-1.58028,-9.66079,-15.8798,-15.8592,-1.46978,-1.16022,-9.2578,-17.522,-5.35529,-5.5653,-6.4064,-10.7999,-11.2531,-1.86033,17.1001,24.7947,-6.33442,17.5647,4.24083,3.05206,6.90444,2.77665,-0.86914,6.72223,9.71433,1.84973,-2.65178,7.46885,-1.55025,-3.79669,-13.1252,-5.2951,14.8209,11.919,9.97439,9.86059,-6.33209,-9.98448,2.7923,-0.231231,-14.4096,-21.2895,1.27234,-25.241,-9.52299,-6.71475,-9.49439
29,31210,0.830711,0.856156,1.2587,0.200867,-8.74023,-4.31214,-0.866572,4.07583,-11.5663,-9.50132,-2.4006,-0.45699,-13.0076,-2.05312,-3.0749,4.97668,-13.5794,2.60048,-5.99705,-12.4404,0.0276648,-4.8196,0.33799,-9.535,-16.8178,-19.6039,-2.3557,-6.15712,-8.34992,-11.4751,0.0343762,-3.27617,-8.33764,-12.1927,-12.2876,0.146157,13.3499,15.8022,-4.33855,11.0593,4.17992,0.45522,2.53588,9.6733,-1.54342,9.43996,6.67215,0.973504,-0.743032,0.00229669,-1.45496,-0.0291458,-8.14592,-3.95173,16.6912,7.49773,10.2029,4.49697,-9.46123,-16.0603,-0.924642,5.97942,-12.4735,-18.022,3.05828,-26.6203,-12.2166,-8.5416,-12.0617
30,24030,0.779423,0.814974,1.4198,0.276883,-5.77947,-2.512,14.4312,4.80546,-4.54506,-13.0517,6.5192,4.65477,-4.37969,1.77791,-1.60885,-4.89268,-4.39135,1.94268,-2.61951,-0.453597,5.8145,18.5105,14.3355,-1.67665,-3.16264,-5.50287,13.6096,10.2722,1.00772,3.6693,18.3497,2.06817,-2.41737,-3.52131,-4.62126,27.1046,35.3525,45.2385,-0.143237,5.41691,2.21108,-8.45699,-5.4575,-10.1455,-7.07293,11.7034,10.5573,25.1256,5.63798,8.17291,11.0749,0.44727,-13.6906,-2.28936,18.5207,12.3487,1.297,-3.94444,-0.844111,-22.4787,-6.67061,1.79519,-18.5057,-20.7351,0.638281,-14.202,-1.21485,-1.82741,-6.74233
31,53395,0.823514,0.847664,1.32435,0.292828,-4.25883,8.71749,7.14874,0.528966,-2.51407,-2.49894,10.5839,12.3822,-5.20863,4.41499,7.96805,4.05585,-6.48375,5.15991,-0.562674,5.66976,11.7199,24.6833,17.0901,9.18933,-0.852373,5.7215,24.8955,18.1562,7.14425,8.29333,20.9388,16.8778,-0.792942,0.114397,-0.541119,16.4333,45.0892,50.3397,7.09933,5.29593,8.71508,-1.22776,-5.50724,-4.91466,1.12622,17.2981,8.97778,17.0742,8.08716,5.78482,7.33063,5.90493,-13.9131,-4.35871,16.9501,3.7189,-2.62613,2.62085,-4.78962,-12.7959,-4.00655,-2.15793,-16.3827,-28.1747,1.58336,-15.2846,-5.36889,-4.45883,-6.04471
32,30402,0.815296,0.84058,1.34005,0.32453,-3.89136,13.3557,9.35661,7.62633,-4.01771,-1.38677,8.10844,15.1165,-4.71713,10.1369,0.540001,5.87086,-9.85109,10.6207,-0.741974,16.2108,12.3027,33.4281,18.961,13.4334,-1.28673,10.866,17.8378,27.588,4.73232,11.2755,11.8106,19.8992,-3.9795,1.3344,-2.77896,25.671,29.3207,50.1605,4.75204,7.29133,5.25147,0.633574,-8.94351,-7.68232,-1.36101,19.7014,6.11168,13.3088,8.29923,3.31932,10.9746,12.7287,-12.0454,-0.117531,15.7924,4.04858,0.600393,3.26015,-2.70547,-16.3308,-7.10486,-2.80479,-17.5988,-29.4315,0.636667,-20.2724,-2.14185,-1.34041,-6.75742
33,175494,0.759111,0.795691,1.15954,0.263637,5.74859,-1.07123,13.8223,-1.67,2.02959,-7.35051,11.3155,11.504,3.30715,0.352034,11.1496,0.463592,1.66512,6.21537,3.17064,5.41508,10.0295,23.192,19.3582,-1.10869,3.56513,-4.71835,22.8301,4.23747,8.78148,-2.51357,16.0868,1.16093,2.0538,-4.5728,3.89942,11.3824,56.437,37.5448,8.57205,-1.03685,7.56168,-4.55112,-1.45155,-3.9557,-1.96064,23.7998,8.30146,19.2712,0.589444,-5.39191,-0.216022,3.28567,-8.91755,-1.89926,22.5107,4.32644,-0.517827,1.2317,-3.8905,-18.1925,-7.43186,-2.2089,-12.5925,-20.2665,17.9782,-0.345568,-7.52802,8.62852,-1.47281
34,52937,0.779215,0.814304,1.20078,0.230331,1.13449,1.64953,6.30908,-3.29664,-0.251704,-8.7665,10.9744,-2.64635,-2.42068,0.0629471,13.431,-3.33396,-2.1423,3.65343,4.35505,0.937496,8.25795,10.2344,9.77844,-2.76018,-2.20503,-7.12513,16.6021,1.93652,8.07762,-5.84993,15.9118,3.3874,-1.18732,-5.87071,0.33213,17.5782,46.3925,36.7862,6.24414,-1.5453,5.17931,-6.62396,-4.18045,-6.15914,0.79343,29.3066,6.06636,12.4685,3.11865,-6.98038,1.02878,-1.91434,-11.7755,-6.32207,25.0301,7.36219,-6.95535,5.54781,-0.829021,-17.7473,-6.17156,4.40153,-11.4568,-19.9636,13.6789,3.48896,-7.15353,-2.44723,-8.79582
35,16421,0.712128,0.762207,1.61474,0.482855,-9.93916,-9.38631,8.93046,-3.65807,-5.64224,-25.6241,6.57535,-16.6512,-9.95918,0.338119,-4.48131,-9.09491,-9.72393,-5.88392,-7.13544,-4.54168,5.42406,5.53832,9.60961,-10.5729,-6.09514,-17.7824,9.89834,-3.60959,-4.15363,-2.61609,14.7528,-13.8425,-1.99425,1.61869,-7.1491,13.9046,44.6495,45.3029,0.875261,11.9997,-3.43005,-22.9577,-2.95362,-10.4635,-9.30243,9.6202,8.93437,25.7678,12.7251,10.3851,8.06971,-2.26495,-14.4704,-13.2843,13.9473,16.155,2.13161,-9.77981,-1.39617,-24.6356,-6.30682,7.60216,-19.2904,-9.10214,7.79488,4.67744,-0.830387,3.80926,-5.02043
36,62688,0.663877,0.717186,1.22246,0.184505,-3.69628,6.02642,14.7859,4.15158,-5.26616,-7.58523,-3.93588,3.13501,-0.0807505,1.93234,0.220571,20.9606,-4.35637,5.06195,-7.23665,6.06504,2.36413,6.30003,2.45955,-4.17354,-5.60944,-0.605443,2.66374,14.1316,0.674304,4.88692,5.47418,3.98177,-1.58567,6.9501,-5.88379,19.3035,40.7844,30.2824,-0.0348618,10.7652,2.33636,-1.17779,-2.61677,-12.3471,-7.68934,4.49964,-1.01443,12.1021,-2.21115,0.662949,10.8868,3.00614,-13.3387,-8.65001,25.0753,17.3065,0.222872,0.856037,-3.01052,-14.6162,-0.171539,16.1833,-11.0196,-19.0034,17.1311,10.9828,1.64057,15.0602,4.73406
37,19834,0.642876,0.69526,1.08594,0.0823161,-3.04976,3.82297,13.3146,6.20289,-3.95774,-8.47946,-1.57086,11.4317,-0.476222,14.3159,1.68827,23.153,-3.49288,1.31505,-8.67401,9.93225,7.8252,19.4503,6.63481,3.89774,-4.74058,-4.88175,1.11147,7.79295,-4.5475,-0.0699142,8.04326,3.65835,-4.07173,17.2199,-4.85346,14.302,31.3758,25.609,-1.59596,12.1542,-1.57724,-0.90635,2.28424,-10.105,-6.48386,0.512001,-1.33496,9.1345,2.41372,4.48854,9.82305,7.13064,-10.4475,-3.74955,23.9218,13.7489,-0.453044,0.916799,-2.44624,-8.85927,-2.80093,8.99857,-12.4826,-22.2162,12.2723,16.0421,-0.877683,17.5422,3.52283
38,1444,0.566289,0.643283,1.38371,0.268558,-6.46463,7.92669,23.0699,0.824289,-10.2315,-5.3095,-10.6583,1.70107,-10.9242,-5.42427,-7.0644,5.20766,-2.97996,-2.08463,-8.89375,14.7954,-6.22047,12.507,-2.73772,0.582256,-11.7575,-6.73627,-3.20525,24.4843,-4.92325,4.92019,-3.47674,-0.654958,-3.8561,-2.56737,-9.68372,16.9028,27.8272,25.4777,-2.07044,21.3646,-2.3699,8.21894,1.85686,-19.2971,-14.9119,-1.60192,3.41002,7.10133,-9.10086,-5.03386,11.4548,6.70324,-13.4202,-1.57401,18.7064,0.407352,-2.11779,-7.73024,-2.73416,-13.7075,8.67767,38.8279,-3.32961,-4.0951,23.1583,19.1107,-5.70439,14.3027,4.90149
39,8783,0.269859,0.392519,1.12654,0.233358,0.109107,33.2374,12.0885,12.9024,-2.00691,1.23895,-3.8817,25.0926,-4.12239,13.6034,-2.27166,25.0104,-6.81701,11.2425,-7.22409,22.7966,-0.351848,14.0112,3.60482,7.39341,-5.48556,-5.58099,5.96385,19.879,0.925738,6.40579,0.657872,10.469,2.66373,8.98398,-5.43036,33.7467,31.2779,41.8563,-1.7201,18.7261,0.155382,2.96188,2.16016,-13.3653,-7.94885,0.328881,-1.44927,-3.64303,-2.68085,-5.08353,11.435,6.70503,-11.642,-2.38353,27.5812,20.075,-0.111423,5.78816,-7.13431,-15.729,0.338169,21.5674,-12.6556,-14.2602,19.5717,9.55294,9.9838,31.2964,0.200173
40,26421,0.576342,0.647427,1.37837,0.308093,-6.78657,3.55444,9.90174,4.38329,-8.61587,-11.4609,-8.10301,8.02157,-5.4663,4.76017,-1.11753,20.3448,-7.97535,-1.71664,-11.4378,20.0659,-4.39544,4.81882,0.343592,-4.19178,-7.75029,-3.27345,-2.63437,15.5268,-6.3864,-1.98689,-0.824045,1.72528,-5.86993,1.95832,-9.45001,20.6302,33.2437,35.1745,-1.68045,14.372,-1.13767,8.07604,-4.0384,-20.0107,-9.67797,-1.89724,-2.53941,5.54768,-6.14906,-0.34769,11.1041,1.56068,-14.7415,-6.98079,23.511,20.9366,-4.73399,-2.36875,3.83249,-11.2405,2.94926,29.8033,-5.97483,-15.0027,17.3745,5.51698,-2.07625,26.3036,4.16605
41,2064,0.594082,0.661458,1.26044,0.424625,-8.78043,18.7401,7.95921,21.2558,-7.38898,1.47415,-9.70119,14.9025,-7.40423,9.05825,-2.46798,11.3527,-0.975119,12.0084,-12.1368,16.2171,0.162244,13.2969,-4.42201,0.938422,-12.7355,6.33698,-3.02079,25.6052,1.1259,19.3462,2.37745,6.78445,-8.45655,13.4552,-8.14782,22.1339,29.2583,36.2122,-1.3187,11.0413,-3.60408,11.498,-2.11927,-16.1325,-11.561,0.947653,2.80316,19.5156,2.73631,1.70583,18.7209,7.47085,-13.6205,-4.34524,13.9209,10.9043,-0.428086,-1.56061,-10.1712,-23.3539,2.30319,20.821,-6.46451,-15.9731,17.7996,9.33778,-4.04443,19.4885,4.97637
42,9293,0.495747,0.583493,1.34416,0.353668,-7.3654,6.02149,8.80548,6.03574,-9.70838,-5.73301,-9.06986,10.1625,-8.71807,3.50916,-3.98735,14.2602,-6.85272,-3.26058,-11.293,16.0775,-4.31851,6.96117,-1.49955,-4.46613,-8.75427,-2.4016,-5.13541,13.7232,-6.81509,3.95452,-1.43279,-3.92716,-6.16203,2.99981,-9.90936,26.1153,36.8253,39.0668,-3.84195,10.516,-2.67989,4.86831,-6.60485,-22.3438,-10.7872,-4.21506,0.335623,10.9775,-3.57986,-0.612532,13.6846,2.42076,-15.4075,-4.0621,22.5942,18.4569,-7.06485,-2.97439,1.90737,-15.6627,5.10169,28.9743,-7.6981,-10.9589,14.8965,7.53444,-2.17413,29.776,5.5776
43,26499,0.7393,0.781478,1.28122,0.192568,-10.5684,-0.297123,6.26091,9.75139,-8.15306,-7.83694,-5.71867,4.53927,-6.66224,4.06055,-4.083,19.2774,-2.82952,5.56465,-9.69673,9.50116,2.3298,7.48935,0.04722,-1.64883,-8.79229,-5.30971,-1.00066,10.156,-6.01259,5.78703,2.9685,4.18189,-5.26966,9.26803,-6.55453,17.6938,32.7684,30.7465,-2.00631,11.828,-0.910641,4.50655,-1.18866,-11.9752,-8.01697,1.85777,2.33435,12.54,-1.63885,0.389959,9.31904,0.310187,-14.5556,-4.32176,25.8931,19.9992,0.175669,-0.380251,-0.835081,-10.7565,-0.785586,10.2321,-13.2002,-17.8954,13.251,20.1004,2.93009,15.1014,3.38838
44,24004,0.715305,0.759117,1.19945,0.106212,-4.51389,9.29955,16.3682,4.90604,-3.56299,-10.4825,-1.15217,7.30267,-0.597204,7.45546,3.07561,14.8636,-7.80784,10.4003,-7.2104,10.1847,5.34928,18.5938,8.21353,-3.98009,-5.0336,-9.33394,1.91004,9.20498,-4.08143,-5.23536,6.43368,-0.0375145,-0.0663925,13.7127,-5.18407,15.2569,42.7395,45.9792,-1.25305,4.16912,-2.01487,-0.859576,-2.21769,-8.30329,-6.19741,7.85444,-0.353315,4.47177,-2.87638,-2.12083,5.31753,-2.35927,-14.7788,-2.3614,27.9114,21.6248,0.622152,-0.574584,0.0728158,-7.14355,-0.131074,9.98923,-10.4111,-21.0773,10.569,2.35767,-3.89073,16.6036,-1.13467
45,16926,0.512557,0.594757,1.26362,0.350984,-5.08607,7.88483,9.38257,11.1195,-8.06562,-1.53712,-7.2702,8.89019,-5.69211,4.93914,-3.22785,16.2408,-5.87356,0.164763,-10.2922,15.5942,-1.58607,7.41157,-1.3918,-1.88282,-7.81404,-0.849762,-2.61289,15.8493,-0.667345,7.23696,0.407387,-1.61856,-6.33508,4.10982,-9.28505,16.9223,40.4355,40.1258,-1.30455,9.99401,-1.73285,7.23119,-2.67253,-18.368,-12.1267,-2.0073,1.5712,12.3572,-0.0792539,3.57683,18.025,8.64414,-13.9695,-6.71631,18.7077,13.8363,-5.57925,-2.956,-3.25858,-19.3082,1.33746,25.3893,-6.62197,-14.4478,15.7561,9.33266,-0.738347,18.4221,7.18602
46,14803,0.360649,0.472356,1.11638,0.144609,-1.44171,24.9674,17.6031,13.875,-4.37671,-6.50571,-4.04943,13.5396,-4.87063,5.99329,2.09952,21.1131,-6.6123,13.0298,-7.96397,16.4059,0.174183,11.2198,1.53121,2.42274,-5.15463,-4.83234,6.2587,16.9446,-0.518197,3.2949,1.72833,5.85958,1.79607,8.92468,-5.59349,22.7257,34.2142,44.1263,-2.52886,10.0042,5.21561,3.84865,2.32722,-16.8511,-7.62558,2.37168,0.823736,-1.20536,-7.18345,-4.83558,12.3884,3.83207,-12.3324,-4.24174,25.8049,20.2602,-0.871255,1.38947,-5.50605,-15.3089,-0.422711,23.4123,-9.21984,-8.82293,24.2822,16.2076,9.75681,42.0384,4.53565
47,13289,0.620382,0.683718,1.24379,0.318848,-1.40847,11.8045,14.5662,12.576,-4.02136,-0.358821,-5.59771,4.88823,0.542633,5.39967,4.1866,30.0162,-6.01074,3.47266,-7.41939,12.1171,1.59607,7.81717,5.80559,-1.34751,-3.21209,-0.737819,3.12612,11.8207,0.203898,-0.205803,0.876578,0.482633,0.213302,1.54026,-5.91982,12.0656,37.9694,43.2952,-0.0585129,11.4902,5.9764,10.8334,1.20849,-14.8702,-3.65142,4.74422,-3.31789,2.17468,-6.99862,0.580151,11.642,3.20225,-13.4969,-10.0407,23.5002,22.3154,-1.91547,0.885653,0.14142,-16.888,-0.212704,22.7473,-7.83627,-14.8508,17.6812,6.65236,0.143081,17.1484,8.1984
48,34635,0.521028,0.600186,1.13161,0.204815,4.19477,26.554,16.6451,6.3741,-1.56905,6.90152,-1.44127,19.7183,-3.95959,7.7435,-2.07046,21.3005,-4.33892,8.72659,-6.70575,10.3709,-0.302633,8.9257,2.42379,2.98741,-5.39584,1.3677,4.01945,14.6932,0.776508,7.48528,-0.216795,10.1677,1.1093,4.49775,-3.63202,27.1041,36.618,54.8017,0.455796,13.9598,2.39836,7.13545,0.598186,-4.97532,-9.46819,3.44942,-0.462893,12.0717,0.336628,-9.20776,9.71908,-7.48979,-13.7435,0.604283,24.8974,10.5563,4.74808,12.55,-8.35385,-11.4848,1.01741,8.63361,-12.5862,-14.7076,20.5089,10.6009,6.30065,22.4891,-2.76913
49,26077,0.560804,0.634656,1.18052,0.171773,0.536692,20.2941,16.314,7.15285,-6.87358,-3.3996,-5.60511,16.1093,-7.08376,8.71634,-1.32694,12.0657,-6.28292,13.5107,-9.16289,9.27796,-1.64406,9.87206,-1.15876,3.04237,-6.01026,-4.70376,4.91156,14.7832,-1.50533,5.63729,1.43678,8.80492,0.379955,7.10154,-5.08674,30.2272,38.1564,50.6244,-3.02703,7.60826,2.73199,-1.19926,-2.62707,-11.042,-6.17845,5.43188,2.10836,8.74574,-5.59237,-7.77268,10.7926,-7.70125,-13.8206,-0.423056,26.1235,18.2673,3.41278,3.04451,-7.08882,-13.9087,-2.64742,19.1401,-11.2052,-13.7819,24.583,19.1661,9.90187,37.3899,0.12903
50,13192,0.796945,0.830215,1.41314,0.421813,-12.8785,11.2292,9.6347,18.5124,-11.4599,1.80268,-8.65169,7.78874,-10.1711,4.914,-4.78948,15.6573,-6.86314,8.44589,-16.1515,7.94572,-1.76085,6.47236,-8.50054,1.62345,-15.2554,-3.42194,-4.92647,23.3841,-1.59807,13.2598,5.78868,4.59011,-8.15835,8.95642,-10.295,21.191,39.2741,38.2965,-2.34923,15.4035,-5.27183,12.0092,-1.66501,-8.39898,-11.3723,7.22895,4.64655,17.1791,-0.366943,-3.98568,14.4023,3.58544,-15.4586,-7.21828,21.283,15.79,-1.02517,-0.41753,-4.64722,-23.3711,0.984184,16.5587,-12.0008,-16.9505,14.9945,12.4226,-1.7315,18.6655,4.15097
51,12012,0.473134,0.564287,1.21488,0.166537,-2.43977,27.2567,17.0135,24.4585,-3.54921,-0.845025,-2.82941,10.0567,-1.67131,12.0024,-0.387243,32.3818,-8.21865,10.4158,-8.63086,28.3524,-2.00717,12.366,2.90281,7.01211,-5.24786,-2.96608,5.72714,30.4919,1.23408,4.26744,-0.0507941,7.71808,-0.436715,9.07624,-7.03593,24.349,27.0622,48.1047,-2.72929,18.2344,1.66051,9.96164,1.90671,-13.1744,-10.029,1.43546,0.950822,-1.24932,-6.90503,-4.82109,7.71208,7.33652,-12.8109,-10.4196,23.9348,25.854,-3.24009,-2.45145,1.38119,-10.4701,3.40318,17.7221,-7.83837,-9.76214,17.407,13.535,-0.691693,24.4464,-1.76965
52,7125,0.475447,0.567553,1.30662,0.401289,-7.56375,15.9873,15.1137,4.01668,-10.7137,-5.53878,-8.75471,9.98264,-7.58622,-3.1051,-6.65183,18.3904,-2.95938,2.77176,-9.65942,19.7757,-3.06554,3.6005,-5.06481,-3.67953,-9.57136,-6.89089,-5.26316,24.1291,-5.46495,9.01564,3.00146,-1.70838,-5.59504,-2.9861,-7.27275,14.0658,35.8179,36.972,-1.404,10.1507,-4.88655,0.879944,1.82334,-21.7743,-13.1892,-1.92285,-0.508346,15.8018,-6.33668,-1.71895,12.4202,5.09671,-13.4116,-4.8219,23.5314,9.56658,-1.73801,-7.17826,0.290199,-16.4569,5.73751,31.927,-9.13408,-8.51891,17.3801,10.1783,-4.79787,19.0229,3.53345
53,43786,0.607441,0.671694,1.20118,0.0764471,-2.18306,13.3354,18.6511,6.77593,-3.17738,-7.04967,-2.53798,8.2364,-0.921902,5.06892,0.684743,14.8042,-5.52613,9.11656,-7.76992,7.11545,1.08968,12.8789,3.6339,1.29199,-3.96267,-2.76021,3.4652,14.7797,0.160303,1.14294,6.33883,2.81742,-1.3102,10.678,-3.99912,18.0302,39.7547,41.8107,0.441227,12.6534,0.360816,0.102339,1.00953,-10.4259,-7.92948,3.18725,-3.18538,10.4293,-3.14209,-9.40718,9.29121,-2.10357,-13.5304,-3.4507,27.5229,26.2007,1.14261,0.910137,-0.776018,-9.41154,-1.60945,11.0485,-10.1933,-16.9769,14.8991,13.9647,1.24736,15.3467,-0.601425
60,6417,0.919164,0.930599,1.30194,0.0418321,-3.59342,15.0114,12.6271,6.73034,-8.41131,-19.8115,-5.90151,27.3645,-2.37666,10.5844,0.990435,15.9413,-6.09376,14.2968,-5.85959,13.0393,9.68671,6.82884,4.81386,-4.36337,-10.828,-12.5698,-2.61935,-4.07753,-5.8721,-14.9672,6.14119,-4.38631,-6.62449,-0.384457,-10.8072,5.3626,26.1528,34.867,-4.04285,-6.26483,0.273518,-14.4613,-15.7313,-1.23581,-9.70463,2.50432,4.29301,9.05613,-1.0575,-7.1357,4.28834,-9.95944,-14.2746,13.2056,26.1827,15.1657,2.6599,1.51675,3.49598,-7.53821,-4.46182,11.103,-12.2839,-26.6824,9.4017,-1.7034,2.06339,16.5015,-6.24855
61,39480,0.907227,0.920643,1.20548,0.109378,-5.15049,8.98986,10.5047,4.05156,-5.03391,-12.0445,-1.45535,23.5674,-6.33497,5.58202,0.309161,16.7974,-6.26066,9.90992,-5.82311,8.64755,6.61585,19.365,3.18226,-3.42457,-8.90009,3.94848,4.62673,9.35323,-5.51777,-3.15851,5.46411,9.72541,-2.56446,4.09607,-5.08067,17.4953,35.9213,50.057,-0.700213,8.12246,5.13788,-10.184,-7.71921,6.06637,-8.0226,7.82879,5.92277,8.46503,-0.951873,3.34199,6.7117,-10.7207,-13.2589,7.44442,26.415,12.1669,-2.31141,3.13702,-1.55991,-13.9755,-2.22269,-0.326591,-14.1514,-23.4278,8.38596,-6.63768,0.488849,32.837,-0.453441
62,48756,0.903671,0.91683,1.19894,0.103994,-1.94965,9.86568,12.4817,-0.615468,-2.42977,-11.7277,0.462205,22.5695,-2.48338,6.21847,3.36205,13.6364,-3.27125,10.3844,-2.66386,8.41494,9.41652,17.5082,4.05225,-7.92994,-4.86841,-3.47483,6.9514,11.1834,-2.185,-1.48523,10.9265,8.99585,-0.807785,-0.813085,-1.68934,13.6686,47.5368,42.493,2.57288,8.13481,3.37528,-11.7131,-6.95322,7.34854,-4.22323,13.8456,8.96254,15.7621,-0.12056,0.0651155,1.55554,-5.84478,-13.4007,-3.51552,17.4309,5.38961,-1.34512,3.91936,4.32041,-12.8908,-0.854552,-0.373488,-15.1014,-23.7057,7.84185,-7.20297,-4.44587,24.539,-0.108873
63,38715,0.924856,0.936216,1.1696,0.0259687,-4.45347,11.2682,9.15945,-0.947561,-4.14884,-13.6651,-1.47003,24.5044,-4.62081,6.21806,1.84826,13.6663,-4.64591,14.5096,-4.75089,8.65604,10.6382,15.3056,3.00227,-6.96631,-7.71234,-0.547602,6.98485,8.66522,-4.13873,-3.98672,10.3032,7.43827,-2.15173,-3.89296,-3.63785,12.409,42.4251,46.4562,0.788062,6.27,3.81565,-14.5267,-9.86131,5.02213,-7.0658,10.826,8.20305,12.1294,-1.24611,-4.54624,3.01105,-9.23082,-12.9229,10.2732,25.2922,5.73682,-2.09336,0.0978813,0.737277,-12.3294,-2.33417,2.8139,-13.6997,-20.793,11.198,-5.25393,-1.06607,28.2909,-0.328076
64,56188,0.819675,0.849143,1.58499,0.310527,-9.56794,-12.8831,10.7414,-7.11087,-6.07503,-32.4143,-0.580846,4.22509,-3.20649,-4.14742,-2.90348,7.6492,-0.725846,8.12196,-7.08865,-8.13698,0.196877,-11.5573,-2.06902,-28.8653,-11.2269,-24.9669,-6.71787,-18.7068,-11.0424,-10.0703,10.0333,-11.9108,-7.49406,-0.310949,-6.03996,12.2677,30.5442,26.2384,1.45323,-1.40638,-2.90309,-25.4243,-1.67619,-7.33387,-7.02628,0.809982,0.426965,6.54573,-1.40192,2.57657,2.43925,3.08884,-9.58142,-2.13426,13.6202,18.4098,2.09898,-9.15036,3.22186,-18.7605,-2.66042,13.2991,-13.1972,-7.35098,13.8331,10.3269,6.88127,5.69319,4.71185
65,69682,0.727484,0.770195,1.32594,0.331213,-3.80081,-4.42512,14.378,-0.771135,-2.48349,-9.77571,5.85959,9.12531,-2.46086,0.714428,0.145184,-1.11935,-2.91963,6.60374,-1.73561,0.820313,11.7561,17.6619,12.5377,-5.83551,-1.02821,-3.9496,13.4314,3.26451,2.48748,-0.778473,20.1359,4.76997,-0.878137,-5.48762,-0.0505967,18.4908,42.3967,36.2302,3.17046,1.92799,3.78217,-6.43477,-2.96692,-11.5037,-9.80128,9.57299,6.61381,23.6124,1.24386,3.71747,12.4332,3.74668,-12.939,-6.17136,18.7087,14.2537,4.43073,1.68331,0.754082,-21.4128,-5.55127,4.86573,-15.3866,-22.3646,2.07795,-7.89036,-0.408468,-1.73698,-1.2991
66,71404,0.898453,0.9152,1.61793,0.308286,-7.33066,-6.90466,17.8221,-1.58929,-4.71712,-26.7042,1.48304,0.201768,-8.1438,-4.06037,-3.7964,8.08707,-8.07573,4.53244,-7.67036,2.67598,8.67408,15.7177,14.4462,-14.5117,-6.71274,-10.0046,3.10743,-3.14418,-7.33736,-0.872445,19.9854,0.738833,-1.65405,0.635734,-5.12078,17.3914,35.1651,41.5561,2.88545,1.64606,-0.086806,-23.6479,-7.2513,-8.22734,-5.58306,5.95506,4.23052,15.6474,3.05126,5.39139,9.46277,-0.778728,-12.4702,-7.6009,13.3842,20.0299,4.84811,-2.73639,-0.752743,-25.2672,-1.69325,11.7803,-18.3769,-14.1934,5.51771,1.5382,3.51443,-1.01375,-1.08591
67,40006,0.798711,0.830042,1.54475,0.30546,2.56557,3.84712,17.8404,10.4055,-1.69893,-23.7329,6.98056,5.57151,-4.75715,-4.89635,-0.566822,7.81895,2.01714,8.67621,0.119016,6.12246,2.61928,7.45089,4.11413,-21.4729,-8.02136,-13.5846,-3.57461,-8.23328,-5.06525,-0.134687,15.759,-4.92403,-6.76446,2.62781,-3.48588,25.5853,31.2454,23.5129,5.79621,3.21838,-0.119153,-22.2355,3.35606,-2.40602,-7.59304,9.87121,2.64173,7.58279,-2.14679,3.20747,2.94858,-5.88489,-13.3077,-1.08767,16.0477,15.5635,1.38709,-6.82123,6.057,-17.575,-1.40558,10.8806,-13.3741,-13.3307,13.0491,13.1544,3.85688,5.53586,3.68076
68,18708,0.861899,0.886047,1.47594,0.180205,-6.02779,-10.9485,13.5076,-12.558,-2.79402,-35.9942,-5.1785,-6.27384,-2.04776,-3.36834,-3.76913,-2.38719,-6.60496,4.94235,-0.0276708,10.4163,12.924,9.48521,6.30094,-12.5218,-5.25341,-18.5363,1.98404,-10.7959,-14.0109,2.34433,15.2389,-2.73309,2.2352,3.94602,7.03636,10.2046,25.0454,18.6572,2.60948,-6.71396,0.869398,-29.8046,-7.05838,-3.17393,-7.71497,0.794288,-3.40137,9.51842,5.76143,0.38826,0.502749,-2.25676,-11.1026,-8.49193,11.6801,13.0817,6.11038,-2.25853,0.806635,-30.3162,-3.06594,23.926,-9.08025,-1.2114,17.232,21.1267,12.706,21.9867,5.24981
69,36222,0.789581,0.825211,1.57359,0.225161,-0.233454,-14.6538,16.1779,-7.70811,-0.754704,-45.7495,-1.9322,-9.24053,-6.96138,-9.91169,-5.36584,-4.50773,-6.38909,-2.04197,7.4167,3.68843,13.1323,4.81528,6.90269,-17.3213,-6.36282,-24.5734,3.49739,-15.5989,-8.63889,2.46203,20.0762,-11.3185,0.985787,-0.434781,0.383005,15.4218,35.6001,18.1369,4.29195,-3.75242,0.633136,-33.2742,-0.904231,-0.802883,-3.9648,0.236764,-6.84498,6.41732,1.84892,0.755087,0.902924,1.17823,-9.88338,-4.24033,11.4841,11.8338,6.8994,-4.1898,1.69865,-25.7094,-4.95976,19.0209,-8.36002,-4.49965,14.9667,16.2209,12.2467,17.1973,7.46858
70,41568,0.782507,0.818239,1.35007,0.272981,-3.53364,9.41641,6.82457,6.03793,-13.4491,1.33398,5.12851,8.11184,-6.96748,7.73255,-2.43957,8.64217,-15.107,12.3327,-5.61208,17.925,6.25977,20.8058,-1.45582,17.1125,-6.04849,11.3773,4.79341,7.46062,-3.64772,5.5866,6.8174,14.5078,-0.754047,13.6735,-8.71946,16.8965,25.8526,43.4461,-6.71466,7.81971,1.67261,17.3647,7.66445,2.92942,0.8242,-3.30531,13.1766,7.50893,-0.41042,0.391157,-2.48798,-2.77505,-11.4653,-7.13641,16.3633,22.4447,4.65752,9.08701,-8.5689,-20.7026,-5.04129,6.23549,-7.90736,-14.6772,-2.69276,-9.81848,-6.13135,-4.74814,-0.722885
71,91489,0.811056,0.840237,1.45008,0.414425,-10.0938,-2.75429,4.34188,-2.44827,-11.9904,-8.56578,6.60922,11.7519,-9.8953,13.5333,1.73518,4.81142,-10.0933,-1.29123,-0.155425,10.5556,16.3064,33.3054,10.7064,-3.45349,-4.98628,-1.82158,16.2687,0.122171,2.69749,5.4363,9.99551,8.58541,-0.575385,2.99964,-5.7627,13.7666,29.599,53.7328,6.45794,10.1749,3.68479,-5.29003,-11.5148,-8.6299,7.12178,21.4717,5.16328,11.3571,9.30927,1.71369,6.29522,-6.40089,-14.4118,-12.9172,11.0572,10.1508,0.951763,2.38454,-8.90223,-11.5766,-0.410879,14.5433,-13.4714,-22.0965,0.154599,-6.95941,-8.23595,1.56105,-9.17696
72,71805,0.840185,0.866304,1.36308,0.512921,-5.50821,3.13738,8.16531,2.97015,-6.2911,-6.39404,6.24947,1.50146,-8.13427,6.14864,1.03976,5.48797,-7.86623,2.22255,-2.09706,7.38328,12.7155,35.1172,7.4346,12.1419,-4.90632,1.96757,14.7037,2.65447,0.538893,-1.23513,0.885575,10.3001,-0.148223,2.76512,-5.04164,8.9789,37.3912,49.7327,2.74464,11.9437,12.5189,4.98739,-4.37532,1.20852,5.07829,14.3339,12.0302,11.433,2.47876,-3.9655,-1.3909,-12.7428,-15.131,-12.6519,14.0742,4.02335,6.27668,12.4774,-9.34949,-15.8198,-1.40359,18.7863,-12.3793,-17.0825,5.02917,-9.69162,-6.57006,22.6822,-7.81648
73,29033,0.66822,0.72259,1.51369,0.442852,-8.32176,-2.56853,10.1077,2.37076,-8.52619,-10.4444,12.0196,3.04796,-11.6598,7.69639,4.71959,-0.440436,-11.226,2.10944,-0.605088,11.9737,17.3146,40.0198,10.0823,-2.14388,-11.5442,-1.50692,14.8932,-2.20332,1.53189,-1.08401,3.07112,13.2504,-3.78837,-1.78972,-10.2722,3.80158,26.1464,49.713,0.477293,5.72144,6.99436,-4.30947,-12.5755,-12.6559,7.05709,14.8945,9.29915,18.9862,2.54988,-4.15499,-6.45807,-14.1864,-13.1983,-13.8797,10.8231,8.072,2.26283,7.28992,-9.25791,-13.0106,5.84799,23.9734,-12.3869,-15.3285,9.28346,-4.45174,-6.11951,11.3718,-10.9148
74,129293,0.768151,0.803715,1.19004,0.3953,-6.48388,6.13912,11.2807,3.04031,-10.9721,-8.53957,9.20314,2.27903,-7.50363,4.73068,-1.04552,8.56563,-7.81845,2.81548,-2.67593,7.61371,12.7504,25.8919,2.74982,17.7104,-5.75661,0.0979542,13.099,6.73075,-2.56169,-1.1954,0.73896,7.69378,-3.29353,4.94572,-6.23333,8.21123,32.9004,45.6207,0.487499,10.0809,9.05861,9.93443,0.424614,-1.78878,1.17021,7.29057,15.3535,11.5384,3.84451,5.54758,0.984594,-3.00315,-12.1334,-3.17514,10.5752,1.15094,0.584444,2.11671,-8.75092,-17.5248,-0.919735,16.1247,-10.901,-18.2771,4.06515,-9.50585,-4.66528,7.3838,-9.25179
75,7455,0.697143,0.735268,1.25778,0.242219,-14.0104,1.02312,0.263569,5.79546,-12.4765,-19.9821,-5.80216,1.34938,-8.73815,-6.60731,-5.59767,6.90172,-6.23774,7.88389,-5.69402,-11.8844,0.209009,7.43335,-1.66339,-0.10523,-11.9972,-10.4543,0.764991,0.450324,-8.19151,-15.1471,-4.43526,-2.66412,-8.0194,-9.15815,-8.86289,1.18875,12.669,20.1916,-1.4379,10.4087,3.19049,-0.468453,5.06357,-0.203132,-4.17036,-2.68154,10.2397,3.03493,-2.64569,7.85364,-2.17542,-8.11158,-9.84272,0.580029,11.5935,13.9838,8.34913,6.00783,-9.82836,-9.01463,3.03372,9.50003,-12.1585,-20.9493,7.74951,-19.3109,-13.7608,-8.00529,-16.6621
76,9222,0.871778,0.889181,1.12539,0.173627,-9.2134,-13.2165,1.0199,2.41492,-13.7983,-14.4408,-5.18022,1.38793,-10.9229,-5.07376,-2.17713,-0.286753,-4.64435,-0.497327,-6.44888,4.34373,-0.242791,2.68669,5.9685,-9.17165,-9.62373,-4.91087,0.171281,2.68612,-5.78038,-13.7871,-8.81257,6.45962,-3.72761,1.6648,-9.27086,-0.602681,4.06857,9.36689,-4.01709,6.73658,0.804584,-7.08171,-5.93763,3.99317,-2.79411,-0.534177,9.93087,5.30594,1.00257,1.71289,5.07849,3.64075,-9.55004,0.148965,13.1853,9.62713,7.04795,3.89603,-7.36199,-12.1789,-0.274816,7.69215,-13.5605,-23.299,-0.472945,-25.581,-7.01161,0.0433947,-8.0542
77,165487,0.744533,0.785634,1.25061,0.190743,-8.97188,2.46428,8.95268,0.121914,-18.1432,-16.802,2.09312,-1.45332,-8.93627,1.47895,-3.5136,7.74194,-12.1358,9.69931,-3.96517,4.27002,4.18527,13.4428,0.833171,4.44138,-8.65716,-5.26777,5.63404,0.607901,-6.16432,-5.11322,-3.46589,1.81005,-3.74291,2.44606,-9.33512,10.3541,30.0521,31.9267,-4.30302,8.56016,3.98652,8.65636,3.10633,-5.0061,-5.83862,-4.16575,14.1352,8.50631,-0.819035,5.49786,2.55014,1.75475,-8.84253,-6.39843,14.7844,14.4488,3.97266,8.5097,-8.18682,-14.7473,0.29266,7.33846,-11.5092,-15.7383,0.194631,-12.6353,-4.17293,-0.997258,-4.68685
78,51095,0.677503,0.729886,1.35245,0.218762,-1.38664,-2.09298,23.2196,11.8265,4.26153,-12.4966,0.555118,9.9471,0.630072,23.345,0.111386,16.4102,2.04403,18.6977,5.87446,7.49769,8.0036,1.27825,-0.173354,-0.880504,0.883081,-9.41824,3.07857,12.2333,-1.80196,14.8155,22.2957,-4.04545,-0.853114,0.515247,1.70017,13.8179,42.0422,18.8036,5.27736,6.77563,2.46879,-11.0292,6.61405,-6.06627,-5.2473,2.56483,3.70476,6.09112,-5.1164,-9.68896,3.23378,12.5123,-8.83342,-4.89871,12.7625,15.8747,-1.483,-11.4039,1.92909,-15.1433,-4.63243,18.9733,-5.74626,-8.81513,15.8369,29.9982,14.6146,17.4099,-0.210281
79,26504,-0.143094,0.0471345,0.585027,-0.0641693,6.9675,10.0044,17.3136,15.5924,9.25958,6.72466,11.346,12.6504,8.0181,13.9733,3.83656,10.2659,7.04824,7.18104,7.42119,10.0115,5.6264,15.4896,4.78424,6.32158,3.97645,2.23121,4.64825,6.93334,3.29764,8.42703,9.35096,1.7504,1.7748,5.47555,6.23066,15.439,19.5706,18.1291,11.1028,6.10944,7.45068,2.95712,5.17238,-17.1148,-15.4363,2.67668,5.16492,20.6191,1.90685,3.12945,13.7995,8.7427,-6.46968,-0.612226,6.36865,9.99575,-1.8092,-9.26919,1.00647,-17.7419,-2.69053,10.1615,-7.40367,-10.5871,17.6964,25.9136,4.92312,24.4061,3.47874
80,23272,0.18588,0.321669,1.41972,0.0480198,4.10373,19.8381,53.6599,42.4898,29.0095,10.9195,35.1862,18.4352,9.48389,21.3495,6.73074,39.3501,17.8089,21.7484,15.0959,21.6309,16.1742,24.7446,11.9612,4.18993,-8.59951,3.27296,-4.81208,16.2506,5.08408,14.2566,74.2731,-2.06435,-8.2189,0.320522,5.46594,34.3219,25.854,46.6955,26.8461,15.262,9.75812,1.04582,1.42134,-8.28981,-11.087,4.84165,0.289981,15.9789,3.1052,-1.34254,0.865914,-8.2817,-10.8302,-3.59661,-2.73186,10.1208,7.28612,-8.22497,6.47444,-12.5698,0.571678,17.6156,-2.61164,-6.25155,23.5095,15.8077,2.56517,17.8973,3.00279
81,112884,0.70741,0.754346,1.41937,0.215558,-3.87656,-4.0214,21.1484,12.6198,0.179861,-7.45211,0.485931,9.79514,-1.44262,20.1479,-2.53879,11.2475,-1.00115,17.0244,9.61501,12.9762,8.45544,6.71999,0.577591,0.798814,-2.56539,-4.7575,4.34013,11.0089,-5.4693,6.51244,12.1556,-0.571339,-1.01952,5.7005,0.79591,16.8778,41.8878,28.0565,3.67208,1.0048,1.58801,-5.98746,0.372963,-12.7525,-7.39424,-0.319257,5.73938,8.92009,-4.55552,-7.58333,0.541472,9.59942,-10.4126,-7.80415,14.4008,25.7857,1.91702,-8.35053,2.80312,-10.4225,0.290749,16.3918,-9.151,-13.4648,11.6967,20.6679,8.44666,12.6187,-3.89788
82,74726,0.840713,0.868967,1.4077,0.314738,-6.56654,-9.97311,11.7381,-4.19912,-1.48254,-21.3195,-5.14701,-0.0645513,-6.50022,9.77757,-7.95786,14.0023,-2.51295,11.2232,5.57907,1.13532,7.95568,-2.30878,0.681273,-9.09764,-2.33198,-17.7534,-0.781765,-5.51449,-6.61848,7.19891,16.4584,-15.3109,-4.29509,-1.0321,-5.2569,12.0512,27.2902,2.19893,-1.73752,-1.94021,-1.23341,-29.8289,2.6674,-10.519,-1.79227,1.38809,0.611299,4.88722,-7.54059,-10.5516,0.000888079,8.21319,-10.3557,-8.52403,17.027,19.171,1.19435,-8.53965,5.26453,-16.808,-1.30966,21.3299,-8.97721,-0.0471072,11.1298,22.1924,13.2657,14.8979,1.26908
83,58669,0.578758,0.652774,1.31596,0.132838,-0.437569,-6.29423,10.5974,-2.33068,3.93259,-22.7843,6.67555,3.12323,0.648572,-1.21156,-1.89,7.20012,2.61407,5.64901,3.52032,2.61538,6.67005,-4.89033,-0.758221,-11.5354,-0.330551,-16.6193,0.925397,-10.2648,-4.73704,-6.10263,11.6724,-14.501,-2.4495,-3.60221,0.665057,14.0906,24.7215,2.97875,8.52035,-2.46188,-0.349548,-21.248,-1.75722,-4.13632,-3.51832,-5.88469,-4.92497,-1.66576,-5.1972,-2.35233,-2.33977,2.96159,-5.11283,-7.97662,9.90441,14.5674,1.84176,-6.2966,4.36221,-16.5215,2.00163,20.0816,-6.76948,7.22327,16.0605,17.4203,5.79259,11.7762,2.52359
84,73297,0.299606,0.420622,1.25653,0.205841,2.48759,1.38837,17.6558,3.13941,5.64835,-7.69567,4.19887,15.8904,4.29252,15.9429,2.3696,22.1702,10.9197,23.2795,11.9453,9.0404,7.15468,2.48581,0.68118,-6.44252,-0.901745,-6.41458,1.59564,3.41286,0.390013,5.8263,18.3162,-5.71291,-0.7936,-3.31908,1.97991,10.016,35.2711,10.7004,9.48873,3.77138,7.05756,-6.73137,5.71485,-11.5547,-12.2464,-2.50836,-3.96223,4.32739,-5.14301,-5.6787,2.57483,1.77582,-8.3681,-9.17447,11.9615,23.4272,5.13092,-5.69728,6.39903,-12.591,1.92343,22.9547,-4.56255,-5.28086,14.876,15.8446,9.20415,18.7185,2.0321
85,92731,0.500732,0.589399,1.49974,0.166138,5.04689,2.54865,23.0505,19.924,8.37132,-9.65477,18.1261,7.59588,2.67922,10.2477,2.1411,18.8541,9.4627,17.0528,9.91109,11.2528,11.5783,5.2677,3.38494,-11.621,0.414601,-11.7823,2.38046,-4.43271,-3.77057,-0.964889,14.8236,-11.3904,-1.77222,-2.03523,4.52479,25.3591,29.1677,23.5406,12.1797,0.666069,3.31472,-12.9829,0.165713,-6.72876,-9.10932,0.159045,-3.28648,-1.37931,-4.03987,-1.80969,-3.83515,-4.89895,-9.52842,-6.68521,6.56265,16.6626,4.89487,-4.97554,7.76101,-14.2554,4.69604,19.9807,-4.08187,3.93033,20.9167,23.4832,7.52659,17.6983,5.37216
86,25225,0.475375,0.560362,1.75031,0.197724,-2.24151,22.5263,67.1282,25.088,28.0571,19.5362,68.5288,15.2869,-2.60958,24.5589,0.645968,27.9389,5.23193,53.0478,52.9451,94.7741,49.3188,52.4863,15.1452,26.7795,-4.95256,7.42862,21.5034,59.943,-7.85526,31.4639,72.7817,4.44261,-5.7074,13.1136,8.04391,23.0179,100.095,76.1279,25.4405,10.3572,12.3358,-5.88108,0.497633,-14.114,-15.2218,-9.37212,4.86974,13.4727,-5.37152,-7.21415,7.30903,9.28787,-10.8797,-2.54347,7.47238,18.4224,2.4971,-5.1542,5.04788,-11.4292,2.12814,20.1077,-6.55871,-11.4637,12.9928,24.8133,8.88809,15.1178,-3.61491
87,112898,0.853599,0.87879,1.39835,0.243792,-10.5305,-11.1682,7.87527,2.07776,-2.70645,-19.0169,-10.3205,8.88786,-9.00448,-0.515118,-11.5814,4.71328,-8.42204,6.50661,3.78247,1.10149,7.91039,10.5989,-4.09934,-2.25024,-2.82033,-10.4271,-1.3637,-4.69027,-10.8375,7.90296,7.90339,-6.05494,-5.6331,6.70534,-6.22435,15.1991,24.4196,5.10899,-4.98085,0.174306,-6.49603,-17.813,-7.27948,-7.04468,3.06772,0.813318,6.10088,0.0315146,-9.84936,-10.1173,-3.36134,4.38493,-9.41882,-7.90244,17.2704,27.4942,0.279764,-5.7781,3.32128,-7.51592,-2.68064,13.949,-7.39341,-8.31455,8.89375,27.6954,20.0389,18.7946,0.262178
88,47321,0.849611,0.876318,1.49947,0.218951,-6.29826,-11.7688,9.50964,-14.2026,0.710851,-32.7376,-3.51657,-5.99062,-5.83388,0.176456,-9.77409,2.54331,2.33373,6.75213,5.70152,-2.4972,6.87559,-4.47688,-1.7738,-16.4459,-4.60916,-22.832,-5.05403,-12.7058,-8.43068,-13.5954,18.3643,-21.0089,-4.83467,-10.7004,-3.74205,0.807009,35.8534,2.13217,2.40863,-5.71807,0.598746,-29.4128,2.46835,-9.43419,-5.96108,-3.36924,-5.37581,3.24796,-6.43119,-12.5301,-0.957789,1.41083,-9.9352,-12.9523,15.9864,21.2598,2.62468,-3.37303,5.44045,-10.0676,2.53981,23.1285,-6.58567,2.67944,17.6449,26.1107,15.8333,27.0913,12.14
89,33785,0.884176,0.902048,1.60598,0.384986,-5.09126,-7.85335,6.43368,-5.38965,-4.87384,-8.46571,0.181118,-2.51416,-4.69028,10.2216,-2.68322,2.03502,-4.91659,14.9031,11.3037,19.2199,9.81103,11.2857,2.64823,-1.13154,-3.81221,-7.50068,4.36554,1.83794,-7.50301,2.75665,14.0827,2.60856,-0.101372,4.15332,-1.26879,14.692,33.3378,24.7369,2.98839,-8.05905,-0.511299,-15.4395,-1.8423,-11.1793,-10.6705,-0.396586,7.21844,20.5414,2.18513,-8.92793,6.48719,8.24894,-9.26936,-5.60473,8.67226,20.547,-0.99389,-9.73892,-5.13673,-14.6888,1.04037,16.7327,-7.3197,-15.5338,14.3398,18.1804,1.89252,2.9927,-4.15185
90,47801,-0.226839,-0.0106161,0.115113,-0.24515,0.739219,1.09272,2.42646,1.86049,1.45564,0.495745,2.19354,2.82365,1.20291,2.80574,0.784309,3.94845,1.9177,4.27986,2.03111,2.61621,1.86661,1.62693,0.931362,0.676256,0.681107,0.261382,0.671559,0.930246,0.33029,0.44721,1.82068,0.142287,0.166359,0.23883,0.677001,3.01593,2.85919,3.10634,1.68572,1.93106,1.46651,0.472573,0.490092,-11.4204,-13.8066,0.426791,-0.878978,3.64057,-6.4448,-2.78564,-2.42957,-7.32714,-7.08911,-2.79635,5.5057,19.3702,7.83359,-1.98125,11.6705,-12.856,5.47378,18.6925,-5.99553,-2.96321,16.8215,10.3233,2.58495,12.919,1.20689
91,77559,0.920504,0.933506,1.45233,0.179487,-12.8047,-20.4771,3.07132,-7.91516,-8.91683,-22.9683,-7.99428,0.911422,-12.9976,4.69196,-9.84304,8.78512,-11.3188,0.87193,-0.18693,-2.58264,5.58224,-3.53167,-7.38011,-7.72602,-6.2685,-12.1204,2.2379,-9.55728,-14.2118,-5.1547,5.64709,-14.2494,-2.03535,7.06307,-9.50318,8.96825,26.6056,11.8383,-4.7569,-8.09737,-8.64714,-25.402,-7.33696,-9.67352,1.87581,1.9357,8.75953,-1.87245,-6.72281,-7.90249,-6.93665,0.332234,-12.426,-6.5201,17.7698,34.9431,2.09334,-4.20523,-0.0876389,-10.8944,-2.26443,16.6556,-10.0342,-12.7985,15.6793,22.6544,9.81928,4.88523,-3.81527
92,10188,-0.150732,0.0350828,0.631033,-0.180555,0.627577,0.972708,6.80195,6.27163,2.28618,-2.361,1.30139,9.11828,2.26286,3.20776,0.565112,7.49558,3.12497,6.27087,3.65515,1.77604,0.151101,2.61834,0.533068,-3.0521,-2.89429,-2.95211,0.759129,0.0110784,0.278795,3.13965,4.20101,-2.22306,-0.131103,-0.274058,-0.868917,6.61397,9.13886,7.63611,5.28421,4.27481,2.28721,0.415859,2.57953,-15.8906,-14.8013,5.84376,1.45193,21.3414,5.0007,0.349307,6.03615,-0.580853,-7.00539,-5.8325,7.14586,12.6955,0.447017,-9.44244,-1.51044,-15.6221,-3.18265,16.8814,-3.88031,-9.74289,23.3683,12.1428,3.15051,14.9202,2.37357
93,22744,0.829628,0.859876,1.44748,0.241524,-5.09794,-4.44637,11.4671,-9.54386,2.93638,-34.5736,-2.37118,-4.17508,-6.62225,0.711409,-8.58857,-0.653716,2.23245,3.24099,3.86885,-5.10923,6.11931,-9.33318,-3.47741,-30.5151,-6.4793,-26.4716,-2.74667,-21.7133,-6.99507,-14.1994,6.7292,-25.2069,-5.79512,-12.2574,-3.87588,7.67606,35.2475,5.30044,0.71313,-6.09896,-1.54577,-26.8566,-5.59227,-2.43514,-5.84859,-9.67614,-8.80373,-2.34927,-9.06602,-7.2307,-3.27268,-4.88107,-7.99844,-9.78809,12.0618,27.1131,5.32196,-1.10674,8.97953,-16.571,6.84307,22.99,-5.48007,3.93515,16.934,24.2473,13.1859,27.7914,10.8497
94,16650,0.640003,0.703949,1.41886,0.327671,-1.48094,1.85661,12.4602,-1.06809,5.90249,-12.6123,4.60244,0.329247,-3.70786,7.3255,-5.96011,3.9721,3.30894,11.9415,12.1473,9.24884,10.1891,3.42818,2.08209,-10.2031,-1.87264,-9.22296,2.82919,-0.928207,1.53226,4.66618,19.6745,-12.3654,-6.24083,-5.85307,-2.26551,6.28752,30.458,10.4391,0.358183,0.228967,-0.378977,-14.8248,-2.03862,-1.22149,-10.1817,-7.24315,-5.17816,0.149281,-7.77258,-5.61564,-3.86845,-8.37992,-10.0403,-12.0562,9.53074,23.9772,7.83965,-7.14144,9.92633,-12.6714,6.77273,24.804,-4.40638,5.39862,16.353,23.0764,4.93913,20.5002,8.44865
95,83440,0.651516,0.70545,1.10581,0.137928,-0.541061,12.4222,15.9585,0.90271,-3.24589,-1.29353,0.582223,8.18176,-4.91122,4.15084,0.773648,12.1564,-3.55176,9.37459,-4.80874,2.3057,2.44779,16.5647,2.85632,-1.67717,-4.17595,3.87542,13.5615,11.183,-1.523,2.52996,7.04043,11.3861,0.337237,3.19765,-1.75854,23.1107,54.4227,50.8105,0.935372,7.30049,7.98545,-3.33193,-1.63516,1.04718,-7.59739,10.7424,2.43542,11.4422,-3.78725,-1.89111,3.00744,-11.6586,-12.5075,2.5075,28.6286,16.9662,-0.357132,5.44638,-0.632134,-13.4332,-1.84591,-2.23946,-12.6278,-18.9295,15.7404,8.34385,0.837282,38.7951,0.963046
96,32597,0.791272,0.823537,1.26057,0.265221,-4.26087,6.31118,15.4006,-0.6131,-3.29007,-5.16068,6.91405,4.83727,-4.32463,4.17803,0.484467,-5.62802,-4.87932,3.08639,-1.43238,-3.91632,0.728134,12.3594,2.70557,-9.86106,-5.14738,-6.12998,9.20059,6.40403,0.51079,-5.91165,3.38434,3.90712,-1.29552,-7.48045,-3.16599,22.9609,48.236,31.9943,-0.714294,-0.101727,7.02673,-5.53411,-9.89462,-9.09928,-2.08705,18.9329,-2.16665,12.8221,4.72879,7.86342,6.16726,-7.39507,-13.1754,-6.04486,20.019,-2.19714,2.70594,7.30847,-8.4668,-14.1317,2.22935,10.1313,-14.7616,-18.1902,25.6706,-5.81605,-12.7051,0.760069,-11.5427
97,10027,0.858902,0.878422,1.14802,0.0266188,-2.68293,11.8535,14.2748,11.7734,-3.66608,-9.94886,-5.07417,25.2928,-2.77155,12.4924,-0.736384,17.945,-5.0603,10.5113,-6.46281,8.79057,9.78302,18.3982,4.95466,-1.18535,-7.49003,-3.66226,-0.485717,4.57463,-5.80768,-5.59619,2.79375,7.02269,0.0661149,6.55914,-6.59007,12.3136,27.3229,40.2257,-2.1968,6.57075,0.817872,0.0614295,-7.11466,0.473023,-9.08055,5.23882,7.21189,8.74299,0.217633,0.379738,8.35214,-3.33649,-12.7988,7.54564,24.2867,17.6773,-2.8781,0.576033,-0.365653,-12.2495,-4.11589,0.501705,-13.157,-25.5493,8.88631,0.27026,-0.224538,29.4344,-3.7752
98,59692,0.642003,0.697262,1.15479,0.219353,-1.39652,17.5047,17.7657,0.154918,-4.66108,-1.78882,-0.263805,11.0979,-3.55544,3.56935,-4.43237,10.2678,-8.21686,5.80726,-7.81677,5.32018,3.46734,11.7637,3.31458,-2.28279,-8.85458,-3.25601,3.30539,7.80813,-3.17698,-2.18371,1.7827,15.5991,1.48576,2.96499,-3.169,27.8344,40.6353,44.6556,1.04277,1.79821,-0.000119463,-1.59797,-5.79964,-7.75625,-8.41731,12.6813,0.520163,12.1082,-0.760035,-1.08615,9.17785,-6.72803,-14.344,-0.0445771,23.1682,2.42432,2.01565,11.3925,-3.13792,-13.9734,0.772923,9.40747,-13.5548,-18.4254,22.3076,14.4979,-0.231522,12.33,-7.29037
99,92785,0.62296,0.683076,1.10744,0.215437,-2.20379,10.8612,6.23834,8.2715,-3.07925,2.00236,1.21806,9.25404,-5.91047,7.60609,-3.30613,4.65172,-6.26818,6.59014,-4.90143,1.69603,0.604131,12.1955,-1.50853,1.80639,-7.40987,-1.8681,2.08111,11.7314,-0.936987,0.978549,1.55854,10.1826,-2.18846,-2.15081,-3.33864,19.2157,34.2498,46.1711,1.39641,2.74361,4.07021,3.23003,-4.37923,-12.7075,-9.42808,9.91858,4.96222,7.74642,0.144417,1.40997,9.06511,-6.99668,-14.5178,-5.72837,21.7204,15.5221,3.89558,4.40058,-6.13333,-10.1539,2.11021,14.6879,-14.1715,-18.0991,12.1981,0.325135,-7.04633,7.29114,-11.2831
100,29662,0.501969,0.580187,1.05044,0.174432,1.45601,16.0289,18.8713,0.0636557,-0.861725,2.2071,3.71776,8.40927,-0.940274,6.1644,3.525,11.3932,-1.11093,14.9947,-1.36551,4.63357,4.13582,21.1377,4.52805,2.50869,-0.562699,4.03048,15.8192,8.21662,2.94467,2.74839,12.0022,10.4782,2.81544,3.62323,0.211687,23.2492,63.6346,49.1123,5.77292,7.19337,8.28431,-0.738908,-3.16203,6.4987,-5.50083,6.26096,-0.74572,13.9291,-6.21619,-6.91888,-2.23401,-13.2231,-11.6899,-1.74188,31.7827,16.5037,-0.273367,6.70295,-1.85838,-13.0281,0.220865,3.29394,-9.7407,-18.2775,14.2122,4.77881,-3.80149,32.4515,-0.806049
101,93378,0.526509,0.600749,1.08704,0.156448,0.0624691,0.945738,19.1712,-3.06221,-1.50224,-4.60553,3.45841,8.3179,-1.40826,5.44421,4.05308,2.66834,-1.97647,7.0748,-1.58678,0.167364,5.71527,21.4346,6.29781,-7.19478,-2.23174,-4.47309,14.0651,-0.999304,-1.04261,-5.03647,12.3714,3.1106,1.24724,-3.4152,-0.47231,24.6984,55.687,40.8803,6.2785,1.97029,3.80339,-4.99012,-5.39623,-2.1951,-4.73611,6.05906,-0.754626,21.261,-3.8175,-5.01986,-1.19893,-4.55642,-10.9988,-10.3686,27.5997,4.83102,0.0731578,13.2104,-1.44331,-11.3863,-1.89702,4.25238,-9.89662,-16.0878,20.7805,-3.0538,-11.8458,17.5039,-4.49506
102,38438,0.773425,0.80756,1.20703,0.115766,0.831792,12.5829,17.2751,5.92273,-3.20072,-5.71536,-3.00238,14.7814,-6.02633,3.45737,-0.486773,12.8709,-5.32402,11.2974,-6.63641,7.43568,4.42979,18.4865,1.96116,-3.21331,-4.9551,-1.57892,1.78841,10.7786,-3.2575,1.83623,5.74764,8.6325,1.1621,10.474,-4.77966,20.0793,42.6103,51.1235,-1.23245,6.2821,4.26492,-1.70163,-1.29779,-1.13373,-8.95029,9.00181,2.98942,8.94578,-1.61536,0.673734,5.40078,-9.41263,-15.1291,-4.40757,25.4059,22.0156,1.49063,2.04986,-0.11882,-11.6658,-1.37753,4.85278,-12.1658,-20.9199,15.4875,12.2153,1.55666,32.1618,-1.44592
103,84668,0.613387,0.675414,1.1524,0.118811,1.76913,10.9726,19.9349,3.87075,-5.09691,2.42883,-2.17024,11.4088,-6.56631,7.46643,-2.19248,14.4667,-7.47267,16.3817,-7.70577,8.34953,0.0981127,18.3194,-0.0094592,2.5293,-7.81877,2.18122,4.92185,9.17528,-2.17857,4.4409,1.72232,10.3371,-0.644971,5.70295,-5.21318,29.0993,43.6458,52.3867,0.526864,6.92189,0.690385,-2.59953,-4.98919,-4.53108,-5.59299,11.5482,0.288682,2.80372,-5.7428,-6.61362,2.86895,-15.8112,-13.6741,3.51302,27.7426,13.2959,1.89993,13.4407,-0.287402,-10.3882,-1.16255,8.98583,-11.9191,-16.2433,22.2363,16.6723,1.26469,26.7369,-2.44448
104,60868,0.778516,0.813586,1.35825,0.25103,-7.81346,2.0615,9.47584,-6.27972,-6.44982,-17.7088,7.43025,-5.28315,-9.29785,2.73676,3.29159,-12.7767,-8.64135,7.11837,-2.7994,-9.39919,0.11448,9.01799,2.32288,-14.7661,-7.53254,-15.3744,9.09127,-0.959385,-0.563427,-15.0497,1.72222,-6.40252,-4.46483,-16.3646,-6.24605,22.3517,45.1147,35.2205,-2.16723,-11.2829,8.68652,-10.1913,-11.9645,-11.2014,-3.04471,24.064,1.96266,15.7547,2.20666,3.83924,5.2148,-11.9976,-12.178,-4.87905,23.4376,10.9602,-2.7575,1.21734,-7.63894,-13.5454,6.11077,6.14383,-13.9803,-20.356,12.0457,-8.47325,-10.138,13.7881,-5.73713
105,34303,0.703808,0.751074,1.20501,0.112457,1.74057,13.2912,19.6445,-1.53649,-4.70779,1.55277,-0.436227,10.6824,-4.0197,8.53665,-1.73694,9.55235,-6.79965,10.8074,-7.46238,5.38835,1.72732,12.2778,0.806914,1.3219,-7.07399,-1.05548,4.15877,8.45077,-3.6245,2.14484,1.29766,10.0518,0.430251,1.00838,-4.45963,29.176,43.9431,51.0935,2.52471,4.16871,1.04184,-2.20686,-3.89073,-6.818,-8.11344,13.2452,-3.63139,10.4236,-3.76392,-7.25384,3.08679,-13.8426,-14.1411,-3.34237,26.7645,8.2016,3.12966,12.7067,-0.692913,-7.96146,3.23724,10.8374,-12.4003,-16.1962,26.2657,18.7024,-0.461428,24.1557,-4.72225
107,113710,0.811955,0.841182,1.39355,0.400149,-5.78726,4.17731,8.50431,9.48568,-3.67598,-5.69793,4.23531,8.50544,-8.93116,8.70833,-0.342332,0.309219,-9.40876,11.1475,-5.2966,-3.7088,3.81993,17.9562,2.19499,-3.78968,-9.46287,-7.56488,8.2796,4.31414,-1.61407,-2.65886,4.03102,4.73292,-3.22099,-8.36606,-6.28311,20.9507,38.6524,48.315,0.0484072,-0.995185,6.21645,-4.27465,-6.14582,-7.15018,-4.70728,17.7986,6.21971,19.2801,3.44141,-1.69026,7.22647,-4.18059,-14.7303,-6.47142,19.4071,7.56976,0.788034,0.128953,-8.31289,-17.1974,4.51166,12.4456,-16.4017,-20.5333,8.82962,-14.0532,-12.8936,-0.315895,-11.1301
108,55057,0.569699,0.63379,1.06957,0.21303,2.11164,-0.0358589,18.6154,-5.17909,1.45355,-6.86302,8.04237,0.981806,0.557581,1.5366,8.75075,-3.79685,1.095,0.339413,1.09988,-2.84559,5.00602,14.593,7.86139,-5.15186,1.86617,-6.12162,14.9208,-1.08702,3.89917,-6.50905,14.7559,-1.58262,2.9482,-5.32103,1.71396,17.3739,66.8951,42.2389,7.85458,0.0203876,6.39402,-5.45295,-2.18257,-6.76292,-3.76542,15.4245,-2.13309,20.4994,0.356199,-2.38718,-1.54571,-6.31464,-9.43903,-7.60188,24.4607,2.13655,-4.69232,13.8367,-2.06181,-12.8315,1.58167,2.27021,-10.9246,-18.2694,28.0481,6.54265,-11.4805,11.0745,-5.77983
111,20471,0.601683,0.658046,1.10738,0.00980836,15.8178,19.646,20.3741,16.0267,-3.75304,-4.40064,9.87509,18.9402,3.96301,5.36028,4.47958,16.1782,-1.70013,16.8573,7.10623,11.6706,3.79923,26.7225,8.87849,3.33221,-3.51001,3.36634,6.88649,14.1785,-0.798943,-0.357958,6.92849,17.3785,2.02017,0.131291,-8.56793,15.4465,31.8494,32.9558,12.9932,9.1905,5.25391,-2.69145,-5.56434,-4.52903,-4.82455,8.0794,2.03478,12.9501,-1.25244,14.2487,0.539674,2.99926,-12.5158,2.63551,17.279,10.1697,2.68053,-6.26345,5.79074,-22.1472,0.972242,5.63637,-11.5837,-23.7794,10.3278,14.2825,4.88931,21.749,5.78323
112,8598,0.638837,0.691194,1.04501,0.255952,7.26246,23.5638,18.6232,11.5936,-7.30889,-5.94589,9.61465,19.5096,-3.13459,5.81909,2.79435,15.8183,-6.04632,12.2602,2.75515,15.2895,4.86531,27.58,5.44061,-1.31915,-3.6779,4.42905,6.31607,16.9365,-0.415864,2.36336,9.93853,17.7288,-1.57558,-3.74996,-5.88373,13.5867,29.0195,39.0139,4.7074,3.71883,5.65094,-1.39024,-8.64872,-0.496525,-3.78606,9.17359,4.30759,16.8733,-1.69575,12.6561,3.09289,1.58735,-11.4,1.41112,21.0351,6.45822,3.03878,1.00882,3.25088,-21.2261,-1.09261,-2.72155,-16.0243,-24.7243,10.8401,22.2323,1.95509,30.6563,7.88616
113,121413,0.802052,0.83259,1.22892,0.33304,3.20943,0.933999,16.3825,8.22024,2.47417,-5.91998,16.0775,13.6002,3.92377,-1.70043,7.32891,1.75887,1.93132,11.1115,4.96709,6.12379,13.9036,25.2537,12.4768,-2.27942,3.12916,-2.33138,15.2842,3.3329,6.22882,-2.08235,22.2866,5.12079,2.72999,-3.57157,3.48205,14.793,48.1117,45.609,11.6978,2.38406,6.33892,-3.55401,-0.48155,5.21149,2.45233,12.3607,3.01994,20.0858,-0.957635,1.98302,0.997996,-4.46631,-12.549,-4.78817,21.6573,11.0801,1.02022,-6.6493,-3.31459,-19.0786,-3.8985,2.55389,-11.9496,-18.2926,8.78143,-0.636484,-1.0962,3.87283,3.13213
114,34911,-0.0198589,0.133996,1.54093,0.280773,5.66457,11.0085,41.5795,30.8619,4.85824,-3.96127,22.1655,22.8511,4.87278,27.2125,15.2436,44.295,12.2371,32.6532,10.5947,13.9759,11.5828,22.1113,2.76178,-3.26542,-2.86964,-3.39824,2.09375,11.7735,-4.30004,2.68318,6.499,-1.1565,-1.10378,2.49973,0.327068,27.3865,35.1167,38.9093,19.9369,15.111,6.87001,-5.38846,-1.20621,-4.47721,-10.9623,-1.89572,1.90213,14.1001,-4.23197,-1.30249,0.345615,-8.87838,-11.8883,6.28243,15.4949,21.8967,2.40048,0.46236,10.2198,-17.0896,-1.26288,8.55147,-7.89774,-17.6496,10.981,7.70953,-1.77822,1.00618,-6.05718
115,36638,0.760839,0.795737,1.26825,0.298521,3.30528,6.58271,18.7204,12.488,-0.634457,-10.2352,12.6277,12.9052,-1.41901,4.09449,1.39716,15.6168,2.56553,11.7491,1.72055,11.5064,7.50988,14.4915,3.83972,-3.91603,-0.546045,-4.15994,6.97073,6.10832,0.498412,-1.37746,18.8417,4.73811,-1.39223,7.20107,0.596348,23.8221,32.313,25.9938,4.74575,4.99827,2.37422,-10.0822,2.58587,3.53604,-7.9425,7.77177,3.84666,12.9845,-1.31622,2.62643,2.25865,-5.23532,-13.5285,3.34678,20.1375,14.3453,1.36012,-2.57225,6.00983,-21.0027,-2.26117,4.67032,-14.0869,-20.4708,8.72213,5.6996,-1.35403,8.71653,-2.0973
116,85981,0.686293,0.733342,1.17984,0.187034,7.64743,6.1062,13.7297,13.04,5.51572,0.446483,16.8426,10.3112,4.983,3.05786,5.0679,9.15806,4.30518,8.02143,5.11881,10.5706,8.24405,16.9437,8.53391,4.50826,4.64296,0.821484,14.7873,9.52745,6.36137,0.752662,21.2223,8.74815,4.38236,3.8114,4.29958,20.143,44.8056,38.9589,12.5305,8.93975,7.38965,1.95027,3.63099,9.83625,-2.49034,2.14538,3.07938,7.17502,-2.92956,8.65194,-0.701393,-7.41127,-12.2115,-2.44105,18.4323,12.3626,3.03722,-5.08492,1.80719,-19.5268,-4.66171,10.828,-9.08659,-16.5355,11.6977,6.16567,-0.92941,1.10967,-0.444265
117,130183,0.624305,0.677282,1.07738,0.158263,5.6469,7.82948,17.442,4.71848,3.54624,-4.03718,8.00054,18.6808,6.09637,10.5724,11.2689,17.4724,5.89488,14.3016,4.94182,13.3284,10.7645,18.5109,7.68306,-2.21503,2.86419,-1.42473,9.42583,10.2671,3.29987,0.489735,17.2314,9.67152,3.83535,1.30117,5.15453,10.9316,50.9325,32.3256,11.1424,8.21675,6.9658,-2.48158,1.62936,5.45748,-5.54256,4.2179,4.21089,16.3822,0.364932,-0.329822,4.71655,-2.56575,-10.5623,0.801083,10.7235,4.80246,-5.39773,-2.36191,5.39258,-17.7547,-1.70934,6.86989,-9.1354,-15.5189,22.9177,6.01288,0.144095,3.5828,-1.36732
118,150178,0.799531,0.828007,1.0373,0.199563,4.49293,6.50838,18.6619,2.13896,1.05894,-5.75057,8.98134,18.389,2.75435,2.049,9.80874,15.0694,2.19093,7.87062,3.09785,6.73233,9.14466,20.2085,8.25334,-7.70858,1.93043,2.22948,11.8819,3.53843,2.62976,-3.19373,15.1056,10.0491,3.18753,-3.06554,2.4145,15.6143,49.3238,33.6792,6.87345,1.85554,6.72768,-4.32959,-1.79079,10.6411,-0.214695,13.0636,4.87151,14.1234,-1.42169,1.55654,-0.852113,-5.53564,-11.8991,-2.32955,19.4556,2.24583,-0.776432,2.78976,4.12633,-15.9255,-5.14475,-0.0776407,-11.6847,-20.5519,11.3581,1.54617,-8.85644,30.6905,9.24897
119,150237,0.637222,0.691561,1.23216,0.147007,1.38267,1.04741,15.2742,1.12286,-0.507664,-4.3263,6.16342,7.58505,0.912424,13.8395,5.09019,14.3435,1.89203,7.60555,2.52781,8.87305,6.65174,8.9754,4.22142,1.85431,-0.121902,-3.41366,4.70679,7.16639,-0.030875,0.489603,7.76946,1.93661,1.88165,3.24219,0.709208,11.5078,30.9999,23.1789,3.30071,5.02911,2.88322,-5.98447,-0.316251,-10.0245,-8.13552,0.970293,3.01329,20.2872,1.02568,-2.24486,2.6247,-3.18201,-12.4335,-4.93717,12.9231,18.6993,-1.57876,-4.38787,5.40933,-14.7808,1.25723,17.8485,-9.55262,-18.2481,10.8099,-4.51545,-4.00965,1.15986,-2.13947
120,101524,0.310032,0.412652,1.29977,0.0261268,9.71507,16.3182,34.8522,23.4644,6.31074,2.19679,27.3512,23.047,8.40352,28.2061,15.0814,26.6427,9.0275,31.7214,9.79387,28.6191,14.4577,26.4278,6.16781,6.97099,2.96514,3.72558,7.67289,17.9779,1.93093,3.33123,14.8763,3.66214,3.55222,2.22423,4.25654,21.8048,42.8417,41.3134,13.0389,10.4449,11.2178,-0.917861,3.2719,-6.82788,-8.43391,0.516351,-0.0687533,19.6282,-0.609031,0.380552,3.46081,-3.18657,-12.2302,-6.43091,9.1417,16.478,-0.951923,-4.67755,8.36496,-17.5419,-0.0717045,16.9011,-8.3404,-15.2394,16.1702,-2.19146,-4.67223,3.32668,-5.60791
201,37886,0.621629,0.676078,1.2577,0.157217,-6.72269,-7.72064,6.34485,-8.85389,-8.53753,-18.6376,-7.18521,0.775439,-11.9151,10.8958,4.36393,17.5157,-6.05546,-0.16018,-5.29124,3.86387,5.21676,1.94328,-2.962,-11.3757,-8.10336,-11.9403,-2.24637,2.26932,-12.4525,-0.959133,6.26926,-3.16281,-7.42818,1.57261,-8.907,0.675827,23.8236,16.4225,-7.55344,-1.96532,-5.78129,-11.4534,-5.01827,-6.07077,-8.33054,-4.5011,11.4762,22.5629,3.86806,2.14289,5.338,-1.05432,-7.48345,4.98133,4.44256,7.72065,-7.51425,-13.1144,-0.991395,-5.98376,0.272461,9.86586,-7.3247,-16.5493,7.94211,-7.10008,0.769193,0.705318,0.303702
202,57617,0.833357,0.856612,1.45019,0.273642,-7.05511,2.83545,9.53268,-3.4588,-8.81219,-13.4249,-3.15846,10.9609,-7.67156,23.4085,6.32373,15.8503,-5.64975,8.50003,-5.49497,0.988248,2.25914,11.5852,1.51146,-8.50943,-6.08647,-8.72921,-1.04472,8.12833,-7.69415,2.28387,9.31517,2.85862,-7.5601,3.14045,-5.82362,12.9964,33.5894,36.4069,-2.46002,2.88092,-3.28837,-11.6333,-6.70902,5.04454,-5.26575,-2.29965,7.82388,23.8234,5.1055,-3.91707,5.3303,-1.91541,-12.2922,-1.7418,5.82045,10.7087,-4.6502,-10.7495,-0.275417,-12.4873,0.954616,12.1458,-10.2225,-18.6116,11.0623,-2.08539,2.88057,4.36586,2.6441
203,35773,0.549208,0.623751,1.12277,0.0167838,-7.36642,-9.04558,5.60317,-11.0318,-6.84693,-14.6294,-3.88087,-3.61181,-10.9162,5.99504,10.0891,14.3777,-2.9627,2.78982,3.63047,0.326345,13.1143,-10.9627,-5.27849,-17.7036,-8.7977,-12.9856,1.76722,-1.67197,-10.3208,-3.6581,2.24317,-3.0962,-6.75303,-3.39995,-7.55092,-7.93098,23.0589,5.07454,-7.08167,-9.33816,-7.98721,-19.9966,-1.50117,-7.13746,-7.77677,-2.00078,6.3478,15.0072,4.22249,3.44732,3.43173,8.14026,-5.01596,-1.17941,9.36934,4.1786,-7.78022,-15.6298,3.95,-6.58423,-1.36882,11.2282,-8.19996,-9.4699,9.06919,-0.902146,-2.20222,-1.03009,1.66581
204,39488,0.720632,0.76492,1.2483,0.0640069,-4.84858,-2.46247,8.61035,-15.6404,-0.661022,-19.6007,-4.0238,-0.895283,-14.8105,10.3856,4.6618,12.8194,0.677223,1.58163,5.7958,3.67408,17.4704,-1.09893,-1.77219,-17.0228,-6.844,-9.55678,5.61778,11.9106,-7.5207,1.46866,4.09568,-1.70616,0.215881,-3.55427,-7.99273,-6.56359,32.5647,6.77522,-4.58755,-15.1354,-6.50014,-15.0399,5.24192,-3.5271,-11.9242,-0.516775,6.96712,11.5511,0.627025,5.88248,10.2262,9.61902,-3.33123,-1.26829,10.6795,-2.81805,-9.63205,-14.0536,4.42477,-4.37793,-2.43647,12.4239,-9.88358,-12.9148,7.80883,-1.70917,-0.393765,-4.60154,3.93413
205,1639,0.65967,0.720386,1.04082,0.190511,-2.08061,-0.872499,3.19369,-9.30694,-10.9186,-10.0406,-2.67437,-1.64603,-18.9366,-1.43336,0.358116,5.79832,-10.8072,-2.84196,5.03153,1.5895,9.46332,4.34819,-1.43583,-12.0957,-6.85514,-3.78251,1.67608,6.33596,-7.05804,-2.07236,-0.167966,-0.413894,-5.38136,-3.38049,-10.7264,-7.31341,18.7955,0.744127,-10.6082,-11.3113,-7.48958,-18.6792,1.23069,-9.82164,-15.8938,4.36521,6.47778,5.54993,1.85431,10.3429,9.84487,6.28197,-3.81957,-5.88521,8.03822,6.50592,-4.63014,-17.5167,5.01132,-1.71475,3.78462,7.78147,-8.58689,-5.88905,3.48212,0.191976,0.528146,-4.25633,6.99095
206,22591,0.785761,0.815278,1.34634,0.0123234,0.310528,14.9189,17.5841,7.01158,-1.693,-19.1433,-7.33889,26.1836,-1.98494,24.188,7.80177,14.835,-4.30599,12.6049,0.896665,17.648,8.45363,21.3507,6.68555,-5.22852,-5.30086,-7.51427,-1.97859,12.1084,-3.70955,-2.27054,5.62626,8.29552,-4.20033,8.6831,-6.71484,5.99927,36.6037,38.4627,0.995142,12.1465,-0.496787,-11.6631,-6.06368,0.0479835,-9.87334,-0.70335,6.31391,28.379,8.79122,2.37198,10.4089,1.30769,-12.1476,-0.715478,17.3343,5.23562,-6.17685,-4.73969,-0.624499,-7.19763,-2.62679,3.23422,-11.0974,-27.2203,7.26224,-1.22112,6.72835,19.2465,1.70324
207,4079,0.805349,0.832882,1.14591,-0.207734,-3.74124,13.8603,12.1392,10.3191,-1.71695,-25.072,-5.31288,20.6751,1.34381,20.8914,3.20967,14.9082,-3.88484,11.2225,-2.57133,10.7829,10.614,5.03499,3.02638,-5.05193,-10.9554,-4.30669,-1.1361,8.60769,-3.15819,-5.72264,-0.896654,7.78886,-5.74312,5.0072,-8.05362,1.8115,18.4664,24.5153,0.0123758,11.6074,-1.02171,-15.2936,-10.3163,2.20932,-9.50735,-6.2523,6.44392,19.2537,6.00655,-2.43984,6.58192,9.6055,-15.5065,-5.53208,14.5961,12.8265,0.248014,-1.17319,4.27517,-6.83657,1.7687,3.08845,-13.9202,-24.7494,9.69731,-1.94994,5.25368,14.5752,4.74812
208,32640,0.653658,0.706323,1.32139,0.227743,-3.48281,6.1335,21.519,-4.7616,-11.9996,-29.0589,-17.4297,19.7175,-6.17471,17.7987,-1.32163,15.5349,-1.68501,0.850419,-4.48095,10.836,10.7509,8.28088,-6.59085,-13.3646,-10.3445,-16.2275,-4.0459,1.33481,-8.05433,-1.98915,3.24602,7.32272,-6.5993,2.16184,-6.22188,1.98939,43.894,18.9709,-7.85916,-1.74899,-3.17916,-10.3819,-12.0438,0.998035,-4.40118,-5.06925,7.26674,24.3923,5.79658,4.92456,5.98314,2.08997,-9.76756,-2.97869,14.9508,3.03149,-4.41866,-12.6723,-2.13223,-4.72788,-6.33452,9.72327,-4.09768,-19.7114,12.4321,0.688403,8.05121,26.3886,9.00105
209,38003,0.724165,0.764988,1.32028,0.114979,-5.14599,14.4024,17.8706,2.00126,-9.97971,-19.3729,-16.6746,25.5264,-5.48593,27.9081,4.19664,18.2783,-2.77101,13.693,-0.225993,18.3847,9.04064,8.76799,-1.50652,-14.6304,-10.2806,-14.0651,-5.33894,14.1395,-11.1418,0.768384,1.60601,8.33808,-6.49314,14.5064,-4.42305,12.5301,41.3939,38.0442,-7.35176,3.45201,-6.26174,-10.951,-2.91065,0.361664,-8.63025,-4.47636,8.15889,26.7384,5.48851,7.64314,13.8492,1.39881,-7.82868,3.84669,11.2533,-4.06523,-8.39669,-13.944,0.0295218,-3.37075,-6.51047,7.77023,-7.4366,-21.9026,13.9455,6.75506,10.2003,29.099,5.57982
210,65634,0.725275,0.76785,1.51449,0.238066,-8.82601,-11.0861,7.57267,-6.72859,-8.6619,-10.272,-1.49007,-0.325185,-10.7745,5.66359,0.142193,15.1485,-5.48669,3.18392,-0.219988,3.08532,12.648,6.51908,-0.690019,-10.6053,-8.02513,-7.03665,3.98984,5.23702,-10.8864,2.03575,13.0961,-4.11297,-7.23933,1.7598,-6.48217,2.68516,34.0737,14.2704,-3.96687,-6.74208,-6.51739,-15.8454,-3.11026,-7.55726,-9.86537,-9.11075,8.84607,15.6256,-1.18046,-2.3647,0.574885,4.90617,-7.87691,-0.249944,11.7287,15.1342,-2.49811,-8.64202,4.32919,-7.5502,-0.655785,13.4047,-8.67994,-13.5959,11.5697,7.68022,1.06129,-2.27678,0.831501
211,27302,0.743838,0.782306,1.40064,-0.00107411,-12.0956,-12.6107,6.43026,-10.6666,-11.9415,-10.33,-5.96777,3.27733,-12.2031,13.9415,-3.90985,12.8653,-7.74119,7.03709,-2.32866,0.647761,10.8721,-1.48858,-4.88948,-8.7021,-9.29438,-12.755,-1.4731,0.128747,-14.8997,1.54166,6.07496,-7.60085,-7.16004,0.747483,-9.71301,2.16777,27.252,11.7514,-7.78027,1.49397,-9.85033,-15.6783,-6.06331,-6.97433,-4.89431,-3.7666,8.98218,13.0284,-0.541165,-8.13797,-1.16187,10.8394,-8.93257,4.06504,14.585,17.1189,-2.10645,-7.29857,3.65501,-14.1704,-3.44415,13.4883,-8.59255,-18.1921,12.8473,7.23843,1.68778,0.691753,2.83171
212,11175,0.616054,0.674886,1.37659,0.0670609,-7.33272,-11.9755,11.7419,-6.21585,-7.59748,-9.74398,-2.11636,9.16278,-13.5438,15.2086,-4.2794,6.99862,-4.486,9.25368,2.40915,2.77074,17.6694,2.04295,-1.7481,-12.1624,-5.11448,-2.70265,3.6647,-1.19009,-11.1242,1.88479,9.87828,-4.18542,-8.65686,9.28529,-11.9797,0.10692,22.9533,6.555,-9.35527,-6.87142,-9.67548,-19.3393,0.81816,-4.78822,-5.60557,-5.79599,9.36055,11.796,1.08929,-5.58052,-1.07333,10.0509,-10.1324,9.37744,15.4624,17.8109,-0.251116,-8.94758,2.21029,-17.5196,-6.50468,10.3255,-9.23481,-16.7289,9.89312,3.56329,2.48237,-7.41531,-0.495837
213,30456,0.739007,0.779673,1.27417,0.182277,-5.85245,-2.37901,13.2732,-10.6797,-6.82191,-23.0529,-9.25006,12.5401,-9.7389,14.445,9.12707,17.4612,-5.23374,6.09043,-1.49378,1.98059,8.41329,1.68352,-3.65318,-16.6152,-7.30597,-14.7558,1.99719,8.68337,-13.2911,4.9821,5.53476,0.291478,-5.59411,0.877124,-7.49006,-1.24583,38.1287,17.6491,-7.81994,0.623581,-7.58659,-18.1394,-6.37763,-6.10043,-10.2788,2.8052,8.11241,21.4204,1.88577,7.26294,10.6595,5.4902,-9.05962,1.13016,8.75546,0.127912,-7.1685,-20.1879,3.37278,-11.5416,-2.19616,16.5654,-7.10727,-16.9723,16.5706,-0.343852,-0.152404,7.94175,0.805759
214,15612,0.742613,0.778661,1.28787,0.0811535,2.06237,5.33756,13.7421,-5.23864,-5.85562,-15.9979,-6.23888,21.7895,-7.49627,22.2311,8.68577,9.07117,-5.53891,6.9995,2.92805,11.3276,6.32354,18.0893,4.39929,-12.1991,-8.4639,-16.2376,-1.32253,15.4883,-6.45206,1.85571,12.0722,2.48018,-7.86831,9.86443,-7.75883,7.14627,29.7955,28.4207,-3.4049,7.32681,-4.57123,-15.3101,-4.5671,4.06807,-3.41266,0.417107,7.155,23.2823,5.06146,1.10964,8.40628,8.82937,-13.8151,4.33522,11.331,2.6566,-7.48899,-14.8823,2.61405,-13.0347,0.115865,6.81363,-12.1738,-23.595,6.89433,-4.54675,3.05413,11.4225,-2.1145
215,13998,0.836581,0.859689,1.34884,0.16881,-4.91052,22.0483,13.2238,3.20212,-6.8213,-12.7269,-2.23476,45.6351,-2.90211,31.5547,11.4955,11.3712,-4.14718,9.19357,-2.28068,12.4267,5.56344,21.0919,2.60963,-15.1206,-7.10555,-14.3616,-0.700802,25.3546,-5.37935,-4.37543,12.8663,7.16098,-4.73905,6.91766,-4.36006,12.6202,35.5759,45.5156,1.03145,15.9805,-3.53096,-10.5623,-6.21089,14.7594,-5.23801,4.25838,11.732,25.0207,1.99932,-7.50282,5.67233,-5.31693,-12.7985,-0.270395,3.78156,3.37735,-5.08201,-2.98175,10.0997,-14.7708,-4.84183,4.21599,-12.0372,-20.7891,15.7338,14.8229,8.13608,13.6445,-2.21006
216,4267,0.800784,0.827675,1.26444,0.0477048,2.01895,13.6087,19.099,13.3424,-1.17816,-9.95487,-4.66461,14.9499,2.10258,13.2533,2.06284,12.1343,-1.93257,7.12886,-0.517645,12.9753,11.5322,17.4623,8.95016,1.31547,-4.12171,6.0343,1.36672,9.38405,-1.83173,0.745138,10.2747,4.74517,-5.93616,-0.526226,-12.3187,2.27494,20.0045,25.4532,1.19535,2.61654,-1.66916,-9.38095,-9.98045,-3.97478,-8.21868,-6.1719,8.8819,21.4759,5.32328,0.340819,7.92142,4.46909,-13.233,-0.310799,21.3945,8.27731,-3.38686,5.93094,2.09648,-3.73121,-3.05886,3.71164,-14.776,-30.017,4.90289,-7.10962,-1.32417,8.27531,-4.31457
217,15129,0.803664,0.831291,1.39451,0.0521261,1.84781,15.6733,16.0449,6.56456,-1.47113,-14.4116,-7.36887,23.9936,0.114658,15.7144,3.53618,16.1342,-3.04611,6.8954,-0.439561,17.8047,8.49304,23.497,9.01781,-8.61036,-2.34868,-7.51476,1.63473,6.9972,-0.923521,1.5647,7.46047,9.15563,-0.866159,1.27538,-6.1037,10.7482,43.8494,37.8421,-0.751748,6.2041,-0.441973,-4.99502,-9.55267,-4.0431,-7.76744,-5.16569,7.20273,26.4579,4.18576,5.23469,10.9064,-1.6087,-14.9068,-0.670125,22.1749,3.06367,-6.87853,-3.08597,-0.858433,1.55545,-4.85705,4.83448,-9.56084,-26.5727,9.71948,-4.50035,1.66547,14.2372,-0.612981
218,5429,0.375805,0.476315,0.839355,-0.163075,-8.77796,0.0590821,8.04293,5.14044,-0.41527,0.612009,-2.43886,3.95517,-9.01021,3.73892,-0.092052,10.011,4.34696,2.47973,-1.33036,5.52425,13.6132,4.8079,0.307166,-5.13551,-20.262,-4.05587,-1.02883,8.11423,-9.56175,-4.3879,5.09774,10.3946,3.06411,3.62482,0.386932,0.487353,17.2758,7.00824,-0.753591,-9.30986,-11.3611,-11.7263,0.697348,1.99814,-8.48545,1.78378,8.73031,-1.19124,-7.73253,-1.28647,8.67335,8.92305,3.31481,-1.1889,9.17349,-7.39116,-8.39738,1.16832,2.37268,-6.63085,-3.17138,12.5342,-12.8402,-8.71886,3.27792,2.71996,1.09623,-7.11837,6.83632
219,15091,0.708474,0.758828,1.1259,-0.102953,-5.80087,8.0527,11.0788,11.3316,2.6892,0.448603,-1.70286,7.44428,-11.5486,13.1806,1.82633,15.323,2.23124,8.00926,-1.04986,11.3122,19.4534,5.11441,2.2982,-4.60151,-15.7395,-7.77925,1.40901,10.9387,-5.96419,0.763959,4.99799,11.97,4.27925,8.94723,-4.36094,0.464155,30.7434,8.20125,-0.970455,-11.3206,-11.1753,-11.2585,6.13448,-1.91183,-12.8788,-3.886,9.97161,3.3146,-2.54629,-1.38059,7.20684,8.59261,3.37191,2.26118,6.33729,-8.03584,-9.11846,-4.47971,2.27037,-5.63949,-0.531593,15.2388,-14.4343,-4.07365,10.7851,6.7911,2.59989,-9.14038,6.5314
220,24454,0.731248,0.775603,1.23482,-0.0273583,-5.16231,1.19563,10.6687,4.28273,0.363615,-6.71789,0.426028,3.43368,-12.3684,9.51742,8.09771,12.0357,3.87564,2.05428,3.21642,4.00776,20.8278,-1.46134,-1.84557,-13.7121,-15.8239,-2.92281,1.64486,5.78304,-4.7305,-7.26217,6.31443,7.45359,1.36244,4.64662,-1.82461,-3.86476,30.821,6.89551,1.17551,-14.4896,-7.15768,-12.5998,5.47893,-0.241231,-9.76512,-1.80006,4.87739,4.41794,0.431039,-1.50547,7.67998,8.7978,-0.788192,4.22336,12.7987,-2.00465,-8.83176,-7.57773,3.86937,-7.26066,-3.65791,11.8966,-11.6244,-8.94592,8.70278,0.557669,0.986204,-7.20794,5.86522
221,5146,0.49435,0.581701,0.831724,-0.107205,-1.68974,-0.153997,5.4021,2.07215,-1.02368,-6.3057,1.33592,0.977779,-10.1821,2.06019,3.25876,5.64578,1.18241,-0.77384,7.53917,1.64675,10.3536,-0.590776,0.661434,-5.09878,-11.5658,3.57137,0.878446,6.51053,-1.12577,-2.22289,9.35191,6.49002,-1.29459,5.60869,2.04943,-2.04312,17.6871,5.07642,1.60221,-8.58123,-1.55243,-6.55198,1.71084,0.2306,-3.83642,5.07837,4.5043,2.66973,1.71862,1.64852,9.13657,7.17312,-5.94829,1.93964,11.7748,-0.0328548,-6.34538,-12.0966,3.58296,-7.56906,-11.4581,7.60659,-6.13969,-6.64802,5.32366,-2.12141,-1.19565,-10.1294,1.17127
222,21000,0.835099,0.86096,1.3585,-0.0881483,-9.8701,0.882576,5.88,-4.87238,-4.1025,-27.067,-10.767,-1.1852,-15.3633,23.9856,-1.07897,3.73316,0.15868,4.42651,6.73334,4.58345,13.2586,-16.0686,-1.08646,-26.9856,-8.84831,-17.1638,6.04064,11.9946,-9.96473,-9.1572,1.86339,-1.94825,-2.15869,-7.73,-6.88427,-5.07845,35.9992,6.44329,-4.64828,-13.0386,-6.9279,-13.977,1.28513,-2.99974,-13.5118,2.04253,9.67824,14.1624,1.79794,0.0208806,9.18201,6.5781,-0.950338,-1.06659,5.10762,-2.13973,-6.67328,-12.7221,2.75852,-4.96994,-2.08697,12.9194,-11.5425,-11.8253,13.4155,10.8696,3.69966,2.28759,4.2699
223,21816,0.834702,0.861887,1.35171,-0.00868222,-9.85467,10.1574,6.06629,16.4086,-3.71256,-8.13627,-10.7211,8.60156,-10.7141,20.8993,1.87175,10.7987,-4.13991,4.44722,-3.99279,15.355,17.5741,-6.29811,2.00866,-16.8899,-12.203,-11.706,0.859548,9.03593,-11.048,-8.15779,7.82119,11.1734,-0.228695,-2.14778,-8.12204,-8.28278,33.4292,23.6526,-5.34915,1.8239,-8.19758,-7.72547,-3.45069,-6.61837,-13.3796,1.71132,9.8856,15.5432,6.15552,0.91334,8.41767,5.78509,-5.63469,-0.77709,10.0649,1.85256,-6.12192,-12.4923,3.59144,-4.15818,-1.95255,11.5732,-10.7825,-13.3327,5.85824,4.57575,0.054453,-0.970671,7.62687
224,35914,0.739262,0.779641,1.34948,0.0819601,-10.8548,5.28856,14.5666,1.49835,-8.67741,-20.0528,-15.9837,9.54411,-9.67421,27.4525,1.12658,8.90103,-2.87236,5.99039,0.681661,14.3875,6.54574,-0.191887,-4.24349,-16.4137,-11.4063,-13.7194,-2.71185,9.96181,-15.0166,-4.1914,3.83706,2.71172,-4.35761,0.144934,-2.7252,-1.55161,37.2237,25.0336,-6.98092,-4.37922,-6.73973,-8.98344,-7.40473,-3.23436,-9.45295,3.19696,11.5848,21.3943,5.48037,5.44852,9.43532,4.20955,-7.89728,0.779732,8.61945,0.585234,-9.12319,-18.604,3.59813,-5.33952,-6.37551,10.1685,-4.85897,-18.6049,13.0623,9.70682,5.20292,13.7918,9.31462
