;Aggregated and intercalibrated zCumNDVI data for SPOT: extended by GIMMS for 1981S*-1998L* for Kenyan divisions
adminID, pixels, L+S_R2cv, L+S_R2cv_within, L+S_gain, L+S_offset, 1981S*, 1982L*, 1982S*, 1983L*, 1983S*, 1984L*, 1984S*, 1985L*, 1985S*, 1986L*, 1986S*, 1987L*, 1987S*, 1988L*, 1988S*, 1989L*, 1989S*, 1990L*, 1990S*, 1991L*, 1991S*, 1992L*, 1992S*, 1993L*, 1993S*, 1994L*, 1994S*, 1995L*, 1995S*, 1996L*, 1996S*, 1997L*, 1997S*, 1998L*, 1998S, 1999L, 1999S, 2000L, 2000S, 2001L, 2001S, 2002L, 2002S, 2003L, 2003S, 2004L, 2004S, 2005L, 2005S, 2006L, 2006S, 2007L, 2007S, 2008L, 2008S, 2009L, 2009S, 2010L, 2010S, 2011L, 2011S, 2012L, 2012S
1,468,0.512875, 0.598999, 1.24932, 0.220838, -4.64644,2.64603,8.04535,-9.60017,0.339382,-39.7138,-5.08291,3.68185,-6.82791,-7.46944,-12.3062,-2.35402,-2.91353,-0.428640,7.17149,6.82852,9.04285,-0.991117,0.739363,-11.9464,-6.46696,-13.3738,4.95071,-3.03405,-6.33797,-1.87457,15.0038,-15.9580,-0.365499,-8.16442,-3.35279,8.87450,19.0267,4.41116,-6.33628,-20.8402,-19.4002,-37.5003,-12.8267,-4.91474,-10.1249,-21.8472,-8.45247,1.76730,-5.33419,4.84475,5.64762,9.99982,-5.30756,-6.30050,12.8788,15.2365,3.05448,1.99643,4.25905,-23.4941,-1.29007,19.1638,-2.30956,3.54796,18.2441,17.3017,17.8539
2,488,0.416199, 0.518017, 1.52265, 0.116403, 3.16288,6.54590,16.6087,2.55144,3.83855,-55.6325,-5.44459,10.5590,-8.59815,2.49848,-15.0423,3.48613,-7.33764,-1.02463,6.64000,9.48824,12.1463,6.46232,2.76394,-19.1462,-12.1352,-14.3676,5.16437,-5.16786,-10.8115,-7.03486,8.55712,-6.07906,3.70926,-7.86894,-3.83236,12.9209,23.5900,12.1296,-6.20684,-12.9167,-16.7766,-31.6407,-7.97312,-3.61707,-10.2805,-21.3107,-6.93762,0.699948,-6.67704,3.14857,9.91624,12.1932,-12.0491,-5.96740,10.5835,22.5221,2.41778,0.277662,7.35841,-26.0654,-1.19757,21.4333,-1.33793,-3.31424,16.9548,21.3304,22.6067
3,336,0.766493, 0.807657, 1.38746, -0.123321, -2.72779,8.73676,6.56596,-3.64639,4.11892,-25.8044,-2.78756,2.26747,-4.47915,4.77165,-6.47812,3.12252,-4.00495,0.535790,5.79024,11.5109,14.9451,8.90411,6.95661,-2.29703,-4.15867,-7.07563,6.88102,-1.16342,-9.92201,-2.15953,11.7366,-0.974542,4.08687,-1.68179,4.97511,10.4459,14.2162,11.7035,-7.87697,-4.18070,-16.7950,-42.1376,0.104697,-7.94649,-7.22201,-12.7812,-11.2461,1.02415,-4.31315,3.23157,3.69143,7.54287,-10.3282,-6.39831,8.62249,16.9776,-1.15608,-3.72647,6.30648,-24.9094,-2.48738,20.3027,2.14023,6.68301,16.4168,12.7262,15.4272
4,365,0.743169, 0.788277, 1.37300, -0.0971045, -1.84644,7.76078,4.48932,-3.54572,-1.38511,-39.8339,-3.42828,3.96562,-8.46642,4.89109,-9.89154,3.35639,-8.40682,1.53516,3.96235,11.7337,8.85450,9.27244,3.86103,-9.94600,-8.31462,-8.87515,3.83708,-4.36726,-9.63049,2.93044,8.14878,-5.12020,-1.13865,-3.23566,-3.46649,13.3055,12.7325,12.2434,-6.15021,-5.64188,-18.7322,-38.8714,-4.11258,-6.95198,-7.06599,-12.9104,-8.06192,2.87929,-3.31688,1.84331,3.19235,5.72552,-9.29882,-1.70816,9.59575,16.9104,0.428320,-4.90679,4.51778,-21.7898,-1.07172,17.4738,-2.19698,3.43488,17.6100,12.0744,16.5206
5,384,0.818997, 0.850885, 1.35460, 0.0734845, -6.07912,2.55452,5.45125,-3.94658,-3.71903,-37.1199,-3.17601,3.22556,-6.35538,-1.64709,-9.57121,0.954874,-6.68544,-0.268123,4.98768,5.60845,6.40277,1.79123,-0.402049,-13.2958,-8.01692,-11.6050,4.99614,-7.81241,-8.14177,-0.837653,7.47743,-15.7814,-5.09381,-6.45632,-6.76454,12.6374,11.2330,6.80544,-3.05956,-5.61779,-18.4051,-32.5376,-9.34125,-6.61206,-3.30611,-15.8322,-7.64758,3.02333,-5.22136,3.62711,-0.772364,4.52707,-8.78012,-4.78753,12.4339,19.8160,2.77370,-3.46738,4.76882,-25.7216,0.207129,19.4183,-6.03406,6.00901,21.1050,17.8893,16.7613
6,1341,0.654477, 0.715536, 1.47652, 0.233224, -4.91481,-0.0433326,9.44127,-17.7433,2.21581,-51.3220,-6.23653,2.10237,-4.49502,-13.5023,-12.4657,-1.51607,-1.98021,2.52898,5.76320,6.25977,11.3069,-7.99942,-0.553268,-21.2296,-4.79808,-20.2432,3.75215,-6.85299,-5.93894,-11.5462,10.7612,-25.5061,-0.720329,-11.2308,-4.07838,16.3641,25.9984,4.78795,-2.09447,0.400744,-6.72203,-19.6550,-8.66343,-1.06162,-3.78444,-19.3202,-8.13442,1.00472,-8.46919,-5.25179,1.73253,4.74871,-7.69869,-10.1909,11.4767,19.4157,-0.182495,1.53111,5.11159,-15.9985,4.65933,19.9168,-4.16992,5.20597,19.9146,21.6692,13.8365
7,308,0.759144, 0.801465, 1.33321, -0.270854, 2.90560,3.71824,9.03401,-3.12483,2.52074,-41.2355,-3.55598,7.03386,-13.0281,6.19801,-4.01843,3.34518,-5.07677,5.37146,-0.513270,7.56723,5.99471,11.3368,2.39494,-4.00668,-13.9760,-10.7470,2.94281,-1.13005,-15.8694,-0.646239,13.2540,-3.33848,2.03292,4.30259,-4.14528,8.55918,17.9384,8.18722,-1.07311,-0.470816,-7.93482,-27.0593,-3.12714,6.44861,-6.53952,-7.57169,-7.89012,6.34115,2.77539,7.54590,5.75144,0.0105479,-10.0613,-7.21829,8.13230,13.9062,0.872135,-14.5746,5.26828,-31.1542,-4.24834,20.4629,-2.46255,5.80350,13.3560,11.3084,13.0196
8,170,0.563718, 0.640445, 1.52772, 0.0328599, 0.614614,14.6583,13.7743,2.76911,8.37800,-38.0459,-2.27164,17.7613,-5.76750,3.25455,-12.0554,4.69175,-4.76435,-2.58156,4.34658,16.5434,18.8350,14.6624,6.94161,-8.03477,-4.50308,-8.17317,4.72450,-3.55218,-18.6568,-2.95912,15.1983,5.43502,8.83876,2.10294,5.20754,17.2284,17.3713,12.6430,-10.9695,-20.8733,-16.1108,-39.1676,-4.07731,-7.14923,-8.54710,-19.4589,-9.90881,2.63007,-6.04819,1.38888,4.64485,5.44054,-14.4832,-5.96978,10.5606,25.7246,3.86436,-0.338861,7.09280,-27.0432,-0.0274663,23.6440,1.61390,1.13185,15.5327,22.8106,22.6945
9,2174,0.719472, 0.768540, 1.27543, 0.0692558, -3.59235,0.0610903,11.1832,-6.94451,1.69377,-31.6537,-2.62866,6.83276,-1.79468,-0.209446,-7.44901,0.832710,-0.165286,6.79615,6.04694,9.08970,9.62893,-3.85436,-1.71830,-10.2925,-2.28299,-15.5183,6.92950,-5.80803,-4.43065,-1.21666,5.72058,-15.4234,-2.96889,-4.07795,-2.03722,18.6969,21.7767,0.227039,-3.29130,-2.76679,-13.9719,-26.9678,-10.4109,-5.57540,-4.25620,-15.3807,-9.18721,-0.294168,-4.83952,0.342516,1.73302,3.00942,-6.87137,-12.9227,10.4177,16.8795,-1.36279,-2.45959,3.99521,-15.2417,3.32998,20.9839,-6.73055,10.6589,22.3839,24.7495,12.1866
10,647,0.667191, 0.725361, 1.21977, -0.242197, -6.20293,-2.13056,1.82831,-6.69521,-2.66357,-36.7382,-8.42669,4.87782,-11.2728,3.84781,-9.79014,3.36969,-6.68725,5.48948,-0.448137,5.42219,2.00891,-0.973802,-6.73397,-7.98336,-11.0200,-12.9585,-3.06818,-8.98385,-12.5666,-2.64627,1.16348,-9.46446,-5.45110,-1.72188,-5.31254,13.7162,12.5471,6.52111,-5.92190,-5.22170,-16.2137,-27.6843,-6.14930,-9.94060,-2.97478,-9.97718,-9.06518,5.30116,-4.49921,-0.330674,-2.10921,-3.66914,-7.66067,-11.7091,9.66917,20.8975,-0.728310,-4.20040,6.69483,-19.6997,2.04365,23.3444,-4.50943,9.98382,22.7491,25.6205,18.4157
11,1044,0.765202, 0.806271, 1.43347, -0.0984942, -4.27669,-12.3727,11.1722,-15.9115,1.69978,-51.1725,-2.82758,-2.94611,-4.95968,0.637208,-3.28963,-1.87554,-0.617561,2.70156,3.92814,-2.95258,4.75643,-15.9168,-3.33131,-23.6782,-2.93344,-21.3273,1.30222,-16.2789,-8.13922,-7.11010,-0.195892,-14.8338,-3.98248,-9.60763,-1.95798,10.4254,22.9286,-5.97439,-5.95302,-1.52311,-16.8871,-31.6799,-6.72505,-2.79983,-6.63708,-8.65128,-11.5863,3.17983,-0.970795,-0.0115118,2.38186,-0.0645353,-8.51161,-9.55647,11.4831,17.8998,-0.00275066,-10.9639,4.62833,-24.3098,-0.663670,23.8906,-4.59966,11.3871,23.8103,20.8427,10.6948
12,504,0.859332, 0.883803, 1.32294, -0.0676532, -7.99146,-4.15730,6.20877,-10.1876,0.208423,-45.4008,-1.30890,2.65636,-9.77394,3.10298,-7.20400,2.59767,-0.958275,3.14101,1.12394,1.57635,2.46903,-6.71029,-4.13351,-19.0323,-12.8530,-21.4194,-2.57630,-8.96081,-8.78279,-2.07174,4.62048,-12.7762,-6.00976,-2.32841,-6.49238,15.0000,19.4616,2.31266,-6.92579,-2.38531,-16.3609,-21.4295,-9.46412,1.26844,-2.58588,-4.61634,-10.3562,4.23555,-2.53788,2.86474,2.44932,-0.559013,-10.8088,-15.7174,8.33265,18.6325,5.26009,-10.2205,7.33080,-29.5906,-0.348996,23.3574,-5.35767,10.3452,18.4930,15.6717,9.34848
13,182,0.588399, 0.659733, 1.19685, 0.000865161, 2.80701,6.22091,9.50505,-1.57170,5.78889,-26.4883,-3.00454,4.20751,-3.34738,-0.843159,-4.64550,0.181296,-4.93894,-7.60455,9.40051,9.54801,17.4280,8.07566,2.40755,-7.96093,-4.58424,-9.65913,12.4226,-2.61688,-12.8734,-4.50416,13.8134,6.11597,3.46394,-3.07907,6.17928,13.2440,14.1145,8.98872,-13.4951,-18.0535,-23.6224,-53.7439,-2.66756,-6.91548,-9.33647,-13.2778,-12.8838,4.04490,-5.36156,2.02155,4.79673,8.41187,-6.18621,-4.18734,9.38916,19.3211,3.30444,-1.11804,6.87443,-26.5488,-5.97840,20.5675,3.73733,-2.31944,14.8445,15.8897,17.1582
14,236,0.656573, 0.716004, 1.38768, -0.0512611, -0.384726,8.68842,7.53162,0.280313,2.34245,-34.5767,-6.38451,10.3979,-8.14507,10.9133,-5.58389,6.37445,-6.57420,4.00323,7.96635,17.3669,16.6950,14.1580,-0.266658,0.936963,-6.61579,-6.61472,8.56811,5.16156,-14.7560,5.72958,22.3320,5.79406,-1.10427,-1.43779,3.37627,22.2001,14.1658,17.4139,-8.26755,-16.3381,-26.1188,-56.3786,-4.34115,-8.19221,-8.23422,-9.03003,-12.5902,7.76803,-5.52314,2.11627,-2.05505,7.61043,-5.62307,-11.3812,9.56116,20.5277,5.20224,-2.83879,6.71419,-27.4076,-1.68338,21.8212,0.692979,-0.993724,17.3691,16.8441,14.9908
15,1755,0.265326, 0.379532, 0.988813, 0.0429072, -5.11665,1.41355,-0.463052,0.128309,-6.78503,-8.47380,6.72735,14.2407,-9.60703,16.0107,6.09160,5.11481,-8.98386,-1.04842,-1.91774,3.54024,1.73319,14.6421,6.90047,1.36586,-5.28362,-0.0700765,4.51701,2.05747,-3.14916,-6.95390,4.34421,8.12719,-2.49374,-1.34276,-3.89515,15.7665,27.5708,33.4269,5.68512,29.2478,23.2101,11.5971,-15.0096,-18.7752,4.46148,12.5409,5.70735,10.1340,5.53763,-0.347537,2.49874,-10.0750,-16.1375,-13.5642,10.6000,-2.85053,-0.457624,12.9016,0.208778,10.9073,-3.81801,15.1850,-15.8234,-16.0563,18.3540,-3.54823,-3.66411
16,866,0.285556, 0.400932, 0.919042, 0.332587, -0.0363964,10.6285,4.32299,-0.268359,0.967677,-2.18357,15.3605,8.80921,-2.69970,4.19054,14.1309,3.35928,-1.47596,1.11197,4.46825,2.16050,7.87149,14.7612,7.90354,7.37833,2.79715,2.09317,17.4026,9.78852,5.23821,-0.464348,13.2633,9.12070,1.87828,0.649886,1.23848,20.2269,44.3496,34.0497,12.1602,13.3827,10.5620,-6.94338,-18.6070,-13.4590,-8.06144,6.80213,12.6684,30.2600,9.50256,5.49011,6.62365,-3.64426,-14.5614,-8.05879,20.6844,-5.21865,-4.30938,10.6063,1.20856,-5.83006,-7.37264,4.98170,-12.6500,-21.9295,7.57573,-13.2558,-1.58604
17,5355,0.543409, 0.619483, 1.12547, 0.172742, -5.05491,1.47765,2.78919,0.510018,-7.00721,-10.8263,-1.73941,0.829385,-6.89116,0.557943,-2.41878,10.5657,-7.34717,2.05534,-4.23092,-0.701363,4.55872,13.1916,0.484528,2.00609,-10.5287,-6.35260,3.86622,0.769143,-1.78941,-0.441182,1.09135,-0.222919,-3.18548,-5.24796,-5.26311,9.38588,22.1006,32.7961,-0.287406,0.162122,13.1412,7.48559,-4.33966,-10.0475,-5.73160,6.07080,5.81852,4.68240,2.90965,4.22967,-5.11834,-9.46641,-14.4111,-11.6238,15.1620,8.99591,13.9230,13.1768,-5.28916,-8.10145,2.94458,14.6502,-14.4922,-12.5666,15.5147,-8.60830,-2.77829
18,713,0.441995, 0.537045, 1.14542, 0.252177, -8.48417,-2.52009,6.95645,-3.97975,-6.49031,-9.16872,7.38568,-2.54713,-8.38571,-4.90347,0.670896,-3.67415,-7.40120,-0.773538,-2.87458,1.70670,6.35927,16.3616,3.65513,-2.55724,-7.90677,-6.84636,5.72342,-5.63477,1.25441,-2.54485,3.79875,10.6871,-0.418686,-2.68431,-4.31475,5.16146,30.0371,31.8524,8.59713,5.30177,14.6426,4.59710,-12.9436,-13.8819,-6.10562,5.22613,10.5501,15.3062,1.44102,-5.40167,-6.17884,-15.5447,-15.0529,-18.7021,12.8601,10.1172,8.44188,12.7276,-3.05906,-3.88013,1.78389,22.8025,-12.4316,-8.76919,16.7721,-7.12613,-5.77798
19,3655,0.0406775, 0.202259, 0.745716, -0.0604321, -3.75827,8.33588,1.41180,1.29310,-3.09503,-3.22016,5.93222,7.28082,-5.12480,9.65133,2.09593,0.301150,-4.11710,7.07435,1.04110,2.89236,0.711115,10.9800,1.40196,2.73068,-2.84892,1.43999,4.57049,3.67282,-1.12034,-0.223299,3.48282,5.89354,-2.60825,-0.751645,-2.15815,15.1739,18.3819,32.6673,2.47987,16.3120,13.5632,4.45259,-15.5229,-24.9152,-5.86340,13.8963,4.40615,5.35653,3.85217,5.66504,-1.29906,-10.8060,-12.6682,-6.72921,23.1145,11.5510,-2.38621,6.12001,-5.86013,-0.193004,4.38463,11.9982,-12.3851,-11.9437,19.7542,7.73210,-3.88732
20,1532,0.352869, 0.464020, 1.13187, 0.307307, -5.07557,-1.76571,1.72192,-1.19665,-7.06157,-10.5458,7.43322,8.62180,-10.3028,11.3022,6.82279,-3.40489,-9.16634,0.0200406,-4.44071,-0.821731,3.23933,16.7629,4.99582,-0.480427,-8.91585,-6.66266,9.47506,-5.68418,-1.21742,-7.74262,2.74753,12.1192,-3.48033,-7.26262,-5.92467,6.25002,28.7295,38.0534,-1.31164,7.82420,18.2633,3.75987,-19.5985,-26.9503,1.53681,12.9001,4.83599,7.17522,5.88556,5.89484,-2.72118,-13.1997,-14.2717,-15.4318,11.9830,7.98282,6.19061,10.7100,-4.38615,4.13201,2.79780,16.1953,-14.4230,-9.40861,12.4139,-9.02293,-6.69608
21,3606,0.347034, 0.456099, 1.08446, 0.137646, -7.40374,5.56603,2.10757,2.10875,-3.94657,-6.16001,5.91358,16.4028,-5.51616,11.6066,2.32956,-1.97535,-7.00390,7.44284,-3.55868,-0.264849,5.01634,19.8005,1.67236,1.73169,-5.16322,-2.39780,2.53068,-0.0229517,-1.17156,0.200420,3.24250,10.2162,-2.20384,-4.29470,-3.34024,2.22856,23.4073,40.6916,6.43422,3.31736,20.1336,11.4117,-14.8364,-22.1750,-6.01594,6.50693,0.833135,13.6292,4.00853,2.33340,2.95285,-4.62428,-14.7421,-15.0600,21.2674,12.4624,3.39385,4.46623,-7.83935,-4.55751,3.03242,19.4885,-12.8319,-12.4698,19.7179,-1.67345,-2.70201
22,3292,0.717334, 0.761875, 1.24316, 0.201623, -1.63653,3.82004,6.31449,21.1552,0.185227,-4.38521,0.280660,19.0803,-8.58042,8.84846,-3.91725,13.9860,-6.90168,9.89985,-4.81920,-0.627924,3.80370,23.7015,2.85078,5.68835,-10.3627,-9.06798,2.10371,3.67495,-3.82796,7.54119,2.29001,11.1723,0.184417,-6.51895,-8.18910,8.54500,23.0973,37.2487,3.81915,6.92518,4.05293,-5.61482,-7.75633,-10.7133,-9.15882,9.21515,6.05604,5.68449,12.0974,-4.83594,4.59624,5.34031,-15.6141,-14.2199,15.5813,13.7320,7.24921,6.36157,-5.25659,-4.64522,2.85534,15.0174,-17.2523,-20.9365,12.2291,0.210903,-1.74906
23,2107,0.479905, 0.564034, 1.03723, 0.109812, -3.07768,4.67195,4.89545,-5.75557,-0.618258,-9.19418,12.2860,0.0127501,-4.04327,2.23431,10.1243,-4.30792,-2.47044,-1.55545,3.87064,-4.39972,2.94684,5.10800,5.98680,-0.842262,-0.148063,-4.77717,12.4848,0.0992129,2.34762,-7.39739,8.37582,4.26131,-0.519384,-6.27753,-0.500156,17.1747,40.2659,35.2194,8.16355,29.0211,14.2655,3.82096,-13.2782,-8.96236,-3.38481,21.4801,10.7888,20.7711,6.40761,-1.26740,-3.17770,-12.8872,-16.3805,-11.2248,18.4952,-4.75929,-8.06619,6.29189,-1.20903,-8.23525,3.53189,14.9507,-12.6336,-16.1575,19.0656,4.94358,-2.26164
24,1017,0.268601, 0.375458, 0.934641, 0.143273, -6.10126,11.5148,4.02737,2.35549,-6.35083,0.917245,6.29953,12.5780,-7.19712,9.02561,3.62857,7.74138,-7.11906,-2.30409,-0.252647,7.15007,5.17229,22.1095,11.1101,8.95455,-2.08144,9.10444,13.3717,17.4940,1.89688,6.79799,12.1756,8.45141,0.314166,3.36565,-0.738447,15.8654,23.1632,33.8620,12.3989,12.9283,11.9589,-0.222567,-16.5272,-18.2858,-0.800341,-2.46234,5.61667,17.7433,10.8821,9.67829,10.6812,-5.44769,-17.2755,-6.96944,11.4537,-0.220567,0.199477,6.59250,-1.08972,5.30619,-5.86793,17.7247,-17.1226,-23.6592,12.5642,-3.79152,-1.31252
25,9012,0.702842, 0.751286, 1.28286, 0.213164, -7.60997,-2.66876,0.561298,4.34949,-7.08032,-7.28914,-1.61952,2.95739,-11.9287,0.795552,-3.63259,9.13457,-8.87329,1.28897,-6.90013,-2.76946,2.76459,16.0222,-1.78953,-2.75045,-11.2153,-7.52695,0.0932193,-3.12855,-3.77816,-0.917242,0.292577,6.68215,-2.96871,-8.00803,-7.58711,-1.29942,20.7720,37.6761,4.36708,7.39115,13.3031,8.96031,-6.19355,-9.19402,-8.41493,9.87499,7.27229,7.53412,3.96466,-6.32982,1.25503,-2.59964,-16.3905,-14.7398,16.7368,11.9946,9.83424,9.25723,-4.86618,-6.41120,1.26125,15.8046,-13.9663,-15.1912,16.5260,-2.13149,1.32699
26,5200,0.855163, 0.875423, 1.41200, 0.154779, -16.1575,-5.93539,-2.72278,6.54666,-13.3782,-6.00818,-2.28550,-0.579522,-19.2074,-4.48810,-6.98241,4.16758,-15.3744,2.36606,-12.0594,-8.36296,-3.50456,3.14226,-1.47734,-8.75406,-18.5727,-15.2404,-6.73221,-4.37767,-10.5029,-9.54860,-0.171358,-2.79147,-11.5827,-9.22831,-17.0756,-0.564168,12.8386,18.9478,-7.12082,15.3779,10.2999,-3.04954,-2.94606,4.78849,-9.83195,3.46644,7.86593,0.729150,-2.15155,-0.878717,1.48069,1.48723,-9.34076,-1.40965,18.2549,10.8694,7.87060,5.13701,-11.3888,-12.1142,6.26995,9.91279,-11.1036,-21.9878,12.6844,-15.9702,-0.313485
27,2359,0.663918, 0.716873, 1.25582, 0.212803, -13.8465,-4.71580,-3.88109,4.95105,-15.6151,-13.8009,-2.10147,-3.89925,-15.0817,-0.908723,-4.01252,7.61943,-11.5746,6.35257,-6.71356,-14.4696,-3.25052,-3.56185,-2.13459,-10.0080,-18.1847,-19.5574,-3.99019,-5.25334,-8.25662,-11.3262,-4.32494,-2.41027,-9.11915,-11.6128,-13.1467,-2.22785,14.6316,18.5667,-13.0545,9.12587,12.2596,0.784002,-2.09531,1.97058,-10.9037,-2.20319,7.83626,-6.26737,-1.64985,5.65078,0.206601,3.39282,-10.3918,-4.92113,18.5092,11.6026,6.99377,8.81570,-8.52946,-9.43990,7.35023,7.25748,-12.2193,-15.8584,9.09786,-26.0403,-6.62373
28,1530,0.757031, 0.795401, 1.45743, 0.303579, -7.91045,-8.42698,0.999878,9.04858,-15.1666,-28.0535,-6.87523,-3.56475,-11.0737,-7.99946,-6.99935,12.7197,-10.5028,8.41144,-4.01980,-19.7708,-0.584302,0.482649,-1.61326,-9.94446,-16.3427,-16.3311,-1.57187,-1.22043,-9.58077,-18.0504,-5.56384,-5.79049,-6.62901,-11.1062,-11.6154,-1.92738,17.3522,25.0739,-11.4958,12.9881,10.6582,5.15771,-3.13128,-4.75761,-7.38287,-1.27495,9.54971,1.27109,-1.38562,12.1221,-1.65716,-5.34506,-13.8636,-4.75418,16.8573,17.8089,9.15494,10.3475,-8.56423,-10.4190,8.00725,2.24860,-13.3943,-17.2475,8.90106,-23.1567,-6.82938
29,2315,0.773888, 0.809474, 1.27916, 0.135762, -8.99063,-4.45526,-1.05806,4.04843,-11.8459,-9.66766,-2.46147,-0.489358,-13.3118,-2.07712,-3.16621,5.06987,-13.7331,2.52270,-6.10789,-12.5573,-0.0553509,-4.94197,0.307929,-9.71044,-17.1847,-19.9311,-2.50584,-6.30379,-8.61056,-11.7653,-0.0578683,-3.25988,-8.65350,-12.4116,-12.5861,-0.00893402,13.4000,15.9320,-7.30020,7.20528,10.4569,2.13118,-5.11144,4.83015,-9.53212,2.47495,5.63683,1.13169,1.64309,1.49952,-0.362733,1.65252,-8.87784,-1.74773,18.3498,8.53050,9.38634,5.19815,-11.9937,-18.6777,4.35962,11.3792,-11.1633,-16.2714,11.9094,-22.8138,-5.71891
30,1754,0.617896, 0.680181, 1.23893, 0.128911, -5.17614,-2.30530,12.4710,4.17146,-4.09267,-11.5129,5.55136,3.94793,-3.95034,1.48995,-1.52677,-4.38404,-3.99405,1.57503,-2.39800,-0.530972,4.94852,16.0687,12.3397,-1.60959,-2.91035,-4.91513,11.7061,8.85691,0.723177,3.12888,15.8892,1.69797,-2.24716,-3.15599,-4.19562,23.6398,30.7152,39.3741,-8.94678,0.762580,-7.49068,-20.0187,-13.0818,-16.5289,-11.1983,7.28262,8.25626,24.6761,6.49148,10.1850,12.0370,-0.373438,-13.8723,-3.28007,16.7607,10.1442,-0.284237,-3.55761,1.41116,-16.9666,-5.48314,6.07797,-16.2522,-17.6593,5.85197,-10.9643,1.37471
31,3914,0.452054, 0.529618, 0.994860, 0.129879, -3.31718,6.47525,5.27291,0.298754,-2.00085,-1.95849,7.83666,9.23312,-4.01023,3.24377,5.84672,2.94459,-4.99393,3.75973,-0.532404,4.13998,8.70138,18.4680,12.7453,6.80862,-0.736583,4.23133,18.5726,13.5539,5.25679,6.14809,15.6202,12.6015,-0.704588,0.00415058,-0.504984,12.2396,33.7031,37.7157,3.02869,8.66905,7.22390,-5.37766,-15.0152,-15.0880,-3.01923,5.12300,6.79730,16.5578,10.0263,11.1148,7.97099,5.80281,-14.3751,-3.30911,15.7065,-0.661162,-3.49184,5.24041,-1.97113,-2.70484,-3.65721,1.54209,-15.3166,-23.6178,8.14937,-12.4919,-3.07828
32,2229,0.527916, 0.592904, 1.04134, 0.178467, -3.06581,10.3302,7.21920,5.88635,-3.20933,-1.13655,6.22266,11.6729,-3.74558,7.85619,0.362427,4.49897,-7.72348,8.20169,-0.613664,12.6332,9.49886,25.9494,14.6360,10.3666,-1.06006,8.39839,13.7752,21.3483,3.58928,8.68386,9.10878,15.4229,-3.14437,0.978978,-2.22344,19.9045,22.6845,38.9106,-5.89403,-5.17835,-1.52669,-18.4001,-19.3137,-16.9891,-4.60950,9.76172,5.06842,11.3463,9.36446,7.62229,12.2363,12.5077,-12.8206,-0.0329975,14.0578,1.03950,-1.27561,4.56311,-0.0209670,-5.68740,-6.65074,1.72891,-16.1450,-25.8600,5.04745,-17.4255,-0.379291
33,12834,0.486225, 0.560161, 0.923583, -0.0467111, 4.30726,-1.11780,10.7371,-1.58444,1.34698,-6.12269,8.74517,8.90044,2.35329,0.0247779,8.60437,0.106134,1.04773,4.69941,2.26330,4.05180,7.72166,18.1982,15.1489,-1.12725,2.56340,-4.01570,17.9115,3.14618,6.72826,-2.24778,12.5353,0.681412,1.36088,-3.89873,2.83108,8.82713,44.6271,29.6239,3.85864,2.39365,0.108637,-12.9874,-15.0960,-12.6495,-6.52699,20.0168,6.35637,20.0931,2.23183,-2.30506,0.261239,2.83637,-9.71980,-1.56997,19.2243,1.07112,-1.49788,0.776955,-1.98298,-12.4733,-6.76169,2.85566,-10.2478,-18.6521,27.2877,2.26226,-5.46833
34,3868,0.420614, 0.513286, 0.926931, -0.0536883, 0.636596,1.09835,4.62978,-2.78325,-0.404656,-6.95865,8.29211,-2.24097,-2.06254,-0.178366,10.1820,-2.77590,-1.84965,2.57940,3.11667,0.473865,6.15964,7.65802,7.31971,-2.32461,-1.88737,-5.69466,12.6282,1.23171,6.02483,-4.75523,12.0641,2.38040,-1.12246,-4.75591,0.0458289,13.3343,35.7555,28.2125,7.75231,15.3288,3.71293,-7.61920,-14.2703,-17.2284,-5.03963,25.2968,3.90428,13.1890,4.69742,-3.55941,1.36382,-2.86296,-12.4653,-6.72505,22.6283,2.99944,-7.83997,7.31479,1.41529,-11.2961,-5.01268,8.79265,-9.40079,-15.9208,23.4317,7.20866,-4.61584
35,1200,0.725607, 0.773785, 1.61295, 0.281538, -10.1037,-9.33774,8.69310,-3.51793,-5.85288,-25.9179,6.34960,-16.7643,-10.2769,0.232515,-4.70454,-9.28556,-10.0771,-5.92445,-7.36102,-4.72285,5.11966,5.74162,9.53055,-10.6277,-6.37556,-17.9054,9.55210,-3.58211,-4.39231,-2.72795,14.4557,-13.8012,-2.14555,1.61790,-7.45141,14.0463,44.0757,44.8699,-5.24377,17.5496,-8.89525,-27.4982,-12.5471,-13.8494,-12.2578,8.41947,5.29775,26.1814,13.9865,10.6246,9.24488,-3.14597,-13.9142,-15.4689,12.0979,15.0620,-1.05864,-10.9089,0.0182403,-22.4082,-5.58756,10.0552,-16.9842,-4.56125,13.2290,6.81324,1.89942
36,4575,0.322274, 0.426477, 0.997755, -0.0873829, -3.24682,4.70140,11.8333,3.16328,-4.52472,-6.42161,-3.44814,2.32199,-0.294192,1.32860,-0.0468576,16.8671,-3.79479,3.91167,-6.13513,4.72430,1.69234,4.88603,1.76449,-3.62845,-4.80960,-0.728784,1.95163,11.3115,0.328057,3.76236,4.24133,3.02133,-1.50762,5.42901,-5.03130,15.5202,33.0647,24.4732,3.14517,19.2765,7.88195,7.70296,-9.73278,-22.0281,-12.2271,-4.92203,-2.32974,16.5003,-2.10492,3.94952,12.4435,6.95805,-14.5192,-6.70728,21.4373,11.8357,-0.0279260,3.17432,-0.498071,-6.79598,0.393896,17.2351,-9.41676,-19.1996,26.3043,10.9569,5.71112
37,1473,0.361117, 0.446288, 1.01416, -0.168736, -3.08700,3.28467,12.2151,5.50607,-3.94278,-8.19587,-1.71104,10.3547,-0.696919,13.1016,1.30061,21.3844,-3.49521,0.981443,-8.32664,8.98518,7.04479,17.9142,5.95821,3.33681,-4.67284,-4.80158,0.801539,7.02516,-4.49016,-0.333181,7.26143,3.16511,-4.07598,15.8104,-4.79139,13.1007,29.0579,23.6447,0.878203,19.3484,-1.33604,15.4537,-2.69117,-17.2752,-13.1373,-8.20980,-0.624472,12.0034,2.05774,8.79202,11.6168,10.4267,-11.8154,-1.92492,19.2718,12.4874,1.20646,0.0905857,-1.88065,-4.11134,-1.50505,13.9573,-10.6277,-26.2362,21.2568,16.1730,3.52523
38,106,0.417853, 0.521188, 1.41453, 0.154849, -6.84065,7.95602,23.5025,0.520035,-10.6553,-5.72020,-11.0521,1.57345,-11.3470,-5.83731,-7.31060,5.16653,-3.20206,-2.41395,-9.33755,15.2520,-6.50414,12.7988,-3.03391,0.404591,-12.1983,-7.01505,-3.51194,25.0245,-5.28088,4.83873,-3.86554,-1.09485,-4.08948,-2.90075,-10.0856,17.1492,28.0523,25.8015,-4.51373,1.27752,-6.86148,-7.32048,-9.34412,-28.9946,-19.3304,-5.92158,3.35879,6.62745,-7.24203,-4.06093,12.3378,7.40156,-14.5610,-1.06646,15.1285,-2.25174,-3.38668,-5.82601,-0.0185694,-8.51815,8.91255,43.7119,-1.13252,-1.10150,31.1899,19.6787,-0.702631
39,642,-0.136189, 0.0548750, 0.739787, -0.156756, -0.250312,21.5380,7.64459,8.18442,-1.61882,0.509001,-2.85976,16.1686,-3.01512,8.59270,-1.80642,16.1886,-4.78830,7.09848,-5.04887,14.6910,-0.529079,8.94936,2.07693,4.51995,-3.91021,-4.00354,3.59532,12.7331,0.312734,3.85808,0.100211,6.54188,1.45685,5.62632,-3.87589,21.8373,20.2445,27.2238,0.929236,9.86350,2.09962,-6.44053,-9.98282,-30.0723,-11.8106,-6.31320,-2.70356,2.51976,-1.19998,1.59786,10.3229,5.98535,-11.7522,0.229894,25.5806,17.0365,-0.901591,10.5277,-6.44105,-12.3527,0.0809292,22.6409,-10.4876,-11.7996,28.7287,12.3599,10.3124
40,1926,0.309132, 0.426478, 1.17574, 0.0464693, -5.99582,2.81467,8.23108,3.54956,-7.56069,-9.99282,-7.12303,6.59855,-4.87019,3.84499,-1.16043,17.1841,-7.03560,-1.66255,-9.98452,16.8834,-3.96346,3.87980,0.0827549,-3.80806,-6.81856,-3.03594,-2.45472,13.0300,-5.64903,-1.94467,-0.916577,1.27203,-5.21474,1.45004,-8.27751,17.3251,28.1220,29.8304,-3.38920,5.31945,-2.30919,7.39881,-15.4427,-29.8488,-13.4188,-10.0012,-4.67272,9.06942,-4.76862,3.61833,11.7371,6.43509,-14.4100,-4.23088,21.0490,15.3673,-5.42091,-0.990896,4.78451,-6.61301,3.17410,28.7448,-4.66815,-11.5501,25.1526,5.98288,0.577587
41,147,0.303667, 0.421473, 1.10411, 0.205990, -7.82787,16.1632,6.79765,18.5142,-6.71260,1.11880,-8.73208,12.8993,-6.68690,7.76780,-2.33901,9.79493,-1.03734,10.3321,-10.8643,14.0249,-0.139948,11.4605,-4.10491,0.698070,-11.3538,5.32728,-2.88263,22.2686,0.778251,16.8163,1.94882,5.82531,-7.59441,11.5493,-7.31669,19.2013,25.5617,31.6413,1.82213,16.4313,-1.22881,11.9326,-17.9592,-26.3817,-15.6542,-5.84494,4.39341,22.7459,2.39225,3.64549,20.6432,7.29298,-15.3931,-2.40638,10.1416,7.28215,-1.96630,-1.70161,-8.18356,-17.2731,2.38967,25.7731,-3.79623,-13.1318,24.8142,12.3299,2.93822
42,680,0.233017, 0.367625, 1.14305, 0.110590, -6.44875,4.88604,7.28916,4.91565,-8.44000,-5.11676,-7.91159,8.39202,-7.60289,2.79686,-3.56920,11.9448,-6.03008,-2.97223,-9.79379,13.4750,-3.84546,5.74307,-1.45868,-3.98800,-7.62786,-2.22640,-4.53492,11.4441,-5.98781,3.16077,-1.41383,-3.54592,-5.43473,2.37817,-8.61995,21.9963,31.1183,32.9995,-3.30343,2.87750,-0.863340,4.72309,-15.9009,-32.0484,-14.4643,-12.1343,-0.234250,13.4550,-2.14987,3.78730,14.5426,5.78617,-15.3714,-0.584305,17.9372,10.9434,-8.20253,-2.84163,4.28299,-9.57862,4.87167,29.9331,-5.98696,-6.71788,22.9616,6.91358,0.981069
43,1934,0.370494, 0.468241, 1.05840, -0.0419609, -8.91657,-0.452882,4.96503,7.79865,-6.95331,-6.72951,-4.93453,3.54876,-5.67797,3.15685,-3.57548,15.7258,-2.53927,4.38669,-8.18345,7.67420,1.72576,6.00666,-0.169531,-1.62210,-7.44886,-4.58976,-1.05137,8.17739,-5.15869,4.54386,2.21225,3.21245,-4.57442,7.46916,-5.62201,14.4051,26.8523,25.2135,-2.03998,17.3068,2.84129,17.1145,-5.88411,-20.4373,-12.9141,-8.07957,0.172846,12.1317,-2.72019,3.43737,11.9911,4.08852,-14.7994,-1.54655,22.0121,16.4055,1.33429,-0.150474,0.523907,-2.49981,0.750319,15.8835,-11.6527,-19.2329,23.2750,17.9041,8.00769
44,1747,0.417329, 0.504649, 1.09840, -0.0354659, -4.25017,8.41391,14.8498,4.36668,-3.39458,-9.70225,-1.19273,6.55967,-0.690703,6.67120,2.67625,13.4455,-7.28706,9.39745,-6.72872,9.17429,4.76152,16.8991,7.37434,-3.78262,-4.73680,-8.68192,1.62499,8.29942,-3.87140,-4.91789,5.74858,-0.154270,-0.172893,12.3866,-4.88492,13.8305,39.0158,41.9924,4.88416,9.43687,-3.54641,8.18842,-6.51615,-19.3300,-11.4198,-0.00449148,-0.324750,12.0216,-2.64979,1.52206,6.47242,0.766489,-17.1380,-3.20003,25.7090,19.5438,0.462110,-2.55206,2.61750,-1.74296,1.45341,16.0406,-8.73170,-23.0650,16.5020,4.62176,-0.658241
45,1231,0.219814, 0.352588, 1.04851, 0.0949892, -4.44575,6.35124,7.59651,8.94488,-6.90024,-1.51408,-6.25352,7.17982,-4.90951,3.89525,-2.86095,13.4384,-5.06634,-0.0657610,-8.73935,12.7681,-1.55312,5.87703,-1.33144,-1.75513,-6.66712,-0.943618,-2.37550,12.9135,-0.781353,5.73197,0.0892270,-1.55754,-5.44608,3.13357,-7.91044,13.8297,33.4178,33.2001,3.25649,10.0023,3.44253,9.50743,-12.6154,-26.3802,-15.9611,-10.6274,0.0887510,15.6581,0.759721,7.03546,19.0449,11.1878,-15.0495,-3.36938,13.6894,7.89713,-6.44419,-3.11337,-0.187690,-13.2257,2.59457,26.5954,-4.30100,-11.6578,24.5704,9.36319,4.82999
46,1084,0.0431572, 0.209588, 0.844124, -0.158176, -1.38492,18.5828,12.9940,10.1130,-3.61567,-5.21950,-3.35456,9.97106,-3.96773,4.28627,1.30197,15.6337,-5.27418,9.59179,-6.30932,12.1333,-0.147581,8.21699,0.869250,1.56981,-4.18296,-3.94947,4.46195,12.5404,-0.678479,2.22359,1.03318,4.16966,1.07449,6.48730,-4.51267,16.9474,25.5544,33.0781,1.22224,11.6779,14.1336,2.12865,-9.33262,-29.8779,-12.0190,-5.12012,-1.61755,4.47855,-4.71481,0.486864,12.4277,5.51912,-12.6067,-5.01288,22.1564,15.3850,-0.417987,7.71714,-4.85847,-11.6583,0.417856,24.4961,-7.52141,-6.41362,33.8463,17.6926,11.7289
47,976,0.322146, 0.434485, 1.03619, -0.0466299, -1.49580,9.58070,11.8539,10.2456,-3.64826,-0.591953,-4.97155,3.74954,0.129503,4.15386,3.18132,24.6975,-5.31343,2.59946,-6.50836,9.76305,1.01734,6.20470,4.50669,-1.44423,-3.00666,-0.950788,2.32333,9.58967,-0.137743,-0.482101,0.405132,0.0977735,-0.124258,0.971067,-5.24142,9.75599,31.3212,35.7726,4.62077,15.5254,16.6561,18.0070,-9.97832,-24.7407,-7.77577,-5.49759,-6.08884,7.40891,-6.05000,4.67880,12.0480,6.33092,-14.0427,-9.98458,19.5861,18.4804,-3.21599,5.11934,2.11994,-13.4084,0.962805,24.0202,-5.88962,-12.4073,29.2379,6.98631,5.58822
48,2510,0.0331639, 0.198451, 0.818499, -0.116674, 2.78030,18.8865,11.7898,4.33306,-1.41135,4.70288,-1.31146,13.9495,-3.13519,5.33139,-1.76206,15.1206,-3.39773,6.03456,-5.12158,7.20874,-0.486632,6.17345,1.49114,1.88363,-4.17879,0.721723,2.65042,10.3586,0.290280,5.13063,-0.418135,7.08315,0.525100,2.99009,-2.89086,19.3207,26.2902,39.3985,6.96369,16.4624,9.89420,0.903440,-10.5361,-24.1619,-13.1330,-2.89493,-2.72372,16.7142,0.944801,-2.45907,9.19700,-8.78191,-14.0274,2.59068,23.7955,10.1170,3.94542,13.1435,-6.53794,-7.11966,0.830849,12.5409,-10.6760,-9.68875,29.4168,16.7305,9.05385
49,1899,0.173126, 0.313519, 0.884852, -0.121026, 0.194146,14.9516,11.9910,5.10889,-5.40535,-2.76880,-4.45946,11.8797,-5.57207,6.28567,-1.25520,8.80430,-4.96995,9.85789,-7.11190,6.67232,-1.49692,7.12016,-1.11883,2.02397,-4.75859,-3.76202,3.42215,10.7896,-1.38110,3.97581,0.813732,6.36926,0.0377421,5.04973,-4.05496,22.4462,28.3683,37.6922,4.31067,8.55436,8.64622,-13.3991,-9.98049,-28.2840,-9.76289,1.20089,1.47198,13.4704,-4.38963,-2.91444,10.0489,-5.21732,-14.1962,0.842571,23.5724,12.3953,3.31937,6.64651,-6.46143,-7.55871,-2.44220,19.7543,-9.47271,-10.3355,32.9655,21.6524,11.1047
50,957,0.503078, 0.584293, 1.23112, 0.250298, -11.2663,9.72985,8.32853,16.0009,-10.0639,1.47145,-7.61620,6.77704,-8.87608,4.20043,-4.20586,13.6077,-6.11211,7.22086,-14.1246,6.88297,-1.62459,5.49487,-7.49362,1.33067,-13.3046,-2.99576,-4.40021,20.3605,-1.46178,11.4850,4.87447,3.87894,-7.19300,7.64071,-9.06511,18.4650,34.1739,33.4167,4.13009,28.3227,3.14637,20.3919,-8.39131,-21.1045,-15.0480,0.465849,5.29294,19.2028,-1.75771,-0.116154,16.9058,4.69204,-17.4497,-6.21946,17.0532,12.5296,-0.430052,-0.988718,-1.41672,-14.5474,1.06866,22.6926,-9.83249,-16.6067,22.1148,13.2734,4.23828
51,876,0.0536942, 0.216759, 0.901057, -0.159288, -2.07435,20.1245,12.3724,17.9160,-2.89163,-0.859529,-2.34983,7.32984,-1.49578,8.76700,-0.575646,23.8005,-6.35930,7.51684,-6.65088,20.8626,-1.75529,8.99049,1.90084,5.02493,-4.18681,-2.44291,3.99149,22.3883,0.658566,2.97764,-0.304931,5.48682,-0.580634,6.50548,-5.49531,17.9396,19.8015,35.4954,-3.09529,9.35298,2.51489,-1.70388,-10.9968,-28.4413,-13.3652,-8.42109,-1.98709,4.01331,-5.10722,1.95278,6.22689,9.12021,-12.4490,-8.72296,21.9819,25.1556,-4.63790,4.24457,1.52382,-8.15357,5.04644,16.9183,-5.70910,-7.66588,26.0240,15.3845,2.68349
52,522,0.264011, 0.394246, 1.19922, 0.216551, -7.17239,14.5537,13.5826,3.63039,-9.97295,-5.12666,-8.17031,9.14582,-7.08203,-2.93068,-6.23937,16.6931,-2.89051,2.49572,-9.00479,18.1900,-2.94338,3.21191,-4.77892,-3.44915,-8.91022,-6.29250,-4.95822,21.9983,-5.23413,8.22832,2.61702,-1.56712,-5.27017,-2.80000,-6.78289,12.9693,32.6850,33.8090,-4.36461,5.48601,-4.28335,-2.65003,-11.4802,-32.2811,-16.6436,-7.26086,0.802367,15.1251,-5.18434,1.06493,13.2717,7.87482,-14.3767,-3.21926,19.2143,2.53491,-3.51938,-5.54773,2.13483,-10.0992,6.15361,35.6162,-7.17067,-3.80788,24.8194,10.5259,-0.778413
53,3223,0.297349, 0.408777, 1.00621, -0.121127, -2.01876,10.9807,15.4355,5.48629,-2.85392,-6.09823,-2.31248,6.71709,-0.972330,4.07574,0.386282,12.2092,-4.81137,7.44155,-6.69774,5.77883,0.725972,10.6131,2.86504,0.899361,-3.51015,-2.49915,2.71117,12.1803,-0.0663441,0.764865,5.12223,2.17059,-1.29087,8.76552,-3.53657,14.9296,33.1109,34.8601,4.35209,19.6533,3.17432,3.63242,-5.91366,-20.1526,-12.1493,-5.15479,-2.68852,15.3108,-2.75019,-5.37803,9.92873,3.01105,-15.0130,-1.34145,25.3376,22.0437,0.985943,1.32403,0.435163,-4.64019,-0.743908,13.1812,-9.25440,-18.2037,21.7471,15.9237,4.59665
54,1487,0.277971, 0.380305, 0.874515, -0.100502, 12.3071,15.4423,15.8965,12.5517,-3.10685,-3.65430,7.61325,15.0060,3.02512,4.09927,3.39711,12.6308,-1.48140,13.2338,5.47110,9.13167,2.92291,21.0157,6.91889,2.53272,-2.89999,2.55084,5.31315,11.0413,-0.751327,-0.413356,5.33623,13.7350,1.48604,-0.0664059,-6.91722,12.1022,24.8366,25.9822,0.332683,-1.11984,-4.61444,-20.4620,-16.5429,-13.2578,-9.72141,3.90878,-0.129498,13.2567,0.263041,16.6422,0.496623,5.59574,-12.5686,4.54801,14.1550,5.07969,0.784620,-7.50767,9.11905,-15.7621,3.54554,9.52784,-8.92502,-22.0314,16.1301,15.1232,7.79309
55,11665,0.218146, 0.332879, 0.930017, -0.0501833, 4.38256,4.92558,14.3474,11.6186,2.70504,-2.28974,12.1163,9.41162,2.35027,5.36470,4.21953,12.2116,3.69986,9.51030,3.68211,8.08532,6.12429,12.4279,4.46967,0.631273,1.30881,-1.04332,7.63026,6.45485,2.04534,0.193917,12.9458,4.18670,1.29191,2.93923,1.77706,16.1330,29.3441,26.2198,3.65078,5.27243,-5.78839,-20.9762,-11.6816,-5.22092,-12.3762,-2.23159,0.373908,10.7137,-1.95369,8.65363,1.49103,-5.99980,-12.9130,0.757200,13.6372,10.9712,-0.586097,-3.86829,9.31705,-12.1519,0.295822,12.9819,-6.07458,-14.6052,18.9028,10.2375,4.08492
56,18659,0.272577, 0.386280, 1.10342, -0.0558904, 4.05074,6.18515,20.2057,8.79091,1.85740,-1.59951,12.8004,11.9932,3.33779,17.0512,7.85913,16.8381,4.07789,15.0816,4.67766,14.6580,8.48394,13.9481,4.27194,3.32089,0.874450,-0.583091,5.05651,9.99434,0.539672,1.32593,9.20322,2.17388,2.12226,2.34938,1.75488,13.6106,31.2234,26.5962,-6.62128,-5.67457,-10.3999,-22.8317,-12.6648,-18.5394,-11.7472,0.0416580,-0.656080,20.3306,-0.471264,0.705578,4.69723,-2.12807,-13.0602,-5.36959,8.12867,14.2051,-3.32231,-5.45883,9.29422,-10.3873,3.54650,20.2485,-5.67468,-13.6482,20.4004,-0.0582394,0.317852
57,8876,0.420211, 0.505189, 0.885028, -0.00883815, 2.07157,0.392569,11.5519,5.65781,1.54101,-4.50726,11.3412,9.51026,2.57504,-1.48208,5.03084,0.995846,1.14226,7.72452,3.33256,4.14928,9.76541,17.9363,8.74384,-1.89652,2.01139,-1.93998,10.7674,2.13481,4.24493,-1.74856,15.8135,3.40551,1.71658,-2.82022,2.26707,10.3995,34.4274,32.5823,9.64420,10.7988,-2.33425,-16.8449,-14.4446,-4.86356,-4.10889,6.13170,-0.456059,21.5452,0.726387,6.44261,1.88221,-3.74059,-13.3437,-4.96589,18.0783,6.30685,-1.76882,-7.51678,0.634448,-12.0096,-1.58368,8.70670,-7.82636,-16.0367,17.8567,3.40369,2.86857
58,624,0.269081, 0.371629, 0.806428, 0.0910310, 5.47428,18.1643,14.2001,8.90618,-5.77605,-4.71569,7.28191,15.0009,-2.53505,4.37174,2.02575,12.0950,-4.83540,9.37511,2.02238,11.7843,3.68522,21.2744,4.09720,-1.08368,-2.96586,3.34005,4.78287,13.0040,-0.437299,1.76580,7.58421,13.6335,-1.34068,-3.01768,-4.67597,10.4515,22.1851,30.0534,1.97600,1.30686,5.68432,-14.1184,-19.7549,-10.9340,-8.74955,5.49557,0.168641,16.4695,-0.00383208,16.6493,2.95810,5.74617,-11.0158,3.66150,17.6795,1.87084,2.65102,-2.21456,8.14612,-13.7195,0.710496,0.805911,-14.2275,-23.8307,18.2201,23.8354,4.13776
59,20818,0.0746431, 0.200547, 0.636451, -0.126848, 2.81441,4.06598,10.6813,1.79516,1.11146,-3.20144,4.92947,10.9263,2.37708,3.40054,6.09547,9.52811,2.13897,6.33688,2.16264,5.69075,5.73881,11.4790,4.58705,-3.31866,1.20123,0.0932298,6.25211,3.80112,1.54950,-1.11496,9.49890,5.72501,1.87551,-0.848170,1.99934,7.86532,29.9671,19.7046,1.22001,-0.958540,-3.03806,-17.9446,-13.7643,-5.02856,-10.5238,4.35843,4.03047,16.2784,0.300605,4.79978,1.48627,-2.27522,-10.5736,0.301472,11.0485,-0.135248,-3.88753,-0.897536,8.33371,-10.4370,-1.58000,8.34628,-6.66682,-15.3108,22.2592,7.37444,-0.997911
60,478,0.747333, 0.783348, 1.30858, -0.167626, -3.87766,14.9034,12.3847,6.47767,-8.70662,-20.1362,-6.20681,27.4196,-2.69451,10.4169,0.741978,15.7721,-6.37824,14.1989,-6.18660,12.9217,9.54657,6.67239,4.61962,-4.68111,-11.1320,-12.9191,-2.87187,-4.42959,-6.18356,-15.4002,5.94274,-4.73901,-6.93441,-0.681108,-11.1057,5.29252,26.1904,34.9920,3.10559,-1.03845,-0.242735,-14.8223,-14.2917,-15.0179,-14.3224,-5.68323,1.73828,13.5214,-0.646405,0.0258002,5.51814,-10.2837,-15.9591,16.7266,25.4383,13.6133,1.03586,1.84673,6.45839,-4.05070,-3.93676,15.7059,-10.6412,-26.4043,15.7422,6.76642,4.91341
61,2978,0.466949, 0.544598, 1.02183, -0.0869989, -4.51630,7.50682,8.72936,3.17750,-4.42252,-10.2911,-1.34993,19.7741,-5.55257,4.54721,0.0963072,14.0571,-5.45447,8.21661,-5.09336,7.12627,5.44281,16.3392,2.54172,-3.08039,-7.67074,3.27448,3.84862,7.85410,-4.83386,-2.80315,4.45912,8.15342,-2.30632,3.27711,-4.42870,14.7451,30.4201,42.3428,4.40278,9.75522,5.99513,-11.3185,-9.19740,-13.2302,-13.7378,1.33879,4.24492,12.0293,0.0568139,8.79761,7.58017,-10.8690,-15.3841,13.4181,26.4062,7.64908,-5.07705,3.31290,1.43821,-6.92521,-0.984212,7.16642,-11.2780,-22.6879,14.9478,2.85390,4.95419
62,3562,0.531471, 0.593401, 0.978155, -0.0783493, -1.74317,7.79174,10.0177,-0.714514,-2.14967,-9.78866,0.205105,18.2678,-2.17864,4.89001,2.59155,10.9466,-2.82194,8.27455,-2.32552,6.70139,7.51677,14.1080,3.16354,-6.68055,-4.12594,-3.09697,5.49107,8.86963,-1.94266,-1.43391,8.79475,7.13768,-0.826905,-0.859023,-1.53038,10.9462,38.6718,34.4352,0.827416,9.20182,-0.476216,-16.7225,-13.2283,-6.04412,-11.2709,10.5830,6.38714,17.8352,0.0643767,3.92040,2.85945,-6.22603,-13.7655,-1.37842,17.0608,4.32915,-3.31751,1.94185,7.93709,-6.59415,0.589478,4.49164,-12.2525,-22.8586,15.1740,1.02534,-0.183711
63,2844,0.509607, 0.585863, 0.992100, -0.0511464, -3.82971,9.49476,7.72111,-0.906675,-3.58077,-11.6700,-1.35343,20.8208,-4.01310,5.17103,1.47370,11.5825,-4.01029,12.3297,-4.12128,7.30721,8.95889,12.9529,2.43497,-6.06198,-6.62709,-0.550088,5.82946,7.35884,-3.60523,-3.43882,8.66764,6.26364,-1.88380,-3.38527,-3.12422,10.5153,36.0191,39.4634,2.82491,10.4060,1.76051,-18.7289,-13.6567,-12.6858,-12.7153,7.12996,6.26652,15.5583,-1.10406,1.27884,4.98727,-10.6957,-13.6547,13.5581,24.7253,4.50668,-4.77136,-1.33625,4.41438,-6.22888,-1.04621,8.22155,-10.4500,-19.3068,16.9570,3.82855,3.64408
64,4123,0.694926, 0.745244, 1.47076, 0.143608, -9.02032,-12.1177,9.78218,-6.78582,-5.79400,-30.2929,-0.687351,3.73545,-3.12488,-4.03388,-2.83598,6.92625,-0.826861,7.39732,-6.70984,-7.67323,0.105711,-10.7934,-1.99635,-26.8919,-10.5396,-23.3100,-6.31666,-17.4883,-10.3504,-9.46196,9.22357,-11.1287,-7.08243,-0.448969,-5.72543,11.2169,28.2148,24.2141,-3.66207,-4.12388,-12.8925,-30.9080,-9.15971,-9.89267,-11.5739,-1.03485,-2.22452,5.84995,-1.40843,3.09049,3.71974,2.16261,-9.77008,-3.10426,11.9369,18.2484,0.214892,-9.79272,6.40828,-14.7259,-0.298969,14.7889,-11.2339,-5.58993,18.3652,11.9879,9.53887
65,5093,0.453497, 0.541081, 1.06851, 0.124759, -3.19654,-3.69972,11.4466,-0.750663,-2.13488,-8.01597,4.57861,7.19789,-2.13519,0.436571,-0.0329990,-1.10315,-2.49845,5.15102,-1.53997,0.524741,9.32490,14.0965,9.98488,-4.82273,-0.956530,-3.31180,10.6933,2.50540,1.87834,-0.769686,16.0848,3.67981,-0.837854,-4.55760,-0.182488,14.7880,34.0210,29.0121,-5.50385,-1.01983,-6.33081,-22.2174,-13.4450,-20.0155,-13.7758,3.63861,4.01876,23.9807,2.87133,7.46028,13.3495,4.07716,-13.4082,-6.61134,15.4167,9.07962,1.89541,0.829080,3.46323,-13.8671,-4.09302,9.44990,-12.2986,-18.0214,7.93010,-4.01724,2.53732
66,5227,0.765253, 0.804242, 1.50922, 0.0436383, -7.08189,-6.71044,16.3717,-1.78881,-4.65573,-25.1054,1.14674,-0.0921289,-7.83042,-4.02285,-3.78032,7.31856,-7.76990,3.96882,-7.38737,2.26832,7.85243,14.3762,13.2069,-13.7401,-6.50342,-9.57483,2.68272,-3.17554,-7.08417,-1.04539,18.4175,0.432561,-1.78246,0.317145,-5.01682,15.9110,32.6049,38.6259,-4.56648,3.91214,-9.73422,-25.8312,-12.4970,-14.1917,-10.3221,1.44525,0.389885,16.9296,4.45988,7.28950,10.9618,0.363709,-13.2953,-8.57281,12.2974,18.9994,1.86705,-4.12794,1.82639,-21.3186,-0.424266,14.2629,-16.5071,-11.0794,12.2606,4.41859,7.98575
67,2964,0.650755, 0.704814, 1.41029, 0.113923, 2.13844,3.41812,16.1465,9.31456,-1.72653,-21.8649,6.16582,4.91889,-4.54173,-4.66558,-0.706935,6.93315,1.62014,7.74865,-0.0651782,5.51488,2.28735,6.72171,3.61181,-19.7703,-7.50365,-12.5244,-3.40845,-7.66361,-4.76231,-0.261802,14.3009,-4.61240,-6.34303,2.25383,-3.39809,23.1115,28.3651,21.3842,-3.38956,-0.750579,-10.2906,-27.9548,-8.17037,-6.69093,-12.7491,7.84540,0.0637296,7.27735,-2.02115,5.15352,4.04636,-6.31837,-13.4867,-1.94086,13.5594,13.9749,-0.557013,-7.55078,9.94244,-13.4414,1.08254,13.9323,-11.3429,-12.2410,19.4607,16.0274,7.72760
68,1374,0.768727, 0.809550, 1.46878, 0.0326146, -6.38876,-11.0512,13.3042,-12.6772,-2.96776,-35.8463,-5.34817,-6.45892,-2.14538,-3.47068,-3.87665,-2.60903,-6.65987,4.86352,-0.341215,10.1064,12.6084,9.09174,6.05084,-12.6899,-5.41712,-18.6285,1.83663,-10.9404,-14.1200,2.17555,14.9374,-2.93929,1.98962,3.74140,6.78570,9.91402,24.8597,18.5839,-6.66061,-7.21975,-8.03022,-30.5716,-13.4309,-4.63683,-13.5511,-2.13727,-6.61294,10.7580,5.42449,0.565856,2.26070,-2.78096,-10.1247,-10.5866,11.0413,12.8664,4.30003,-3.84271,2.23882,-29.1957,0.00787961,25.8239,-7.45598,3.16575,21.4490,25.5433,15.7857
69,2666,0.662794, 0.721881, 1.54202, 0.0608697, -0.402973,-14.4892,15.7613,-7.68208,-0.879926,-44.9521,-2.05503,-9.17222,-6.95255,-9.82906,-5.38212,-4.55386,-6.44214,-2.16294,7.13123,3.49219,12.7753,4.67580,6.64647,-17.1038,-6.38386,-24.1290,3.28557,-15.4244,-8.67204,2.29540,19.5337,-11.1741,0.859460,-0.541025,0.266142,14.9777,34.6586,17.6350,-4.74428,-3.06265,-9.89801,-32.8989,-7.49306,-3.12507,-9.70824,-3.48698,-11.0527,6.75179,1.52401,-0.314475,2.82768,1.16382,-9.37686,-5.69968,10.9607,12.6477,4.12183,-6.01132,4.48347,-24.7133,-1.80607,21.4737,-6.28973,1.31376,19.5626,20.3289,16.4036
70,3064,0.536221, 0.615919, 1.21386, 0.113473, -3.24016,8.38884,6.08020,5.24527,-12.2488,0.975946,4.46827,7.09672,-6.40248,6.84189,-2.34847,7.63456,-13.6901,10.9736,-5.13577,16.1801,5.60382,18.7012,-1.46196,15.2421,-5.54665,10.1376,4.22726,6.55176,-3.40348,4.93359,6.02941,12.9533,-0.793215,12.2146,-7.95702,15.1755,23.1669,39.1044,-4.81896,-2.33251,4.18246,15.8840,5.53536,-4.06018,-4.85471,-12.1334,13.1189,1.69961,0.220888,5.48102,-0.988908,-5.56823,-12.4390,-8.55908,16.8986,23.0042,1.95924,15.1479,-7.22130,-16.1763,-5.03737,10.1109,-5.24002,-8.94645,1.75090,-5.38211,-3.69767
71,6723,0.599685, 0.662006, 1.22021, 0.172371, -8.65074,-2.42345,3.51515,-2.23507,-10.2698,-7.34326,5.37693,9.70170,-8.48235,11.1998,1.26479,3.88132,-8.67665,-1.22615,-0.288586,8.71532,13.5720,27.8331,8.86806,-3.03888,-4.33127,-1.66236,13.5655,-0.0564903,2.10567,4.44287,8.30980,7.03806,-0.650044,2.35821,-5.00137,11.4715,24.7374,45.0632,5.11413,10.8526,5.49402,-5.53012,-19.5043,-19.3759,2.33571,11.7799,4.64506,9.69954,8.75985,5.76095,8.80644,-6.83518,-15.0322,-12.9010,10.1501,6.43235,-0.199700,4.56941,-7.05015,2.09770,0.0485794,17.3593,-13.8827,-18.5871,8.10256,-3.99269,-5.52314
72,5252,0.504738, 0.588921, 1.14948, 0.312647, -4.82136,2.47354,6.67982,2.30667,-5.44755,-5.52404,5.15913,1.13223,-7.00985,5.02572,0.678709,4.47573,-6.76300,1.77138,-1.92528,6.02857,10.5512,29.3967,6.08177,10.0894,-4.29033,1.48479,12.2188,2.08455,0.284480,-1.21702,0.592424,8.57734,-0.274873,2.25183,-4.37948,7.46757,31.3888,41.8039,1.82823,8.07899,19.5842,7.12978,-12.4253,-11.1295,-1.57675,7.25109,12.9931,11.6934,2.13065,0.260682,0.416046,-14.5851,-15.5184,-14.2123,11.8582,0.478449,6.38902,15.0489,-7.10309,-8.39654,-0.114499,24.9943,-11.7098,-11.4033,11.6422,-5.90542,-3.51498
73,2118,0.616600, 0.682210, 1.47461, 0.321747, -8.20468,-2.65854,9.72281,2.17398,-8.44499,-10.3455,11.5674,2.80133,-11.4722,7.34157,4.50067,-0.553101,-11.0496,1.87694,-0.700198,11.5165,16.7931,38.9604,9.69962,-2.24430,-11.3189,-1.59336,14.4148,-2.31067,1.38429,-1.20167,2.87812,12.7657,-3.78472,-1.86498,-10.0912,3.56593,25.4066,48.3446,4.03188,4.29371,9.09785,-5.81168,-17.5193,-25.3192,0.145166,6.60280,9.93411,18.2879,2.65169,0.194623,-5.40781,-15.1176,-13.4835,-14.0589,9.58862,4.08958,3.16422,9.60660,-7.93623,-3.22592,7.13102,27.5390,-11.5016,-8.59888,15.0176,-2.36824,-3.74504
74,9418,0.398372, 0.498126, 0.981724, 0.210174, -5.45947,4.98585,9.22547,2.38591,-9.19569,-7.16868,7.49115,1.79502,-6.28276,3.81376,-0.969407,7.00095,-6.56266,2.21028,-2.32120,6.19818,10.4219,21.2727,2.16853,14.5486,-4.85365,-0.0398868,10.6970,5.47536,-2.21503,-1.07922,0.498885,6.23825,-2.82910,3.97889,-5.27396,6.64600,27.0619,37.5490,2.00422,7.67734,16.7455,11.7384,-7.12763,-12.6056,-5.88683,-0.212416,16.2728,9.76161,3.61012,8.98751,2.21743,-5.76017,-12.4377,-3.95651,9.97734,-0.119455,-1.00831,7.30920,-7.56059,-13.0095,1.04477,22.0539,-8.83274,-12.4486,10.6142,-4.95261,-2.32177
75,553,0.494175, 0.569621, 1.23680, 0.132394, -13.8958,0.884036,0.175391,5.50040,-12.4638,-19.8685,-5.79757,1.15031,-8.72285,-6.58519,-5.59085,6.66142,-6.28438,7.62306,-5.70531,-11.8886,0.106409,7.16219,-1.74606,-0.278679,-11.9671,-10.4647,0.675039,0.192381,-8.20940,-15.1848,-4.50521,-2.78020,-7.99774,-9.13722,-8.85262,0.997938,12.4032,19.6987,-2.23932,2.14212,10.7711,-1.78254,2.70703,-7.21873,-9.92576,-8.63387,10.5482,2.10894,0.263810,9.23196,-2.99193,-10.5350,-9.25114,2.40352,13.3714,17.9248,5.79524,6.50146,-13.6166,-9.22728,6.71833,13.8844,-10.6420,-16.4401,15.8819,-14.4044,-12.6282
76,683,0.859045, 0.878737, 1.43009, 0.131129, -12.9119,-17.3735,0.392401,2.35535,-18.6272,-17.8397,-7.15478,1.33599,-14.4711,-6.12890,-3.49355,-0.469104,-6.67425,-0.195741,-9.02667,6.06725,-0.527226,3.08489,6.51464,-12.0531,-12.8719,-6.30092,-0.679107,3.65793,-8.42264,-18.5008,-11.7094,7.56378,-5.81606,2.24898,-12.0172,-1.43861,4.73200,11.5581,-4.18380,17.8784,9.32989,6.19954,-3.90693,1.13783,-9.90530,-5.81196,10.6712,5.75843,1.91443,-1.20438,6.65500,6.72001,-10.2303,2.92778,16.6442,14.2723,4.83898,5.16515,-9.80010,-16.7613,4.35995,14.9264,-13.3632,-27.1302,4.51342,-25.5206,-3.90276
77,12121,0.471287, 0.563036, 1.15971, 0.136259, -8.39915,2.20919,8.23940,0.0694957,-16.8727,-15.5862,1.87539,-1.41323,-8.32798,1.33729,-3.29702,7.12610,-11.3101,8.99611,-3.73151,3.85183,3.77856,12.3328,0.716031,4.04386,-8.10505,-4.94462,5.14534,0.499459,-5.78571,-4.80110,-3.26131,1.60581,-3.52881,2.21575,-8.69638,9.54782,27.8306,29.5112,-7.21420,5.99784,8.39877,13.8297,-4.17956,-11.8148,-12.3657,-11.4770,14.0427,4.80089,-0.153802,8.20908,4.10733,-0.0936007,-8.33881,-7.56128,15.6900,16.4404,1.56926,13.0043,-8.50566,-12.5445,3.02002,10.9020,-9.37654,-9.86546,5.74716,-8.44914,-1.40334
78,3739,0.229332, 0.359628, 1.03676, -0.0419858, -1.28555,-1.83221,17.5995,8.84884,3.05163,-9.86501,0.198257,7.43669,0.261397,17.7156,-0.130288,12.4864,1.34719,14.1163,4.28599,5.47552,5.89987,0.713579,-0.352304,-0.958586,0.438463,-7.52852,2.12498,9.13298,-1.61745,11.1567,16.8987,-3.37018,-0.887649,0.153706,1.05783,10.4079,31.9848,14.1188,-4.92417,8.42531,-12.2001,-22.3571,-9.67768,-16.5011,-10.3333,-1.72306,-0.996168,3.11327,-3.67308,-9.91877,5.72470,16.6913,-8.74044,-3.56577,9.80564,12.2408,-4.57834,-9.91739,5.31525,-8.41420,-1.17661,22.3884,-2.99223,-4.39347,26.7988,32.0564,21.4588
79,2130,-0.356898, -0.117642, 0.351765, -0.207210, 4.00461,5.86492,10.2233,9.11108,5.33668,3.83974,6.62931,7.45409,4.66994,8.25316,2.16718,5.91702,4.09713,4.08271,4.31002,5.68510,3.18511,9.12814,2.69835,3.60089,2.25238,1.16918,2.65223,3.83404,1.81956,4.57497,5.35951,0.797332,0.916243,3.06898,3.55224,9.07988,11.5691,10.5994,-1.24271,-3.85861,-8.49059,-24.6962,-20.1989,-28.9536,-18.7698,-1.72229,-1.16165,20.4221,4.17495,5.44124,14.9180,9.67534,-6.77114,-3.56589,0.387521,3.16062,-6.06403,-7.77223,5.50567,-8.05350,1.92352,13.9063,-1.07176,-2.53813,26.7541,31.4886,13.3320
80,2532,-0.100345, 0.0954048, 1.10669, -0.0210482, 3.25111,15.1135,39.6278,32.3193,21.4668,8.32349,26.1663,14.4161,7.51287,16.6113,5.32247,30.7175,13.9843,17.0259,11.4164,16.5567,12.1873,18.8586,8.91152,3.19319,-5.74150,2.54132,-2.98521,12.3400,3.88434,10.9547,54.1378,-1.51860,-5.78092,0.269118,4.36759,26.6752,20.1608,36.4922,6.66836,4.14139,-6.48547,-19.0797,-20.1645,-26.1022,-14.9316,-0.166676,-6.96376,17.2518,3.48684,1.09107,2.99529,-7.28123,-9.37079,-5.43646,-7.35557,5.43708,2.53720,-5.89260,10.4405,-1.82696,6.21140,20.8046,4.93645,2.12155,31.5646,21.6740,13.1280
81,8272,0.479160, 0.565241, 1.21797, 0.0406207, -3.42370,-3.57623,18.0732,10.7267,0.0516040,-6.51821,0.287100,8.27170,-1.34849,17.1654,-2.28791,9.50812,-0.976174,14.5049,8.13579,11.0139,7.14017,5.62962,0.374202,0.576905,-2.30261,-4.18968,3.60898,9.36844,-4.78507,5.50782,10.3310,-0.609551,-0.997802,4.76039,0.568220,14.3585,35.8676,23.9240,-7.86040,-6.67455,-13.1170,-17.3515,-14.7600,-20.6168,-10.4552,-1.95987,2.81528,7.15006,-3.14868,-6.80553,2.77696,11.6734,-9.23447,-7.20674,10.7470,22.5677,-0.937447,-9.32114,5.31796,-4.94475,1.61028,18.7785,-7.51627,-9.31472,20.3269,22.9555,15.4124
82,5465,0.735389, 0.782314, 1.37073, 0.245744, -6.43563,-9.75873,11.3388,-4.21424,-1.49785,-20.8170,-5.07311,-0.279640,-6.41887,9.32466,-7.85656,13.4069,-2.52317,10.7360,5.36678,1.09874,7.73944,-2.22841,0.635170,-8.86352,-2.31253,-17.2945,-0.796863,-5.49016,-6.50819,6.92272,15.9653,-14.9485,-4.21524,-1.05667,-5.18536,11.5884,26.4908,2.05457,-6.35827,5.48008,-9.06511,-26.8628,-9.07640,-15.5792,-4.89021,-1.79242,-3.40444,2.64721,-6.56827,-12.0573,2.62172,11.8009,-10.2099,-8.05312,14.9872,16.6545,-0.109722,-8.27257,7.58407,-12.3527,0.0709946,24.3094,-7.06642,2.69545,17.7697,26.5651,18.5837
83,4313,0.499345, 0.586071, 1.27861, 0.103824, -0.478371,-6.13215,10.2339,-2.32592,3.76468,-22.2871,6.34561,2.98806,0.546113,-1.24611,-1.91777,6.90699,2.44764,5.44834,3.39985,2.53896,6.44964,-4.78204,-0.753608,-11.2212,-0.362952,-16.1692,0.904455,-9.98037,-4.64984,-5.94210,11.2292,-14.1288,-2.41040,-3.53802,0.572409,13.6550,23.9262,2.83614,1.23329,3.24316,-11.6337,-28.3186,-15.3054,-7.61661,-8.45249,-7.98277,-7.62754,-3.19229,-5.59961,-2.53714,0.570215,2.69680,-4.14898,-10.6309,7.11465,15.6617,-0.121606,-5.73180,6.76250,-11.6459,5.69230,20.0795,-4.20919,10.8994,20.6105,20.6392,10.4878
84,5646,0.0155841, 0.190434, 1.01223, 0.0631394, 1.87490,0.956143,14.0566,2.36150,4.41039,-6.38072,3.21369,12.5941,3.29962,12.6536,1.77143,17.6664,8.65266,18.5686,9.45734,7.09815,5.61982,1.84487,0.425228,-5.35931,-0.856206,-5.33336,1.14199,2.57237,0.169795,4.48762,14.5751,-4.76945,-0.778140,-2.83710,1.44657,7.85117,28.2424,8.40074,-4.26006,-0.829655,-8.12745,-24.1624,-17.9964,-21.0298,-15.7695,-7.10079,-9.68604,4.39483,-2.41459,-4.79161,4.75437,3.86959,-8.96531,-10.0860,7.44647,19.5327,0.660482,-4.96270,9.93178,-5.59949,6.11366,24.8656,0.718402,0.907637,22.7520,20.2178,16.4162
85,7116,0.188792, 0.333400, 1.23405, 0.0404443, 4.04196,1.88650,18.7282,16.0246,6.78626,-8.13757,14.5075,6.13971,2.08349,8.29444,1.64556,15.3615,7.66585,13.8677,7.98467,8.96201,9.33764,3.93037,2.68115,-9.70039,0.178048,-9.93711,1.78650,-3.94359,-3.23614,-0.982791,12.0446,-9.55449,-1.53228,-1.76085,3.61854,20.7036,23.9146,19.1059,1.45974,-0.697062,-7.88601,-23.5923,-16.1360,-13.5934,-13.4605,-2.06387,-6.80527,-1.63551,-3.70325,-1.60441,-1.06805,-4.49630,-8.85642,-8.37433,3.38804,14.9984,1.98688,-3.56757,10.8214,-7.61146,8.49269,20.8062,-1.03411,7.14222,27.3961,25.4624,13.2010
86,1840,0.212412, 0.346850, 1.40695, -0.00114265, -1.94998,18.0389,53.7909,19.7741,21.8859,15.3371,54.5502,12.2906,-2.22066,19.7724,0.371487,22.4270,4.08954,41.9206,42.3573,75.1657,39.4003,41.7798,12.0577,21.4775,-4.05162,5.89378,17.1883,47.1671,-6.53042,24.6920,57.3211,3.63916,-4.73594,10.5044,6.26077,18.2369,80.2254,60.0828,-6.28949,-5.49812,-7.47148,-22.8041,-15.2100,-23.8258,-16.9431,-10.1890,2.23241,12.3651,-3.26957,-5.70528,10.3550,12.0990,-9.05476,-1.94362,0.829440,11.7522,-2.26128,-7.11136,8.75859,-4.79721,2.55417,22.9830,-3.63392,-5.62706,22.1342,24.6191,18.1630
87,8269,0.796402, 0.831895, 1.35260, 0.180818, -10.2496,-10.8521,7.55031,1.91589,-2.68388,-18.4425,-10.0332,8.52796,-8.78381,-0.555996,-11.2685,4.49475,-8.20133,6.25260,3.60643,1.02846,7.56894,10.1397,-4.03195,-2.27706,-2.79569,-10.1685,-1.38625,-4.60108,-10.5493,7.60840,7.59332,-5.93334,-5.51483,6.39844,-6.09654,14.6534,23.5744,4.89894,-10.2313,2.90333,-15.4811,-18.6952,-15.6215,-12.5236,0.922128,-1.45364,3.97091,-1.46635,-9.93277,-11.2777,-1.70797,6.71774,-9.15581,-7.51295,15.8394,26.0437,-0.828182,-6.18018,5.71876,-3.46309,-2.32567,16.4739,-6.24333,-5.35781,15.0103,33.8759,26.4776
88,3491,0.752918, 0.796784, 1.48173, 0.167850, -6.23875,-11.5857,9.31873,-14.0123,0.663302,-32.4508,-3.51133,-6.01511,-5.86242,0.120798,-9.74362,2.42159,2.25014,6.61967,5.54997,-2.50430,6.73061,-4.41504,-1.79806,-16.2924,-4.60861,-22.5431,-5.02280,-12.6334,-8.37017,-13.4724,18.0436,-20.7877,-4.82854,-10.6022,-3.77730,0.776063,35.3417,2.04748,-4.37524,3.08597,-4.56551,-25.5684,-6.77392,-13.2579,-9.56921,-7.35406,-9.95272,1.74131,-4.64189,-14.4353,1.93394,3.87991,-9.08347,-13.1754,13.3048,19.6090,1.57138,-1.74510,7.28803,-5.21931,4.36475,24.4106,-4.77869,5.54620,24.0473,29.8787,21.4020
89,2533,0.724887, 0.768763, 1.49271, 0.214804, -4.91358,-7.44411,5.75731,-5.21306,-4.69284,-7.99404,0.0373596,-2.43225,-4.50856,9.37174,-2.66368,1.83054,-4.72708,13.7676,10.3437,17.7788,9.02384,10.4260,2.31172,-1.13876,-3.68730,-6.98995,3.91359,1.46817,-7.13425,2.45642,12.9062,2.30405,-0.235854,3.85211,-1.33240,13.5257,30.8400,22.8580,-4.82483,-10.0256,-9.33704,-20.0631,-12.5184,-19.2930,-13.0649,0.197819,5.15653,20.3428,3.19215,-8.42351,7.67713,10.3088,-8.36328,-6.27624,4.34422,17.7050,-3.87946,-11.1486,-3.03019,-10.7505,1.78722,19.1749,-4.08351,-11.8375,21.9295,21.4052,8.08049
90,4554,-0.249123, -0.0253589, -0.300019, -0.430225, -2.99076,-3.90780,-7.37902,-5.89903,-4.85616,-2.34713,-6.78085,-8.41415,-4.19174,-8.37254,-3.10202,-11.3273,-6.05666,-12.2056,-6.36436,-7.88675,-5.92513,-5.29944,-3.49327,-2.82712,-2.84365,-1.74558,-2.81786,-3.48820,-1.92852,-2.24129,-5.82418,-1.43285,-1.49818,-1.68706,-2.82505,-8.90885,-8.51610,-9.12454,-5.12803,4.81728,-10.9977,-28.5968,-21.4255,-24.4602,-17.4151,-4.04578,-8.19131,3.44677,-3.84734,-1.20323,0.664940,-6.14081,-6.60079,-5.96844,0.610781,13.9353,3.26540,0.195038,14.5629,-1.84106,9.80597,21.3840,0.747318,4.69833,24.8219,16.7965,12.6050
91,5659,0.900740, 0.917268, 1.38986, 0.0833667, -12.3497,-19.6715,2.83329,-7.63686,-8.62890,-22.0421,-7.77661,0.783320,-12.5263,4.40454,-9.53399,8.31433,-10.9262,0.714782,-0.297675,-2.56320,5.23296,-3.43180,-7.16260,-7.46413,-6.11029,-11.6818,2.03740,-9.20685,-13.7066,-5.04237,5.28351,-13.6948,-2.04269,6.68042,-9.18935,8.49968,25.2793,11.2321,-7.20112,-4.95351,-13.5597,-23.2362,-14.5533,-12.5072,0.545669,1.55801,6.75109,-2.80736,-5.57243,-9.36060,-5.36909,2.17288,-12.0552,-5.76410,16.3344,33.4624,-0.659374,-7.33733,1.47949,-8.51790,-1.73086,18.4713,-9.19891,-9.37016,21.6586,26.6797,13.7661
92,813,-0.0915328, 0.0975193, 0.782515, -0.135697, 0.766136,1.26842,8.36954,7.81254,2.80256,-2.76490,1.62805,11.2796,2.87384,4.01149,0.814988,9.50583,3.97003,8.02312,4.60327,2.29357,0.308500,3.25169,0.689207,-3.74494,-3.58491,-3.58807,0.969574,0.112269,0.414697,4.08538,5.39297,-2.59437,-0.0174034,-0.275644,-0.934887,8.14848,11.3778,9.54214,-7.26888,-8.00780,-11.5675,-28.4573,-22.1038,-27.1272,-17.6886,1.93480,-4.90383,22.8212,6.20101,1.52145,7.56986,0.860719,-7.81042,-8.67399,2.61634,8.48213,-3.35504,-8.28721,2.99603,-7.53208,2.05030,18.7479,1.42808,-2.74764,31.4947,17.9261,11.7693
93,1666,0.797370, 0.833251, 1.47290, 0.222660, -5.22336,-4.52254,11.5659,-9.75213,2.87871,-35.3077,-2.50714,-4.31392,-6.78528,0.689805,-8.77349,-0.683068,2.19125,3.27373,3.79758,-5.33492,6.11485,-9.51910,-3.57159,-31.1429,-6.66864,-27.0111,-2.87818,-22.2255,-7.24410,-14.5656,6.80344,-25.6622,-5.93056,-12.5220,-4.01219,7.89333,35.8123,5.34196,-1.29069,0.302778,-8.38424,-19.9753,-14.8567,-3.75406,-8.35412,-11.6266,-11.0306,-3.32881,-7.92818,-8.05247,-1.59934,-4.31026,-8.10762,-11.8557,10.4048,28.2009,3.51118,-1.79188,10.4529,-13.4396,8.82600,23.2007,-3.97429,6.75773,19.4549,26.2927,16.9947
94,1221,0.665271, 0.724096, 1.46540, 0.316865, -1.56228,1.95615,12.8861,-1.13939,6.10599,-13.0966,4.62979,0.402309,-3.87091,7.52552,-6.24101,4.03140,3.38273,12.2937,12.5889,9.59613,10.6030,3.57171,2.18050,-10.6164,-1.97114,-9.53160,2.96796,-0.962460,1.61157,4.84458,20.3923,-12.8211,-6.44786,-6.10176,-2.36250,6.46108,31.5217,10.7389,3.21075,23.7235,-5.47483,-19.7034,-15.4243,-2.92637,-12.3561,-6.90693,-8.18823,-0.490714,-5.92553,-6.14864,-1.83427,-8.29038,-10.9019,-16.7270,6.54285,21.6378,4.41959,-8.52807,12.6611,-7.79406,8.82422,26.0844,-1.38093,10.0900,21.4651,25.6378,11.3178
95,6118,0.116628, 0.256020, 0.804819, -0.135520, -0.629849,8.78872,11.3846,0.402786,-2.60164,-1.17643,0.193990,5.69978,-3.80680,2.77158,0.332696,8.59145,-2.82182,6.57727,-3.73423,1.42065,1.53549,11.7909,1.83602,-1.47282,-3.27130,2.54961,9.65052,7.86083,-1.33627,1.59422,4.90171,8.02526,0.00789312,2.07315,-1.51286,16.5794,39.4254,36.7258,2.55177,9.93804,8.96935,-15.0786,-7.85787,-18.3288,-12.7304,5.59489,3.24350,17.9473,-1.34163,2.84313,3.06927,-11.0415,-14.8174,5.37939,26.7294,12.8643,-1.88751,4.72342,0.898482,-5.74001,-0.952736,2.07923,-11.0112,-16.3213,21.9828,13.7740,3.79438
96,2386,0.384905, 0.484564, 0.994068, 0.0341845, -3.52768,4.76595,11.9539,-0.660905,-2.75427,-4.30783,5.28224,3.56574,-3.58632,3.10369,0.204591,-4.65968,-4.02630,2.17919,-1.29758,-3.30709,0.395456,9.52328,1.96170,-7.95022,-4.22484,-5.04062,7.11581,4.83068,0.244054,-4.86754,2.49255,2.85857,-1.20093,-6.11381,-2.67285,17.9177,37.9177,25.0466,-2.33266,-4.76963,7.58363,-12.8389,-19.5154,-23.0890,-5.77074,12.6503,-2.94670,15.1011,5.41823,8.74835,6.46885,-8.09443,-13.9068,-5.30589,18.1139,-1.21207,0.796599,9.23514,-5.49372,-8.38853,2.37553,13.7811,-12.5298,-13.4260,34.0413,1.73946,-8.17074
97,764,0.555493, 0.616614, 1.08734, -0.181676, -2.83133,10.9754,13.2177,10.8492,-3.74085,-9.60422,-5.05433,23.6625,-2.89676,11.5431,-0.933763,16.7809,-5.03698,9.80480,-6.36340,8.14504,9.07945,17.2151,4.46542,-1.33527,-7.33654,-3.69075,-0.686297,4.15755,-5.72250,-5.46491,2.40252,6.43594,-0.184656,6.00862,-6.47665,11.4911,25.6344,37.9844,6.61926,24.0557,1.89037,6.10236,-6.19022,-16.1003,-13.6630,0.340612,5.80569,13.3339,0.101857,2.94982,10.0722,-2.12355,-16.0195,12.7388,24.4407,15.7756,-4.64868,-0.0452044,2.47696,-7.21836,-4.16290,6.85397,-10.9809,-26.5054,14.8906,8.04198,2.08134
98,4354,0.144896, 0.287714, 0.853298, -0.0169989, -1.20929,12.7509,12.9379,-0.0543215,-3.62601,-1.48864,-0.368381,8.01660,-2.80792,2.46468,-3.44606,7.39139,-6.24319,4.11206,-5.94642,3.74269,2.38270,8.52673,2.27146,-1.84938,-6.71355,-2.57443,2.26220,5.58673,-2.52029,-1.78594,1.14257,11.3490,0.921381,2.00848,-2.51453,20.3745,29.8484,32.8410,5.23415,-0.836307,4.03598,-8.10290,-14.1729,-23.4738,-11.5237,4.20836,-2.14364,12.6196,0.658896,-1.28069,9.17206,-6.13783,-15.1092,3.75607,23.0215,4.19984,0.729175,11.9688,-1.71165,-9.25672,1.51313,15.6359,-11.7385,-12.2395,29.5362,18.8080,3.66752
99,6762,0.322760, 0.437050, 0.980136, 0.0954753, -2.05225,9.50426,5.41698,7.22758,-2.82019,1.67129,0.983950,8.08757,-5.33050,6.63627,-3.01895,4.01302,-5.64395,5.74123,-4.42849,1.40212,0.439933,10.7037,-1.43458,1.49437,-6.65367,-1.75440,1.75095,10.2960,-0.927081,0.767587,1.28082,8.89940,-2.03924,-2.01114,-3.05456,16.9221,30.2061,40.7438,0.0325197,-11.1491,3.57477,-6.33435,-15.0115,-23.7872,-12.8280,5.51200,2.95902,6.28375,0.912188,0.0875539,9.73943,-6.80370,-15.9616,-5.09925,23.0834,16.6384,2.17882,4.59923,-3.96081,-4.56752,2.54268,20.7204,-12.7409,-13.5837,18.2596,4.94762,-3.92949
100,2169,0.00201453, 0.162885, 0.717252, -0.109064, 0.760159,10.7070,12.6356,-0.146625,-0.813301,1.31874,2.29725,5.52834,-0.875534,4.02820,2.17171,7.57938,-0.989190,10.0692,-1.16923,2.98248,2.59208,14.2660,2.85854,1.52839,-0.617495,2.56961,10.5330,5.42343,1.77767,1.69257,7.96002,6.96176,1.68815,2.27333,-0.0972623,15.6788,43.1438,33.3668,3.83984,7.72960,2.89849,-18.6292,-14.2879,-11.2578,-10.4011,0.346111,1.96668,18.7883,-3.00515,-1.13763,-2.14866,-14.7949,-13.1622,-1.27820,28.7297,12.2356,-2.30216,7.11876,-0.941951,-4.12125,0.816164,8.23779,-8.61748,-14.1368,19.9911,9.32424,0.271703
101,6820,-0.0424931, 0.125638, 0.704789, -0.159456, -0.207684,0.323766,12.1755,-2.25825,-1.22071,-3.25461,1.99900,5.13682,-1.15950,3.24806,2.38879,1.43824,-1.52672,4.29289,-1.27139,-0.163711,3.46847,13.6405,3.84778,-4.93687,-1.68873,-3.18158,8.88010,-0.927887,-0.926992,-3.54382,7.79063,1.73754,0.559830,-2.48635,-0.552860,15.7326,35.8739,26.2439,6.38892,4.70211,-1.38355,-13.8862,-15.3241,-17.6170,-10.0754,-1.23928,0.543151,22.9012,-1.59754,-0.358944,-0.517362,-5.32009,-11.6692,-9.10057,23.3549,2.50753,-1.27599,14.6969,-0.250646,-3.85942,-0.604226,9.54147,-7.97700,-12.1517,28.0769,1.43068,-6.97819
102,2835,0.390935, 0.482506, 1.02838, -0.0847246, 0.535646,10.5579,14.5377,4.86060,-2.90581,-5.02388,-2.73864,12.4200,-5.32225,2.79160,-0.597336,10.8213,-4.71656,9.49225,-5.83576,6.16909,3.58760,15.5688,1.48602,-2.90756,-4.42008,-1.50704,1.33368,9.00791,-2.96061,1.37250,4.70706,7.17008,0.796870,8.75599,-4.25781,16.9568,36.1316,43.3789,6.68050,13.0063,8.36481,1.67244,-4.18617,-19.8556,-13.7192,3.65647,2.97831,17.2153,-0.257235,2.82422,5.93128,-7.35137,-17.1229,-0.976200,23.5184,19.5691,0.261457,0.0127149,1.88820,-4.50560,-0.494626,10.2816,-10.2907,-20.8707,21.3959,15.0459,3.91403
103,6181,0.113199, 0.262013, 0.830479, -0.150158, 1.03226,7.65522,14.1406,2.54463,-3.90413,1.49865,-1.79123,7.97442,-4.96543,5.14929,-1.81503,10.1875,-5.61939,11.5766,-5.78586,5.78036,-0.157938,12.9837,-0.241609,1.57079,-5.87314,1.33152,3.31759,6.35902,-1.80936,2.94818,1.00745,7.19930,-0.701909,3.85591,-3.99413,20.7282,31.2124,37.4650,2.87236,1.17548,4.33168,-20.2643,-13.6357,-22.4324,-9.49614,4.89781,1.89271,6.58985,-4.22149,-2.97351,1.91451,-15.0772,-14.9058,6.42482,25.8148,9.65613,0.956094,14.5685,0.175164,-2.63945,-0.633879,11.8047,-10.4711,-10.8192,28.9958,21.1785,5.05127
104,4445,0.514826, 0.595898, 1.16119, 0.116928, -6.78976,1.69056,7.97508,-5.44479,-5.61793,-15.2061,6.26414,-4.57955,-8.04898,2.25200,2.70603,-10.9871,-7.48613,6.03415,-2.49384,-8.08157,-0.00338871,7.64415,1.87917,-12.6787,-6.53830,-13.2045,7.65378,-0.878880,-0.592374,-12.9308,1.37005,-5.54296,-3.92047,-14.0563,-5.43974,19.0369,38.4087,30.0488,-0.695895,-3.37645,11.7197,-3.70470,-19.0116,-23.5402,-8.14703,19.5278,1.29547,17.0009,3.18112,5.10772,6.23631,-11.9581,-12.9825,-4.56236,23.0099,8.96337,-3.84162,2.37560,-5.18614,-7.38772,6.40938,9.14286,-12.5871,-14.6699,18.3928,-3.66098,-7.74839
105,1926,0.257825, 0.382148, 0.948801, -0.125588, 1.81429,12.4326,15.0578,0.307244,-3.82091,2.01005,-0.918388,9.09448,-3.88071,6.58662,-1.26566,8.82596,-5.57266,8.71932,-6.12234,5.19383,2.08976,10.8333,0.932354,3.07647,-5.56731,0.645576,3.25643,8.38968,-2.62667,3.76214,0.701622,8.16313,-0.429457,1.78500,-3.70253,23.2923,33.8330,39.8795,6.14662,3.02224,5.55376,-10.9488,-11.2152,-21.7540,-11.9378,5.43567,-5.21887,12.2950,-1.98678,-6.59387,1.79103,-13.9966,-14.7782,0.187287,26.0057,9.44185,3.07939,15.4696,0.854494,-3.30136,3.43222,14.2019,-10.7875,-11.3856,33.3567,24.4581,5.53483
106,584,0.330878, 0.440613, 1.04587, -0.147930, -1.21448,3.17558,17.5509,-8.12565,-4.68765,-2.52443,0.792771,5.74645,-1.83680,6.87468,-2.92148,2.27523,-6.18097,7.68452,-6.55227,0.0227204,-2.24544,5.31117,-1.46755,-7.51946,-7.18440,-7.47665,2.57861,-0.246772,-5.00723,-6.93900,1.31015,6.77990,2.18727,-3.86590,-4.17734,23.0247,39.7476,44.4147,3.75884,3.43864,3.68319,-17.3281,-17.2940,-24.3852,-9.69068,4.56770,-6.38813,20.5833,-2.15052,0.661018,6.01758,-14.1439,-14.7029,-1.27726,24.8152,4.33002,-3.01051,13.0717,-0.275819,-6.07978,3.94381,15.3761,-9.64671,-12.7038,36.0662,15.6593,-4.70803
107,8307,0.619093, 0.681595, 1.25559, 0.227503, -5.35176,3.62965,7.52563,8.41508,-3.44335,-5.26535,3.69168,7.54831,-8.17661,7.71712,-0.437244,0.148034,-8.60699,9.91520,-4.90423,-3.47418,3.31340,16.0472,1.84716,-3.54286,-8.65827,-6.95249,7.32624,3.75147,-1.58640,-2.52678,3.50206,4.13415,-3.03158,-7.66692,-5.79162,18.7277,34.6815,43.3972,1.58260,-5.05292,9.56184,-4.16982,-13.3538,-17.5753,-9.35197,14.0249,4.33768,19.3826,4.08349,-1.13536,7.95939,-4.05779,-15.5561,-6.14926,19.7464,7.16397,-0.733566,0.405297,-5.47850,-13.7590,5.00433,16.8842,-15.1115,-15.1843,16.0102,-9.00414,-9.30063
108,4026,0.0677298, 0.212509, 0.700826, -0.157661, 1.09388,-0.310067,11.8866,-3.69669,0.658878,-4.80558,4.97538,0.323333,0.0748184,0.707740,5.45172,-2.79254,0.426410,-0.0740896,0.427275,-2.16132,2.97783,9.24883,4.87774,-3.67593,0.930736,-4.31321,9.49657,-1.00410,2.27308,-4.56120,9.36299,-1.33346,1.63535,-3.79104,0.830889,11.0655,43.5348,27.3709,10.0706,14.1513,3.95813,-4.13408,-14.8228,-21.5148,-8.95177,9.53775,1.01739,21.0957,1.15022,1.31332,-1.39405,-6.42748,-10.2085,-7.17840,19.6149,0.362503,-5.62090,14.5568,-0.475946,-6.12665,1.99974,7.74022,-8.72142,-13.3590,35.2971,9.33425,-7.99789
