adminID,1,2,3,4,5,6,7,8,9,10,11,12,13,14,15,16,17,18,19,20,21,22,23,24,25,26,27,28,29,30,31,32,33,34,35,36,37,38,39,40,41,42,43,44,45,46,47,48,49,50,51,52,53,60,61,62,63,64,65,66,67,68,69,70,71,72,73,74,75,76,77,78,79,80,81,82,83,84,85,86,87,88,89,90,91,92,93,94,95,96,97,98,99,100,101,102,103,104,105,107,108,111,112,113,114,115,116,117,118,119,120,201,202,203,204,205,206,207,208,209,210,211,212,213,214,215,216,217,218,219,220,221,222,223,224,adminID,1,2,3,4,5,6,7,8,9,10,11,12,13,14,15,16,17,18,19,20,21,22,23,24,25,26,27,28,29,30,31,32,33,34,35,36,37,38,39,40,41,42,43,44,45,46,47,48,49,50,51,52,53,60,61,62,63,64,65,66,67,68,69,70,71,72,73,74,75,76,77,78,79,80,81,82,83,84,85,86,87,88,89,90,91,92,93,94,95,96,97,98,99,100,101,102,103,104,105,107,108,111,112,113,114,115,116,117,118,119,120,201,202,203,204,205,206,207,208,209,210,211,212,213,214,215,216,217,218,219,220,221,222,223,224
 1982L*,3.13484,6.62334,8.7914,8.46821,2.65193,0.0396436,3.84712,15.132,0.146878,-2.10289,-12.0502,-4.11352,6.94389,9.54259,2.22324,13.8911,1.7187,-2.82989,13.5243,-2.10686,7.34846,4.28013,6.26162,15.8329,-2.72655,-5.92984,-4.70296,-8.16408,-4.31214,-2.512,8.71749,13.3557,-1.07123,1.64953,-9.38631,6.02642,3.82297,7.92669,33.2374,3.55444,18.7401,6.02149,-0.297123,9.29955,7.88483,24.9674,11.8045,26.554,20.2941,11.2292,27.2567,15.9873,13.3354,15.0114,8.98986,9.86568,11.2682,-12.8831,-4.42512,-6.90466,3.84712,-10.9485,-14.6538,9.41641,-2.75429,3.13738,-2.56853,6.13912,1.02312,-13.2165,2.46428,-2.09298,10.0044,19.8381,-4.0214,-9.97311,-6.29423,1.38837,2.54865,22.5263,-11.1682,-11.7688,-7.85335,1.09272,-20.4771,0.972708,-4.44637,1.85661,12.4222,6.31118,11.8535,17.5047,10.8612,16.0289,0.945738,12.5829,10.9726,2.0615,13.2912,4.17731,-0.0358589,19.646,23.5638,0.933999,11.0085,6.58271,6.1062,7.82948,6.50838,1.04741,16.3182,-7.72064,2.83545,-9.04558,-2.46247,-0.872499,14.9189,13.8603,6.1335,14.4024,-11.0861,-12.6107,-11.9755,-2.37901,5.33756,22.0483,13.6087,15.6733,0.0590821,8.0527,1.19563,-0.153997,0.882576,10.1574,5.28856, 1982S*,8.56339,17.4736,6.47926,5.00971,5.7019,9.68211,9.48437,14.3944,11.2721,1.97744,11.1195,6.18888,10.543,8.34432,-0.220424,5.67972,3.19896,8.58553,2.59365,2.34795,2.92002,6.98266,6.56422,5.82151,0.736414,-2.6885,-3.839,1.06864,-0.866572,14.4312,7.14874,9.35661,13.8223,6.30908,8.93046,14.7859,13.3146,23.0699,12.0885,9.90174,7.95921,8.80548,6.26091,16.3682,9.38257,17.6031,14.5662,16.6451,16.314,9.6347,17.0135,15.1137,18.6511,12.6271,10.5047,12.4817,9.15945,10.7414,14.378,17.8221,17.8404,13.5076,16.1779,6.82457,4.34188,8.16531,10.1077,11.2807,0.263569,1.0199,8.95268,23.2196,17.3136,53.6599,21.1484,11.7381,10.5974,17.6558,23.0505,67.1282,7.87527,9.50964,6.43368,2.42646,3.07132,6.80195,11.4671,12.4602,15.9585,15.4006,14.2748,17.7657,6.23834,18.8713,19.1712,17.2751,19.9349,9.47584,19.6445,8.50431,18.6154,20.3741,18.6232,16.3825,41.5795,18.7204,13.7297,17.442,18.6619,15.2742,34.8522,6.34485,9.53268,5.60317,8.61035,3.19369,17.5841,12.1392,21.519,17.8706,7.57267,6.43026,11.7419,13.2732,13.7421,13.2238,19.099,16.0449,8.04293,11.0788,10.6687,5.4021,5.88,6.06629,14.5666
 1983L*,-10.2696,2.37273,-3.31051,-3.37089,-3.77293,-17.905,-2.94647,2.96535,-6.77889,-6.70506,-15.5103,-10.079,-1.39928,0.576554,0.479138,-0.332906,0.593014,-4.67938,2.3991,-1.53401,3.00385,23.038,-7.15629,3.48818,4.81704,6.67361,4.97354,8.88058,4.07583,4.80546,0.528966,7.62633,-1.67,-3.29664,-3.65807,4.15158,6.20289,0.824289,12.9024,4.38329,21.2558,6.03574,9.75139,4.90604,11.1195,13.875,12.576,6.3741,7.15285,18.5124,24.4585,4.01668,6.77593,6.73034,4.05156,-0.615468,-0.947561,-7.11087,-0.771135,-1.58929,10.4055,-12.558,-7.70811,6.03793,-2.44827,2.97015,2.37076,3.04031,5.79546,2.41492,0.121914,11.8265,15.5924,42.4898,12.6198,-4.19912,-2.33068,3.13941,19.924,25.088,2.07776,-14.2026,-5.38965,1.86049,-7.91516,6.27163,-9.54386,-1.06809,0.90271,-0.6131,11.7734,0.154918,8.2715,0.0636557,-3.06221,5.92273,3.87075,-6.27972,-1.53649,9.48568,-5.17909,16.0267,11.5936,8.22024,30.8619,12.488,13.04,4.71848,2.13896,1.12286,23.4644,-8.85389,-3.4588,-11.0318,-15.6404,-9.30694,7.01158,10.3191,-4.7616,2.00126,-6.72859,-10.6666,-6.21585,-10.6797,-5.23864,3.20212,13.3424,6.56456,5.14044,11.3316,4.28273,2.07215,-4.87238,16.4086,1.49835, 1983S*,0.504802,4.03566,4.22477,-1.24622,-3.4973,2.31318,2.59716,8.91379,1.81032,-2.57958,1.83084,0.33299,6.55354,2.82659,-8.4558,1.33313,-7.86399,-7.65009,-4.52877,-9.0188,-4.6694,0.353909,-0.508138,-8.37326,-7.44201,-13.4898,-15.5784,-14.7249,-11.5663,-4.54506,-2.51407,-4.01771,2.02959,-0.251704,-5.64224,-5.26616,-3.95774,-10.2315,-2.00691,-8.61587,-7.38898,-9.70838,-8.15306,-3.56299,-8.06562,-4.37671,-4.02136,-1.56905,-6.87358,-11.4599,-3.54921,-10.7137,-3.17738,-8.41131,-5.03391,-2.42977,-4.14884,-6.07503,-2.48349,-4.71712,-1.69893,-2.79402,-0.754704,-13.4491,-11.9904,-6.2911,-8.52619,-10.9721,-12.4765,-13.7983,-18.1432,4.26153,9.25958,29.0095,0.179861,-1.48254,3.93259,5.64835,8.37132,28.0571,-2.70645,0.710851,-4.87384,1.45564,-8.91683,2.28618,2.93638,5.90249,-3.24589,-3.29007,-3.66608,-4.66108,-3.07925,-0.861725,-1.50224,-3.20072,-5.09691,-6.44982,-4.70779,-3.67598,1.45355,-3.75304,-7.30889,2.47417,4.85824,-0.634457,5.51572,3.54624,1.05894,-0.507664,6.31074,-8.53753,-8.81219,-6.84693,-0.661022,-10.9186,-1.693,-1.71695,-11.9996,-9.97971,-8.6619,-11.9415,-7.59748,-6.82191,-5.85562,-6.8213,-1.17816,-1.47113,-0.41527,2.6892,0.363615,-1.02368,-4.1025,-3.71256,-8.67741
 1984L*,-41.501,-58.5575,-24.4196,-41.267,-37.2623,-52.0101,-41.5208,-38.388,-31.4656,-37.222,-50.053,-44.753,-28.187,-36.3768,-10.7108,-2.82856,-12.2005,-10.9148,-4.7111,-13.6471,-7.37761,-4.61146,-11.575,1.55363,-7.6829,-6.02049,-13.8273,-27.2267,-9.50132,-13.0517,-2.49894,-1.38677,-7.35051,-8.7665,-25.6241,-7.58523,-8.47946,-5.3095,1.23895,-11.4609,1.47415,-5.73301,-7.83694,-10.4825,-1.53712,-6.50571,-0.358821,6.90152,-3.3996,1.80268,-0.845025,-5.53878,-7.04967,-19.8115,-12.0445,-11.7277,-13.6651,-32.4143,-9.77571,-26.7042,-23.7329,-35.9942,-45.7495,1.33398,-8.56578,-6.39404,-10.4444,-8.53957,-19.9821,-14.4408,-16.802,-12.4966,6.72466,10.9195,-7.45211,-21.3195,-22.7843,-7.69567,-9.65477,19.5362,-19.0169,-32.7376,-8.46571,0.495745,-22.9683,-2.361,-34.5736,-12.6123,-1.29353,-5.16068,-9.94886,-1.78882,2.00236,2.2071,-4.60553,-5.71536,2.42883,-17.7088,1.55277,-5.69793,-6.86302,-4.40064,-5.94589,-5.91998,-3.96127,-10.2352,0.446483,-4.03718,-5.75057,-4.3263,2.19679,-18.6376,-13.4249,-14.6294,-19.6007,-10.0406,-19.1433,-25.072,-29.0589,-19.3729,-10.272,-10.33,-9.74398,-23.0529,-15.9979,-12.7269,-9.95487,-14.4116,0.612009,0.448603,-6.71789,-6.3057,-27.067,-8.13627,-20.0528, 1984S*,-5.34126,-5.4832,-2.38284,-3.36377,-3.01089,-6.19639,-3.33062,-1.96782,-2.52998,-8.34477,-2.67733,-1.0477,-2.90108,-6.41513,9.20818,20.1676,-1.90241,9.02933,9.73748,9.75147,7.70347,0.44329,16.0192,8.87056,-1.58521,-2.23625,-2.05563,-6.63065,-2.4006,6.5192,10.5839,8.10844,11.3155,10.9744,6.57535,-3.93588,-1.57086,-10.6583,-3.8817,-8.10301,-9.70119,-9.06986,-5.71867,-1.15217,-7.2702,-4.04943,-5.59771,-1.44127,-5.60511,-8.65169,-2.82941,-8.75471,-2.53798,-5.90151,-1.45535,0.462205,-1.47003,-0.580846,5.85959,1.48304,6.98056,-5.1785,-1.9322,5.12851,6.60922,6.24947,12.0196,9.20314,-5.80216,-5.18022,2.09312,0.555118,11.346,35.1862,0.485931,-5.14701,6.67555,4.19887,18.1261,68.5288,-10.3205,-3.51657,0.181118,2.19354,-7.99428,1.30139,-2.37118,4.60244,0.582223,6.91405,-5.07417,-0.263805,1.21806,3.71776,3.45841,-3.00238,-2.17024,7.43025,-0.436227,4.23531,8.04237,9.87509,9.61465,16.0775,22.1655,12.6277,16.8426,8.00054,8.98134,6.16342,27.3512,-7.18521,-3.15846,-3.88087,-4.0238,-2.67437,-7.33889,-5.31288,-17.4297,-16.6746,-1.49007,-5.96777,-2.11636,-9.25006,-6.23888,-2.23476,-4.66461,-7.36887,-2.43886,-1.70286,0.426028,1.33592,-10.767,-10.7211,-15.9837
 1985L*,4.00835,11.0517,2.37732,4.54752,3.32312,2.20968,7.24539,18.2364,6.96668,4.98597,-2.78349,2.71315,4.67005,11.5234,18.9342,11.4208,1.04613,-2.87909,11.8134,11.4681,20.9925,20.7945,0.201409,17.3791,3.32592,-0.577938,-3.84601,-3.39885,-0.45699,4.65477,12.3822,15.1165,11.504,-2.64635,-16.6512,3.13501,11.4317,1.70107,25.0926,8.02157,14.9025,10.1625,4.53927,7.30267,8.89019,13.5396,4.88823,19.7183,16.1093,7.78874,10.0567,9.98264,8.2364,27.3645,23.5674,22.5695,24.5044,4.22509,9.12531,0.201768,5.57151,-6.27384,-9.24053,8.11184,11.7519,1.50146,3.04796,2.27903,1.34938,1.38793,-1.45332,9.9471,12.6504,18.4352,9.79514,-0.0645513,3.12323,15.8904,7.59588,15.2869,8.88786,-5.99062,-2.51416,2.82365,0.911422,9.11828,-4.17508,0.329247,8.18176,4.83727,25.2928,11.0979,9.25404,8.40927,8.3179,14.7814,11.4088,-5.28315,10.6824,8.50544,0.981806,18.9402,19.5096,13.6002,22.8511,12.9052,10.3112,18.6808,18.389,7.58505,23.047,0.775439,10.9609,-3.61181,-0.895283,-1.64603,26.1836,20.6751,19.7175,25.5264,-0.325185,3.27733,9.16278,12.5401,21.7895,45.6351,14.9499,23.9936,3.95517,7.44428,3.43368,0.977779,-1.1852,8.60156,9.54411, 1985S*,-6.96286,-8.92912,-3.9886,-8.45292,-6.26205,-4.42669,-12.9096,-5.61864,-1.69964,-11.367,-4.71852,-9.3957,-3.34779,-8.21797,-12.1539,-3.45723,-7.75856,-9.92799,-7.71776,-13.2238,-6.63713,-9.1367,-4.89592,-9.4213,-12.6507,-19.3954,-15.0604,-10.7272,-13.0076,-4.37969,-5.20863,-4.71713,3.30715,-2.42068,-9.95918,-0.0807505,-0.476222,-10.9242,-4.12239,-5.4663,-7.40423,-8.71807,-6.66224,-0.597204,-5.69211,-4.87063,0.542633,-3.95959,-7.08376,-10.1711,-1.67131,-7.58622,-0.921902,-2.37666,-6.33497,-2.48338,-4.62081,-3.20649,-2.46086,-8.1438,-4.75715,-2.04776,-6.96138,-6.96748,-9.8953,-8.13427,-11.6598,-7.50363,-8.73815,-10.9229,-8.93627,0.630072,8.0181,9.48389,-1.44262,-6.50022,0.648572,4.29252,2.67922,-2.60958,-9.00448,-5.83388,-4.69028,1.20291,-12.9976,2.26286,-6.62225,-3.70786,-4.91122,-4.32463,-2.77155,-3.55544,-5.91047,-0.940274,-1.40826,-6.02633,-6.56631,-9.29785,-4.0197,-8.93116,0.557581,3.96301,-3.13459,3.92377,4.87278,-1.41901,4.983,6.09637,2.75435,0.912424,8.40352,-11.9151,-7.67156,-10.9162,-14.8105,-18.9366,-1.98494,1.34381,-6.17471,-5.48593,-10.7745,-12.2031,-13.5438,-9.7389,-7.49627,-2.90211,2.10258,0.114658,-9.01021,-11.5486,-12.3684,-10.1821,-15.3633,-10.7141,-9.67421
 1986L*,-7.8105,2.36544,5.02461,5.3481,-1.62182,-13.5757,6.56673,3.60597,-0.0700596,3.95265,0.733421,3.10399,-0.870991,12.0327,21.3273,5.46368,0.736344,-5.74727,15.529,14.9693,14.9515,9.7277,3.0561,12.5059,0.990773,-4.51484,-0.877383,-7.75823,-2.05312,1.77791,4.41499,10.1369,0.352034,0.0629471,0.338119,1.93234,14.3159,-5.42427,13.6034,4.76017,9.05825,3.50916,4.06055,7.45546,4.93914,5.99329,5.39967,7.7435,8.71634,4.914,12.0024,-3.1051,5.06892,10.5844,5.58202,6.21847,6.21806,-4.14742,0.714428,-4.06037,-4.89635,-3.36834,-9.91169,7.73255,13.5333,6.14864,7.69639,4.73068,-6.60731,-5.07376,1.47895,23.345,13.9733,21.3495,20.1479,9.77757,-1.21156,15.9429,10.2477,24.5589,-0.515118,0.176456,10.2216,2.80574,4.69196,3.20776,0.711409,7.3255,4.15084,4.17803,12.4924,3.56935,7.60609,6.1644,5.44421,3.45737,7.46643,2.73676,8.53665,8.70833,1.5366,5.36028,5.81909,-1.70043,27.2125,4.09449,3.05786,10.5724,2.049,13.8395,28.2061,10.8958,23.4085,5.99504,10.3856,-1.43336,24.188,20.8914,17.7987,27.9081,5.66359,13.9415,15.2086,14.445,22.2311,31.5547,13.2533,15.7144,3.73892,13.1806,9.51742,2.06019,23.9856,20.8993,27.4525, 1986S*,-12.8478,-15.6405,-5.90828,-10.0585,-9.44465,-12.5182,-3.86761,-11.8354,-7.33616,-9.86585,-3.07311,-7.02965,-4.76535,-5.54861,8.39008,18.5393,-2.67921,1.02058,3.64394,9.14839,3.18335,-4.0986,13.2676,5.10837,-3.76002,-6.99967,-3.97569,-6.7747,-3.0749,-1.60885,7.96805,0.540001,11.1496,13.431,-4.48131,0.220571,1.68827,-7.0644,-2.27166,-1.11753,-2.46798,-3.98735,-4.083,3.07561,-3.22785,2.09952,4.1866,-2.07046,-1.32694,-4.78948,-0.387243,-6.65183,0.684743,0.990435,0.309161,3.36205,1.84826,-2.90348,0.145184,-3.7964,-0.566822,-3.76913,-5.36584,-2.43957,1.73518,1.03976,4.71959,-1.04552,-5.59767,-2.17713,-3.5136,0.111386,3.83656,6.73074,-2.53879,-7.95786,-1.89,2.3696,2.1411,0.645968,-11.5814,-9.77409,-2.68322,0.784309,-9.84304,0.565112,-8.58857,-5.96011,0.773648,0.484467,-0.736384,-4.43237,-3.30613,3.525,4.05308,-0.486773,-2.19248,3.29159,-1.73694,-0.342332,8.75075,4.47958,2.79435,7.32891,15.2436,1.39716,5.0679,11.2689,9.80874,5.09019,15.0814,4.36393,6.32373,10.0891,4.6618,0.358116,7.80177,3.20967,-1.32163,4.19664,0.142193,-3.90985,-4.2794,9.12707,8.68577,11.4955,2.06284,3.53618,-0.092052,1.82633,8.09771,3.25876,-1.07897,1.87175,1.12658
 1987L*,-2.32056,3.60456,3.26887,3.83423,1.01674,-1.37561,3.56414,5.10559,0.952474,3.53057,-1.69231,2.66162,0.316362,7.17981,7.08776,4.37524,12.0656,-4.25795,0.829459,-4.25865,-2.14479,15.268,-5.33639,10.535,9.92731,4.30143,7.59143,12.5497,4.97668,-4.89268,4.05585,5.87086,0.463592,-3.33396,-9.09491,20.9606,23.153,5.20766,25.0104,20.3448,11.3527,14.2602,19.2774,14.8636,16.2408,21.1131,30.0162,21.3005,12.0657,15.6573,32.3818,18.3904,14.8042,15.9413,16.7974,13.6364,13.6663,7.6492,-1.11935,8.08707,7.81895,-2.38719,-4.50773,8.64217,4.81142,5.48797,-0.440436,8.56563,6.90172,-0.286753,7.74194,16.4102,10.2659,39.3501,11.2475,14.0023,7.20012,22.1702,18.8541,27.9389,4.71328,2.54331,2.03502,3.94845,8.78512,7.49558,-0.653716,3.9721,12.1564,-5.62802,17.945,10.2678,4.65172,11.3932,2.66834,12.8709,14.4667,-12.7767,9.55235,0.309219,-3.79685,16.1782,15.8183,1.75887,44.295,15.6168,9.15806,17.4724,15.0694,14.3435,26.6427,17.5157,15.8503,14.3777,12.8194,5.79832,14.835,14.9082,15.5349,18.2783,15.1485,12.8653,6.99862,17.4612,9.07117,11.3712,12.1343,16.1342,10.011,15.323,12.0357,5.64578,3.73316,10.7987,8.90103, 1987S*,-2.73628,-7.61783,-3.53058,-8.47549,-6.52065,-1.89895,-4.8819,-4.52601,-0.0708138,-6.68145,-0.475669,-0.800029,-5.06941,-6.64001,-11.326,-1.84981,-8.24065,-8.73321,-6.12759,-11.7389,-8.5088,-7.33406,-2.88576,-9.38589,-9.3797,-15.5245,-11.603,-10.145,-13.5794,-4.39135,-6.48375,-9.85109,1.66512,-2.1423,-9.72393,-4.35637,-3.49288,-2.97996,-6.81701,-7.97535,-0.975119,-6.85272,-2.82952,-7.80784,-5.87356,-6.6123,-6.01074,-4.33892,-6.28292,-6.86314,-8.21865,-2.95938,-5.52613,-6.09376,-6.26066,-3.27125,-4.64591,-0.725846,-2.91963,-8.07573,2.01714,-6.60496,-6.38909,-15.107,-10.0933,-7.86623,-11.226,-7.81845,-6.23774,-4.64435,-12.1358,2.04403,7.04824,17.8089,-1.00115,-2.51295,2.61407,10.9197,9.4627,5.23193,-8.42204,2.33373,-4.91659,1.9177,-11.3188,3.12497,2.23245,3.30894,-3.55176,-4.87932,-5.0603,-8.21686,-6.26818,-1.11093,-1.97647,-5.32402,-7.47267,-8.64135,-6.79965,-9.40876,1.095,-1.70013,-6.04632,1.93132,12.2371,2.56553,4.30518,5.89488,2.19093,1.89203,9.0275,-6.05546,-5.64975,-2.9627,0.677223,-10.8072,-4.30599,-3.88484,-1.68501,-2.77101,-5.48669,-7.74119,-4.486,-5.23374,-5.53891,-4.14718,-1.93257,-3.04611,4.34696,2.23124,3.87564,1.18241,0.15868,-4.13991,-2.87236
 1988L*,0.0465572,-1.20818,0.844633,1.97845,-0.199955,2.68761,5.72454,-2.41582,6.90122,5.64891,2.74496,3.19328,-8.07906,4.7772,-0.950515,1.50716,2.41825,-0.763461,11.547,0.298933,9.68009,10.8495,-1.74971,-2.80246,1.53588,2.41878,6.3736,8.28103,2.60048,1.94268,5.15991,10.6207,6.21537,3.65343,-5.88392,5.06195,1.31505,-2.08463,11.2425,-1.71664,12.0084,-3.26058,5.56465,10.4003,0.164763,13.0298,3.47266,8.72659,13.5107,8.44589,10.4158,2.77176,9.11656,14.2968,9.90992,10.3844,14.5096,8.12196,6.60374,4.53244,8.67621,4.94235,-2.04197,12.3327,-1.29123,2.22255,2.10944,2.81548,7.88389,-0.497327,9.69931,18.6977,7.18104,21.7484,17.0244,11.2232,5.64901,23.2795,17.0528,53.0478,6.50661,6.75213,14.9031,4.27986,0.87193,6.27087,3.24099,11.9415,9.37459,3.08639,10.5113,5.80726,6.59014,14.9947,7.0748,11.2974,16.3817,7.11837,10.8074,11.1475,0.339413,16.8573,12.2602,11.1115,32.6532,11.7491,8.02143,14.3016,7.87062,7.60555,31.7214,-0.16018,8.50003,2.78982,1.58163,-2.84196,12.6049,11.2225,0.850419,13.693,3.18392,7.03709,9.25368,6.09043,6.9995,9.19357,7.12886,6.8954,2.47973,8.00926,2.05428,-0.77384,4.42651,4.44722,5.99039, 1988S*,7.80725,7.09769,5.7956,4.46428,5.14432,5.9119,-0.292321,4.73621,6.15069,-0.234943,3.99478,1.31092,10.3698,8.951,-2.09718,5.85755,-4.74345,-3.31148,1.99545,-5.59013,-4.18313,-5.07049,5.24971,-0.0260125,-7.2634,-12.0938,-6.70762,-3.88708,-5.99705,-2.61951,-0.562674,-0.741974,3.17064,4.35505,-7.13544,-7.23665,-8.67401,-8.89375,-7.22409,-11.4378,-12.1368,-11.293,-9.69673,-7.2104,-10.2922,-7.96397,-7.41939,-6.70575,-9.16289,-16.1515,-8.63086,-9.65942,-7.76992,-5.85959,-5.82311,-2.66386,-4.75089,-7.08865,-1.73561,-7.67036,0.119016,-0.0276708,7.4167,-5.61208,-0.155425,-2.09706,-0.605088,-2.67593,-5.69402,-6.44888,-3.96517,5.87446,7.42119,15.0959,9.61501,5.57907,3.52032,11.9453,9.91109,52.9451,3.78247,5.70152,11.3037,2.03111,-0.18693,3.65515,3.86885,12.1473,-4.80874,-1.43238,-6.46281,-7.81677,-4.90143,-1.36551,-1.58678,-6.63641,-7.70577,-2.7994,-7.46238,-5.2966,1.09988,7.10623,2.75515,4.96709,10.5947,1.72055,5.11881,4.94182,3.09785,2.52781,9.79387,-5.29124,-5.49497,3.63047,5.7958,5.03153,0.896665,-2.57133,-4.48095,-0.225993,-0.219988,-2.32866,2.40915,-1.49378,2.92805,-2.28068,-0.517645,-0.439561,-1.33036,-1.04986,3.21642,7.53917,6.73334,-3.99279,0.681661
 1989L*,7.72868,9.58125,11.2315,12.5674,5.71103,6.45989,7.55509,17.1542,9.2241,5.7067,-2.78823,1.69587,10.3485,18.8732,4.94423,2.80127,-0.756894,2.14578,4.92221,-0.961283,-0.00295985,-0.549267,-5.4012,9.9094,-2.83936,-8.33415,-14.5117,-19.2171,-12.4404,-0.453597,5.66976,16.2108,5.41508,0.937496,-4.54168,6.06504,9.93225,14.7954,22.7966,20.0659,16.2171,16.0775,9.50116,10.1847,15.5942,16.4059,12.1171,10.3709,9.27796,7.94572,28.3524,19.7757,7.11545,13.0393,8.64755,8.41494,8.65604,-8.13698,0.820313,2.67598,6.12246,10.4163,3.68843,17.925,10.5556,7.38328,11.9737,7.61371,-11.8844,4.34373,4.27002,7.49769,10.0115,21.6309,12.9762,1.13532,2.61538,9.0404,11.2528,94.7741,1.10149,-2.4972,19.2199,2.61621,-2.58264,1.77604,-5.10923,9.24884,2.3057,-3.91632,8.79057,5.32018,1.69603,4.63357,0.167364,7.43568,8.34953,-9.39919,5.38835,-3.7088,-2.84559,11.6706,15.2895,6.12379,13.9759,11.5064,10.5706,13.3284,6.73233,8.87305,28.6191,3.86387,0.988248,0.326345,3.67408,1.5895,17.648,10.7829,10.836,18.3847,3.08532,0.647761,2.77074,1.98059,11.3276,12.4267,12.9753,17.8047,5.52425,11.3122,4.00776,1.64675,4.58345,15.355,14.3875, 1989S*,9.86726,12.6429,14.5289,9.45636,6.5932,11.5588,6.05415,19.506,9.7212,2.21138,4.81832,2.61312,18.9394,18.2705,2.62277,10.3479,5.23243,7.8549,1.47359,4.26838,6.58568,4.25522,4.04884,7.58286,3.10057,-3.47582,-3.21492,-0.499949,0.0276648,5.8145,11.7199,12.3027,10.0295,8.25795,5.42406,2.36413,7.8252,-6.22047,-0.351848,-4.39544,0.162244,-4.31851,2.3298,5.34928,-1.58607,0.174183,1.59607,-0.302633,-1.64406,-1.76085,-2.00717,-3.06554,1.08968,9.68671,6.61585,9.41652,10.6382,0.196877,11.7561,8.67408,2.61928,12.924,13.1323,6.25977,16.3064,12.7155,17.3146,12.7504,0.209009,-0.242791,4.18527,8.0036,5.6264,16.1742,8.45544,7.95568,6.67005,7.15468,11.5783,49.3188,7.91039,6.87559,9.81103,1.86661,5.58224,0.151101,6.11931,10.1891,2.44779,0.728134,9.78302,3.46734,0.604131,4.13582,5.71527,4.42979,0.0981127,0.11448,1.72732,3.81993,5.00602,3.79923,4.86531,13.9036,11.5828,7.50988,8.24405,10.7645,9.14466,6.65174,14.4577,5.21676,2.25914,13.1143,17.4704,9.46332,8.45363,10.614,10.7509,9.04064,12.648,10.8721,17.6694,8.41329,6.32354,5.56344,11.5322,8.49304,13.6132,19.4534,20.8278,10.3536,13.2586,17.5741,6.54574
 1990L*,-0.817571,6.43225,8.89568,9.94385,1.87748,-8.04121,11.3548,15.2416,-3.7335,-0.966472,-15.4388,-6.77771,8.91745,15.5592,19.3941,19.2451,14.9983,19.7884,17.6664,21.7461,25.1749,25.8088,6.78088,30.3474,17.3286,3.40089,-3.59522,0.491407,-4.8196,18.5105,24.6833,33.4281,23.192,10.2344,5.53832,6.30003,19.4503,12.507,14.0112,4.81882,13.2969,6.96117,7.48935,18.5938,7.41157,11.2198,7.81717,8.9257,9.87206,6.47236,12.366,3.6005,12.8789,6.82884,19.365,17.5082,15.3056,-11.5573,17.6619,15.7177,7.45089,9.48521,4.81528,20.8058,33.3054,35.1172,40.0198,25.8919,7.43335,2.68669,13.4428,1.27825,15.4896,24.7446,6.71999,-2.30878,-4.89033,2.48581,5.2677,52.4863,10.5989,-4.47688,11.2857,1.62693,-3.53167,2.61834,-9.33318,3.42818,16.5647,12.3594,18.3982,11.7637,12.1955,21.1377,21.4346,18.4865,18.3194,9.01799,12.2778,17.9562,14.593,26.7225,27.58,25.2537,22.1113,14.4915,16.9437,18.5109,20.2085,8.9754,26.4278,1.94328,11.5852,-10.9627,-1.09893,4.34819,21.3507,5.03499,8.28088,8.76799,6.51908,-1.48858,2.04295,1.68352,18.0893,21.0919,17.4623,23.497,4.8079,5.11441,-1.46134,-0.590776,-16.0686,-6.29811,-0.191887, 1990S*,1.11045,2.77869,7.10642,4.22155,-0.294665,-0.469649,2.43065,7.44782,-1.64364,-6.68275,-3.14262,-3.92109,2.93102,0.10841,9.39785,10.3448,0.620115,4.51023,2.55728,6.57424,2.37969,3.23063,7.94313,15.3632,-1.78626,-1.4371,-2.09762,-1.58028,0.33799,14.3355,17.0901,18.961,19.3582,9.77844,9.60961,2.45955,6.63481,-2.73772,3.60482,0.343592,-4.42201,-1.49955,0.04722,8.21353,-1.3918,1.53121,5.80559,2.42379,-1.15876,-8.50054,2.90281,-5.06481,3.6339,4.81386,3.18226,4.05225,3.00227,-2.06902,12.5377,14.4462,4.11413,6.30094,6.90269,-1.45582,10.7064,7.4346,10.0823,2.74982,-1.66339,5.9685,0.833171,-0.173354,4.78424,11.9612,0.577591,0.681273,-0.758221,0.68118,3.38494,15.1452,-4.09934,-1.7738,2.64823,0.931362,-7.38011,0.533068,-3.47741,2.08209,2.85632,2.70557,4.95466,3.31458,-1.50853,4.52805,6.29781,1.96116,-0.0094592,2.32288,0.806914,2.19499,7.86139,8.87849,5.44061,12.4768,2.76178,3.83972,8.53391,7.68306,8.25334,4.22142,6.16781,-2.962,1.51146,-5.27849,-1.77219,-1.43583,6.68555,3.02638,-6.59085,-1.50652,-0.690019,-4.88948,-1.7481,-3.65318,4.39929,2.60963,8.95016,9.01781,0.307166,2.2982,-1.84557,0.661434,-1.08646,2.00866,-4.24349
 1991L*,-11.9511,-20.4673,-1.80139,-10.1591,-13.272,-21.3762,-4.012,-7.97984,-10.1856,-8.11198,-23.048,-18.8936,-8.36222,1.47392,2.14774,9.63155,2.33033,-2.89744,4.64803,-0.456663,2.5296,6.29816,-0.862889,12.416,-2.81102,-8.81179,-10.0078,-9.66079,-9.535,-1.67665,9.18933,13.4334,-1.10869,-2.76018,-10.5729,-4.17354,3.89774,0.582256,7.39341,-4.19178,0.938422,-4.46613,-1.64883,-3.98009,-1.88282,2.42274,-1.34751,2.98741,3.04237,1.62345,7.01211,-3.67953,1.29199,-4.36337,-3.42457,-7.92994,-6.96631,-28.8653,-5.83551,-14.5117,-21.4729,-12.5218,-17.3213,17.1125,-3.45349,12.1419,-2.14388,17.7104,-0.10523,-9.17165,4.44138,-0.880504,6.32158,4.18993,0.798814,-9.09764,-11.5354,-6.44252,-11.621,26.7795,-2.25024,-16.4459,-1.13154,0.676256,-7.72602,-3.0521,-30.5151,-10.2031,-1.67717,-9.86106,-1.18535,-2.28279,1.80639,2.50869,-7.19478,-3.21331,2.5293,-14.7661,1.3219,-3.78968,-5.15186,3.33221,-1.31915,-2.27942,-3.26542,-3.91603,4.50826,-2.21503,-7.70858,1.85431,6.97099,-11.3757,-8.50943,-17.7036,-17.0228,-12.0957,-5.22852,-5.05193,-13.3646,-14.6304,-10.6053,-8.7021,-12.1624,-16.6152,-12.1991,-15.1206,1.31547,-8.61036,-5.13551,-4.60151,-13.7121,-5.09878,-26.9856,-16.8899,-16.4137, 1991S*,-6.53845,-12.6499,-3.66815,-8.43045,-7.88576,-4.76284,-13.9364,-4.26892,-2.17902,-11.0321,-2.74364,-12.4855,-4.63264,-6.61315,-6.50848,3.6935,-11.88,-9.32528,-4.13647,-11.3901,-6.20287,-11.0754,0.0898645,-2.38589,-11.8865,-18.7545,-18.1607,-15.8798,-16.8178,-3.16264,-0.852373,-1.28673,3.56513,-2.20503,-6.09514,-5.60944,-4.74058,-11.7575,-5.48556,-7.75029,-12.7355,-8.75427,-8.79229,-5.0336,-7.81404,-5.15463,-3.21209,-5.39584,-6.01026,-15.2554,-5.24786,-9.57136,-3.96267,-10.828,-8.90009,-4.86841,-7.71234,-11.2269,-1.02821,-6.71274,-8.02136,-5.25341,-6.36282,-6.04849,-4.98628,-4.90632,-11.5442,-5.75661,-11.9972,-9.62373,-8.65716,0.883081,3.97645,-8.59951,-2.56539,-2.33198,-0.330551,-0.901745,0.414601,-4.95256,-2.82033,-4.60916,-3.81221,0.681107,-6.2685,-2.89429,-6.4793,-1.87264,-4.17595,-5.14738,-7.49003,-8.85458,-7.40987,-0.562699,-2.23174,-4.9551,-7.81877,-7.53254,-7.07399,-9.46287,1.86617,-3.51001,-3.6779,3.12916,-2.86964,-0.546045,4.64296,2.86419,1.93043,-0.121902,2.96514,-8.10336,-6.08647,-8.7977,-6.844,-6.85514,-5.30086,-10.9554,-10.3445,-10.2806,-8.02513,-9.29438,-5.11448,-7.30597,-8.4639,-7.10555,-4.12171,-2.34868,-20.262,-15.7395,-15.8239,-11.5658,-8.84831,-12.203,-11.4063
 1992L*,-13.7596,-15.2259,-6.41966,-9.02478,-11.551,-20.4281,-10.7502,-8.01232,-15.3955,-13.0662,-20.7707,-21.2547,-10.1969,-6.60008,0.25635,2.70279,-7.12437,-8.11332,2.615,-8.54341,-2.68131,-9.66077,-5.90554,12.5792,-7.94108,-15.2719,-19.6354,-15.8592,-19.6039,-5.50287,5.7215,10.866,-4.71835,-7.12513,-17.7824,-0.605443,-4.88175,-6.73627,-5.58099,-3.27345,6.33698,-2.4016,-5.30971,-9.33394,-0.849762,-4.83234,-0.737819,1.3677,-4.70376,-3.42194,-2.96608,-6.89089,-2.76021,-12.5698,3.94848,-3.47483,-0.547602,-24.9669,-3.9496,-10.0046,-13.5846,-18.5363,-24.5734,11.3773,-1.82158,1.96757,-1.50692,0.0979542,-10.4543,-4.91087,-5.26777,-9.41824,2.23121,3.27296,-4.7575,-17.7534,-16.6193,-6.41458,-11.7823,7.42862,-10.4271,-22.832,-7.50068,0.261382,-12.1204,-2.95211,-26.4716,-9.22296,3.87542,-6.12998,-3.66226,-3.25601,-1.8681,4.03048,-4.47309,-1.57892,2.18122,-15.3744,-1.05548,-7.56488,-6.12162,3.36634,4.42905,-2.33138,-3.39824,-4.15994,0.821484,-1.42473,2.22948,-3.41366,3.72558,-11.9403,-8.72921,-12.9856,-9.55678,-3.78251,-7.51427,-4.30669,-16.2275,-14.0651,-7.03665,-12.755,-2.70265,-14.7558,-16.2376,-14.3616,6.0343,-7.51476,-4.05587,-7.77925,-2.92281,3.57137,-17.1638,-11.706,-13.7194, 1992S*,5.4852,5.43987,6.75179,4.42025,5.18029,3.90724,3.03978,5.20416,7.04205,-2.98204,1.42055,-2.40337,13.6847,9.62479,6.2514,22.7775,4.44938,7.15838,7.59331,12.525,3.44811,2.41547,16.2669,18.5475,0.224059,-6.7057,-3.94596,-1.46978,-2.3557,13.6096,24.8955,17.8378,22.8301,16.6021,9.89834,2.66374,1.11147,-3.20525,5.96385,-2.63437,-3.02079,-5.13541,-1.00066,1.91004,-2.61289,6.2587,3.12612,4.01945,4.91156,-4.92647,5.72714,-5.26316,3.4652,-2.61935,4.62673,6.9514,6.98485,-6.71787,13.4314,3.10743,-3.57461,1.98404,3.49739,4.79341,16.2687,14.7037,14.8932,13.099,0.764991,0.171281,5.63404,3.07857,4.64825,-4.81208,4.34013,-0.781765,0.925397,1.59564,2.38046,21.5034,-1.3637,-5.05403,4.36554,0.671559,2.2379,0.759129,-2.74667,2.82919,13.5615,9.20059,-0.485717,3.30539,2.08111,15.8192,14.0651,1.78841,4.92185,9.09127,4.15877,8.2796,14.9208,6.88649,6.31607,15.2842,2.09375,6.97073,14.7873,9.42583,11.8819,4.70679,7.67289,-2.24637,-1.04472,1.76722,5.61778,1.67608,-1.97859,-1.1361,-4.0459,-5.33894,3.98984,-1.4731,3.6647,1.99719,-1.32253,-0.700802,1.36672,1.63473,-1.02883,1.40901,1.64486,0.878446,6.04064,0.859548,-2.71185
 1993L*,-2.80422,-5.54422,-0.696013,-4.26377,-7.70329,-6.87007,-1.01057,-3.29826,-5.70411,-9.12336,-15.86,-8.84561,-2.70876,5.97864,3.00944,12.6855,0.945874,-6.63133,6.1922,-7.30583,0.338264,4.13169,0.336637,23.8039,-3.22878,-4.35228,-5.26747,-1.16022,-6.15712,10.2722,18.1562,27.588,4.23747,1.93652,-3.60959,14.1316,7.79295,24.4843,19.879,15.5268,25.6052,13.7232,10.156,9.20498,15.8493,16.9446,11.8207,14.6932,14.7832,23.3841,30.4919,24.1291,14.7797,-4.07753,9.35323,11.1834,8.66522,-18.7068,3.26451,-3.14418,-8.23328,-10.7959,-15.5989,7.46062,0.122171,2.65447,-2.20332,6.73075,0.450324,2.68612,0.607901,12.2333,6.93334,16.2506,11.0089,-5.51449,-10.2648,3.41286,-4.43271,59.943,-4.69027,-12.7058,1.83794,0.930246,-9.55728,0.0110784,-21.7133,-0.928207,11.183,6.40403,4.57463,7.80813,11.7314,8.21662,-0.999304,10.7786,9.17528,-0.959385,8.45077,4.31414,-1.08702,14.1785,16.9365,3.3329,11.7735,6.10832,9.52745,10.2671,3.53843,7.16639,17.9779,2.26932,8.12833,-1.67197,11.9106,6.33596,12.1084,8.60769,1.33481,14.1395,5.23702,0.128747,-1.19009,8.68337,15.4883,25.3546,9.38405,6.9972,8.11423,10.9387,5.78304,6.51053,11.9946,9.03593,9.96181, 1993S*,-6.36787,-11.2552,-9.10916,-9.73021,-7.94901,-5.94444,-15.489,-18.6376,-4.34062,-12.6719,-7.89476,-8.45203,-13.5526,-15.304,-3.74126,6.88159,-1.94762,1.69225,-1.40605,-1.47893,-1.19657,-4.00198,3.30982,2.94884,-3.91988,-10.4387,-8.18551,-9.2578,-8.34992,1.00772,7.14425,4.73232,8.78148,8.07762,-4.15363,0.674304,-4.5475,-4.92325,0.925738,-6.3864,1.1259,-6.81509,-6.01259,-4.08143,-0.667345,-0.518197,0.203898,0.776508,-1.50533,-1.59807,1.23408,-5.46495,0.160303,-5.8721,-5.51777,-2.185,-4.13873,-11.0424,2.48748,-7.33736,-5.06525,-14.0109,-8.63889,-3.64772,2.69749,0.538893,1.53189,-2.56169,-8.19151,-5.78038,-6.16432,-1.80196,3.29764,5.08408,-5.4693,-6.61848,-4.73704,0.390013,-3.77057,-7.85526,-10.8375,-8.43068,-7.50301,0.33029,-14.2118,0.278795,-6.99507,1.53226,-1.523,0.51079,-5.80768,-3.17698,-0.936987,2.94467,-1.04261,-3.2575,-2.17857,-0.563427,-3.6245,-1.61407,3.89917,-0.798943,-0.415864,6.22882,-4.30004,0.498412,6.36137,3.29987,2.62976,-0.030875,1.93093,-12.4525,-7.69415,-10.3208,-7.5207,-7.05804,-3.70955,-3.15819,-8.05433,-11.1418,-10.8864,-14.8997,-11.1242,-13.2911,-6.45206,-5.37935,-1.83173,-0.923521,-9.56175,-5.96419,-4.7305,-1.12577,-9.96473,-11.048,-15.0166
 1994L*,-1.48083,-7.47987,-1.86986,3.57749,-0.887444,-11.5456,-0.589719,-2.82443,-1.11118,-2.56091,-6.89258,-1.85527,-4.58855,6.70687,-8.81032,-0.61952,-0.393711,-2.93544,0.0122897,-10.0107,0.597156,8.30487,-9.27259,9.67464,-0.84991,-9.53933,-11.3017,-17.522,-11.4751,3.6693,8.29333,11.2755,-2.51357,-5.84993,-2.61609,4.88692,-0.0699142,4.92019,6.40579,-1.98689,19.3462,3.95452,5.78703,-5.23536,7.23696,3.2949,-0.205803,7.48528,5.63729,13.2598,4.26744,9.01564,1.14294,-14.9672,-3.15851,-1.48523,-3.98672,-10.0703,-0.778473,-0.872445,-0.134687,2.34433,2.46203,5.5866,5.4363,-1.23513,-1.08401,-1.1954,-15.1471,-13.7871,-5.11322,14.8155,8.42703,14.2566,6.51244,7.19891,-6.10263,5.8263,-0.964889,31.4639,7.90296,-13.5954,2.75665,0.44721,-5.1547,3.13965,-14.1994,4.66618,2.52996,-5.91165,-5.59619,-2.18371,0.978549,2.74839,-5.03647,1.83623,4.4409,-15.0497,2.14484,-2.65886,-6.50905,-0.357958,2.36336,-2.08235,2.68318,-1.37746,0.752662,0.489735,-3.19373,0.489603,3.33123,-0.959133,2.28387,-3.6581,1.46866,-2.07236,-2.27054,-5.72264,-1.98915,0.768384,2.03575,1.54166,1.88479,4.9821,1.85571,-4.37543,0.745138,1.5647,-4.3879,0.763959,-7.26217,-2.22289,-9.1572,-8.15779,-4.1914, 1994S*,16.3318,9.10029,11.4827,8.94905,7.59262,10.9207,13.4119,15.5678,5.83154,1.27297,-0.0941347,4.6379,14.9737,24.2145,6.04228,17.3716,1.34264,4.76347,5.83672,3.77682,4.36324,2.62413,11.0388,16.9745,0.443061,-0.108117,-4.26419,-5.35529,0.0343762,18.3497,20.9388,11.8106,16.0868,15.9118,14.7528,5.47418,8.04326,-3.47674,0.657872,-0.824045,2.37745,-1.43279,2.9685,6.43368,0.407387,1.72833,0.876578,-0.216795,1.43678,5.78868,-0.0507941,3.00146,6.33883,6.14119,5.46411,10.9265,10.3032,10.0333,20.1359,19.9854,15.759,15.2389,20.0762,6.8174,9.99551,0.885575,3.07112,0.73896,-4.43526,-8.81257,-3.46589,22.2957,9.35096,74.2731,12.1556,16.4584,11.6724,18.3162,14.8236,72.7817,7.90339,18.3643,14.0827,1.82068,5.64709,4.20101,6.7292,19.6745,7.04043,3.38434,2.79375,1.7827,1.55854,12.0022,12.3714,5.74764,1.72232,1.72222,1.29766,4.03102,14.7559,6.92849,9.93853,22.2866,6.499,18.8417,21.2223,17.2314,15.1056,7.76946,14.8763,6.26926,9.31517,2.24317,4.09568,-0.167966,5.62626,-0.896654,3.24602,1.60601,13.0961,6.07496,9.87828,5.53476,12.0722,12.8663,10.2747,7.46047,5.09774,4.99799,6.31443,9.35191,1.86339,7.82119,3.83706
 1995L*,-16.7389,-6.69328,-0.59169,-5.21609,-15.7558,-25.7933,-3.59114,5.96746,-15.317,-9.62082,-14.4279,-12.4516,6.66522,6.53119,10.9783,11.9069,-0.148711,13.1037,9.6263,16.0303,13.1282,12.224,5.67077,11.7255,7.30901,-2.76807,-2.356,-5.5653,-3.27617,2.06817,16.8778,19.8992,1.16093,3.3874,-13.8425,3.98177,3.65835,-0.654958,10.469,1.72528,6.78445,-3.92716,4.18189,-0.0375145,-1.61856,5.85958,0.482633,10.1677,8.80492,4.59011,7.71808,-1.70838,2.81742,-4.38631,9.72541,8.99585,7.43827,-11.9108,4.76997,0.738833,-4.92403,-2.73309,-11.3185,14.5078,8.58541,10.3001,13.2504,7.69378,-2.66412,6.45962,1.81005,-4.04545,1.7504,-2.06435,-0.571339,-15.3109,-14.501,-5.71291,-11.3904,4.44261,-6.05494,-21.0089,2.60856,0.142287,-14.2494,-2.22306,-25.2069,-12.3654,11.3861,3.90712,7.02269,15.5991,10.1826,10.4782,3.1106,8.6325,10.3371,-6.40252,10.0518,4.73292,-1.58262,17.3785,17.7288,5.12079,-1.1565,4.73811,8.74815,9.67152,10.0491,1.93661,3.66214,-3.16281,2.85862,-3.0962,-1.70616,-0.413894,8.29552,7.78886,7.32272,8.33808,-4.11297,-7.60085,-4.18542,0.291478,2.48018,7.16098,4.74517,9.15563,10.3946,11.97,7.45359,6.49002,-1.94825,11.1734,2.71172, 1995S*,-0.308803,4.03171,4.26941,-0.996667,-4.89498,-0.669423,2.24608,9.37716,-2.88098,-5.45084,-3.74171,-5.95133,4.04386,-0.910819,-2.89383,2.49215,-3.51345,-0.332274,-3.75491,-4.35182,-2.48585,0.341178,-0.395363,0.684857,-3.04525,-11.643,-9.09187,-6.4064,-8.33764,-2.41737,-0.792942,-3.9795,2.0538,-1.18732,-1.99425,-1.58567,-4.07173,-3.8561,2.66373,-5.86993,-8.45655,-6.16203,-5.26966,-0.0663925,-6.33508,1.79607,0.213302,1.1093,0.379955,-8.15835,-0.436715,-5.59504,-1.3102,-6.62449,-2.56446,-0.807785,-2.15173,-7.49406,-0.878137,-1.65405,-6.76446,2.2352,0.985787,-0.754047,-0.575385,-0.148223,-3.78837,-3.29353,-8.0194,-3.72761,-3.74291,-0.853114,1.7748,-8.2189,-1.01952,-4.29509,-2.4495,-0.7936,-1.77222,-5.7074,-5.6331,-4.83467,-0.101372,0.166359,-2.03535,-0.131103,-5.79512,-6.24083,0.337237,-1.29552,0.0661149,1.48576,-2.18846,2.81544,1.24724,1.1621,-0.644971,-4.46483,0.430251,-3.22099,2.9482,2.02017,-1.57558,2.72999,-1.10378,-1.39223,4.38236,3.83535,3.18753,1.88165,3.55222,-7.42818,-7.5601,-6.75303,0.215881,-5.38136,-4.20033,-5.74312,-6.5993,-6.49314,-7.23933,-7.16004,-8.65686,-5.59411,-7.86831,-4.73905,-5.93616,-0.866159,3.06411,4.27925,1.36244,-1.29459,-2.15869,-0.228695,-4.35761
 1996L*,-8.3958,-8.18274,-1.32198,-3.15273,-6.31143,-11.2969,4.32254,2.4879,-3.98875,-1.62287,-9.35003,-2.18651,-3.05136,-1.04266,-1.43098,0.85964,-5.83408,-3.07912,-0.820631,-9.36806,-5.04446,-6.90195,-7.8393,4.78192,-8.45966,-9.24991,-11.6158,-10.7999,-12.1927,-3.52131,0.114397,1.3344,-4.5728,-5.87071,1.61869,6.9501,17.2199,-2.56737,8.98398,1.95832,13.4552,2.99981,9.26803,13.7127,4.10982,8.92468,1.54026,4.49775,7.10154,8.95642,9.07624,-2.9861,10.678,-0.384457,4.09607,-0.813085,-3.89296,-0.310949,-5.48762,0.635734,2.62781,3.94602,-0.434781,13.6735,2.99964,2.76512,-1.78972,4.94572,-9.15815,1.6648,2.44606,0.515247,5.47555,0.320522,5.7005,-1.0321,-3.60221,-3.31908,-2.03523,13.1136,6.70534,-10.7004,4.15332,0.23883,7.06307,-0.274058,-12.2574,-5.85307,3.19765,-7.48045,6.55914,2.96499,-2.15081,3.62323,-3.4152,10.474,5.70295,-16.3646,1.00838,-8.36606,-5.32103,0.131291,-3.74996,-3.57157,2.49973,7.20107,3.8114,1.30117,-3.06554,3.24219,2.22423,1.57261,3.14045,-3.39995,-3.55427,-3.38049,8.6831,5.0072,2.16184,14.5064,1.7598,0.747483,9.28529,0.877124,9.86443,6.91766,-0.526226,1.27538,3.62482,8.94723,4.64662,5.60869,-7.73,-2.14778,0.144934, 1996S*,-3.40075,-3.9034,5.04868,-3.468,-6.62032,-4.04528,-4.0947,5.66611,-1.93681,-5.22782,-1.76382,-6.26544,6.81107,3.90838,-4.68921,1.64939,-5.87382,-4.98248,-3.05081,-7.47692,-3.91275,-8.71599,-0.353036,-0.692663,-7.99942,-17.2181,-13.0894,-11.2531,-12.2876,-4.62126,-0.541119,-2.77896,3.89942,0.33213,-7.1491,-5.88379,-4.85346,-9.68372,-5.43036,-9.45001,-8.14782,-9.90936,-6.55453,-5.18407,-9.28505,-5.59349,-5.91982,-3.63202,-5.08674,-10.295,-7.03593,-7.27275,-3.99912,-10.8072,-5.08067,-1.68934,-3.63785,-6.03996,-0.0505967,-5.12078,-3.48588,7.03636,0.383005,-8.71946,-5.7627,-5.04164,-10.2722,-6.23333,-8.86289,-9.27086,-9.33512,1.70017,6.23066,5.46594,0.79591,-5.2569,0.665057,1.97991,4.52479,8.04391,-6.22435,-3.74205,-1.26879,0.677001,-9.50318,-0.868917,-3.87588,-2.26551,-1.75854,-3.16599,-6.59007,-3.169,-3.33864,0.211687,-0.47231,-4.77966,-5.21318,-6.24605,-4.45963,-6.28311,1.71396,-8.56793,-5.88373,3.48205,0.327068,0.596348,4.29958,5.15453,2.4145,0.709208,4.25654,-8.907,-5.82362,-7.55092,-7.99273,-10.7264,-6.71484,-8.05362,-6.22188,-4.42305,-6.48217,-9.71301,-11.9797,-7.49006,-7.75883,-4.36006,-12.3187,-6.1037,0.386932,-4.36094,-1.82461,2.04943,-6.88427,-8.12204,-2.7252
 1997L*,9.81274,13.6111,10.0995,14.3298,12.8005,16.672,8.83197,17.7613,18.795,14.028,10.3016,15.1827,14.5179,24.14,20.9808,26.3967,10.7553,6.43659,24.3824,8.33573,3.16524,9.40604,22.2568,21.9777,-1.2866,-0.486343,-2.19891,-1.86033,0.146157,27.1046,16.4333,25.671,11.3824,17.5782,13.9046,19.3035,14.302,16.9028,33.7467,20.6302,22.1339,26.1153,17.6938,15.2569,16.9223,22.7257,12.0656,27.1041,30.2272,21.191,24.349,14.0658,18.0302,5.3626,17.4953,13.6686,12.409,12.2677,18.4908,17.3914,25.5853,10.2046,15.4218,16.8965,13.7666,8.9789,3.80158,8.21123,1.18875,-0.602681,10.3541,13.8179,15.439,34.3219,16.8778,12.0512,14.0906,10.016,25.3591,23.0179,15.1991,0.807009,14.692,3.01593,8.96825,6.61397,7.67606,6.28752,23.1107,22.9609,12.3136,27.8344,19.2157,23.2492,24.6984,20.0793,29.0993,22.3517,29.176,20.9507,17.3739,15.4465,13.5867,14.793,27.3865,23.8221,20.143,10.9316,15.6143,11.5078,21.8048,0.675827,12.9964,-7.93098,-6.56359,-7.31341,5.99927,1.8115,1.98939,12.5301,2.68516,2.16777,0.10692,-1.24583,7.14627,12.6202,2.27494,10.7482,0.487353,0.464155,-3.86476,-2.04312,-5.07845,-8.28278,-1.55161, 1997S*,20.2136,24.9704,13.8251,13.5166,11.4604,26.444,18.4061,17.902,21.8916,12.9903,22.5965,19.3338,15.4514,15.3806,36.532,58.2202,25.1419,36.6123,29.4057,37.5434,29.6499,25.1575,51.9615,31.7752,22.3881,13.0658,14.7392,17.1001,13.3499,35.3525,45.0892,29.3207,56.437,46.3925,44.6495,40.7844,31.3758,27.8272,31.2779,33.2437,29.2583,36.8253,32.7684,42.7395,40.4355,34.2142,37.9694,36.618,38.1564,39.2741,27.0622,35.8179,39.7547,26.1528,35.9213,47.5368,42.4251,30.5442,42.3967,35.1651,31.2454,25.0454,35.6001,25.8526,29.599,37.3912,26.1464,32.9004,12.669,4.06857,30.0521,42.0422,19.5706,25.854,41.8878,27.2902,24.7215,35.2711,29.1677,100.095,24.4196,35.8534,33.3378,2.85919,26.6056,9.13886,35.2475,30.458,54.4227,48.236,27.3229,40.6353,34.2498,63.6346,55.687,42.6103,43.6458,45.1147,43.9431,38.6524,66.8951,31.8494,29.0195,48.1117,35.1167,32.313,44.8056,50.9325,49.3238,30.9999,42.8417,23.8236,33.5894,23.0589,32.5647,18.7955,36.6037,18.4664,43.894,41.3939,34.0737,27.252,22.9533,38.1287,29.7955,35.5759,20.0045,43.8494,17.2758,30.7434,30.821,17.6871,35.9992,33.4292,37.2237
 1998L*,4.76961,12.8931,11.5396,13.0614,6.90841,4.9054,8.13612,13.1893,0.311259,6.69287,-5.69288,2.40679,9.74905,18.9754,44.1658,44.4654,37.2321,38.8727,51.9384,49.6947,51.3884,40.4511,45.445,46.2929,40.5253,19.2438,18.665,24.7947,15.8022,45.2385,50.3397,50.1605,37.5448,36.7862,45.3029,30.2824,25.609,25.4777,41.8563,35.1745,36.2122,39.0668,30.7465,45.9792,40.1258,44.1263,43.2952,54.8017,50.6244,38.2965,48.1047,36.972,41.8107,34.867,50.057,42.493,46.4562,26.2384,36.2302,41.5561,23.5129,18.6572,18.1369,43.4461,53.7328,49.7327,49.713,45.6207,20.1916,9.36689,31.9267,18.8036,18.1291,46.6955,28.0565,2.19893,2.97875,10.7004,23.5406,76.1279,5.10899,2.13217,24.7369,3.10634,11.8383,7.63611,5.30044,10.4391,50.8105,31.9943,40.2257,44.6556,46.1711,49.1123,40.8803,51.1235,52.3867,35.2205,51.0935,48.315,42.2389,32.9558,39.0139,45.609,38.9093,25.9938,38.9589,32.3256,33.6792,23.1789,41.3134,16.4225,36.4069,5.07454,6.77522,0.744127,38.4627,24.5153,18.9709,38.0442,14.2704,11.7514,6.555,17.6491,28.4207,45.5156,25.4532,37.8421,7.00824,8.20125,6.89551,5.07642,6.44329,23.6526,25.0336, 1998S*,1.81659,9.28756,4.96336,4.2151,2.48807,1.74872,4.69032,3.91167,1.84338,0.846154,2.11154,2.17862,4.32776,3.99577,-2.61714,6.60235,1.28928,7.48798,-0.118912,-0.624278,2.92582,1.65497,3.40239,8.31901,2.32705,-7.50668,-9.53562,-6.33442,-4.33855,-0.143237,7.09933,4.75204,8.57205,6.24414,0.875261,-0.0348618,-1.59596,-2.07044,-1.7201,-1.68045,-1.3187,-3.84195,-2.00631,-1.25305,-1.30455,-2.52886,-0.0585129,0.455796,-3.02703,-2.34923,-2.72929,-1.404,0.441227,-4.04285,-0.700213,2.57288,0.788062,1.45323,3.17046,2.88545,5.79621,2.60948,4.29195,-6.71466,6.45794,2.74464,0.477293,0.487499,-1.4379,-4.01709,-4.30302,5.27736,11.1028,26.8461,3.67208,-1.73752,8.52035,9.48873,12.1797,25.4405,-4.98085,2.40863,2.98839,1.68572,-4.7569,5.28421,0.71313,0.358183,0.935372,-0.714294,-2.1968,1.04277,1.39641,5.77292,6.2785,-1.23245,0.526864,-2.16723,2.52471,0.0484072,7.85458,12.9932,4.7074,11.6978,19.9369,4.74575,12.5305,11.1424,6.87345,3.30071,13.0389,-7.55344,-2.46002,-7.08167,-4.58755,-10.6082,0.995142,0.0123758,-7.85916,-7.35176,-3.96687,-7.78027,-9.35527,-7.81994,-3.4049,1.03145,1.19535,-0.751748,-0.753591,-0.970455,1.17551,1.60221,-4.64828,-5.34915,-6.98092
 1999L*,-13.4534,-6.52773,1.47379,1.84425,-7.30902,-5.04208,0.666211,5.60666,-5.14653,-2.31432,-8.57347,-3.17128,-2.22434,-6.11781,13.807,7.55516,8.69826,3.30348,6.56996,5.03301,2.73329,16.691,2.26535,10.028,12.5816,12.9591,12.896,17.5647,11.0593,5.41691,5.29593,7.29133,-1.03685,-1.5453,11.9997,10.7652,12.1542,21.3646,18.7261,14.372,11.0413,10.516,11.828,4.16912,9.99401,10.0042,11.4902,13.9598,7.60826,15.4035,18.2344,10.1507,12.6534,-6.26483,8.12246,8.13481,6.27,-1.40638,1.92799,1.64606,3.21838,-6.71396,-3.75242,7.81971,10.1749,11.9437,5.72144,10.0809,10.4087,6.73658,8.56016,6.77563,6.10944,15.262,1.0048,-1.94021,-2.46188,3.77138,0.666069,10.3572,0.174306,-5.71807,-8.05905,1.93106,-8.09737,4.27481,-6.09896,0.228967,7.30049,-0.101727,6.57075,1.79821,2.74361,7.19337,1.97029,6.2821,6.92189,-11.2829,4.16871,-0.995185,0.0203876,9.1905,3.71883,2.38406,15.111,4.99827,8.93975,8.21675,1.85554,5.02911,10.4449,-1.96532,2.88092,-9.33816,-15.1354,-11.3113,12.1465,11.6074,-1.74899,3.45201,-6.74208,1.49397,-6.87142,0.623581,7.32681,15.9805,2.61654,6.2041,-9.30986,-11.3206,-14.4896,-8.58123,-13.0386,1.8239,-4.37922, 1999S*,-6.32194,-6.61791,-6.62256,-5.55942,-6.357,-2.36886,-3.09335,-5.57824,-3.87116,-7.28193,-5.71374,-7.12143,-9.72263,-13.1543,10.8276,11.5657,10.4636,11.1008,8.16641,13.4609,12.1835,3.13634,10.3493,8.05879,7.56313,2.93938,4.22956,4.24083,4.17992,2.21108,8.71508,5.25147,7.56168,5.17931,-3.43005,2.33636,-1.57724,-2.3699,0.155382,-1.13767,-3.60408,-2.67989,-0.910641,-2.01487,-1.73285,5.21561,5.9764,2.39836,2.73199,-5.27183,1.66051,-4.88655,0.360816,0.273518,5.13788,3.37528,3.81565,-2.90309,3.78217,-0.086806,-0.119153,0.869398,0.633136,1.67261,3.68479,12.5189,6.99436,9.05861,3.19049,0.804584,3.98652,2.46879,7.45068,9.75812,1.58801,-1.23341,-0.349548,7.05756,3.31472,12.3358,-6.49603,0.598746,-0.511299,1.46651,-8.64714,2.28721,-1.54577,-0.378977,7.98545,7.02673,0.817872,-0.000119463,4.07021,8.28431,3.80339,4.26492,0.690385,8.68652,1.04184,6.21645,6.39402,5.25391,5.65094,6.33892,6.87001,2.37422,7.38965,6.9658,6.72768,2.88322,11.2178,-5.78129,-3.28837,-7.98721,-6.50014,-7.48958,-0.496787,-1.02171,-3.17916,-6.26174,-6.51739,-9.85033,-9.67548,-7.58659,-4.57123,-3.53096,-1.66916,-0.441973,-11.3611,-11.1753,-7.15768,-1.55243,-6.9279,-8.19758,-6.73973
 2000L*,-34.0286,-45.4548,-27.9511,-27.1098,-28.1396,-35.6994,-21.4946,-51.4427,-23.9577,-21.9586,-34.0938,-23.6992,-42.4003,-43.948,-1.21031,0.999049,7.16333,9.15023,1.03024,-0.134201,3.19742,-1.3582,-6.55803,2.56228,4.72343,-3.73897,1.25041,3.05206,0.45522,-8.45699,-1.22776,0.633574,-4.55112,-6.62396,-22.9577,-1.17779,-0.90635,8.21894,2.96188,8.07604,11.498,4.86831,4.50655,-0.859576,7.23119,3.84865,10.8334,7.13545,-1.19926,12.0092,9.96164,0.879944,0.102339,-14.4613,-10.184,-11.7131,-14.5267,-25.4243,-6.43477,-23.6479,-22.2355,-29.8046,-33.2742,17.3647,-5.29003,4.98739,-4.30947,9.93443,-0.468453,-7.08171,8.65636,-11.0292,2.95712,1.04582,-5.98746,-29.8289,-21.248,-6.73137,-12.9829,-5.88108,-17.813,-29.4128,-15.4395,0.472573,-25.402,0.415859,-26.8566,-14.8248,-3.33193,-5.53411,0.0614295,-1.59797,3.23003,-0.738908,-4.99012,-1.70163,-2.59953,-10.1913,-2.20686,-4.27465,-5.45295,-2.69145,-1.39024,-3.55401,-5.38846,-10.0822,1.95027,-2.48158,-4.32959,-5.98447,-0.917861,-11.4534,-11.6333,-19.9966,-15.0399,-18.6792,-11.6631,-15.2936,-10.3819,-10.951,-15.8454,-15.6783,-19.3393,-18.1394,-15.3101,-10.5623,-9.38095,-4.99502,-11.7263,-11.2585,-12.5998,-6.55198,-13.977,-7.72547,-8.98344, 2000S*,-7.93878,-4.28988,-5.9966,-6.35692,-5.73888,-4.92181,-6.56884,-1.77782,-3.21369,-6.02108,-4.35735,-6.75069,-4.80437,-7.15858,-8.41067,-2.49836,3.18211,-4.12263,-5.90219,-11.2205,-6.85445,-0.883445,-2.15552,-7.00935,-1.48684,4.73601,5.1457,6.90444,2.53588,-5.4575,-5.50724,-8.94351,-1.45155,-4.18045,-2.95362,-2.61677,2.28424,1.85686,2.16016,-4.0384,-2.11927,-6.60485,-1.18866,-2.21769,-2.67253,2.32722,1.20849,0.598186,-2.62707,-1.66501,1.90671,1.82334,1.00953,-15.7313,-7.71921,-6.95322,-9.86131,-1.67619,-2.96692,-7.2513,3.35606,-7.05838,-0.904231,7.66445,-11.5148,-4.37532,-12.5755,0.424614,5.06357,-5.93763,3.10633,6.61405,5.17238,1.42134,0.372963,2.6674,-1.75722,5.71485,0.165713,0.497633,-7.27948,2.46835,-1.8423,0.490092,-7.33696,2.57953,-5.59227,-2.03862,-1.63516,-9.89462,-7.11466,-5.79964,-4.37923,-3.16203,-5.39623,-1.29779,-4.98919,-11.9645,-3.89073,-6.14582,-2.18257,-5.56434,-8.64872,-0.48155,-1.20621,2.58587,3.63099,1.62936,-1.79079,-0.316251,3.2719,-5.01827,-6.70902,-1.50117,5.24192,1.23069,-6.06368,-10.3163,-12.0438,-2.91065,-3.11026,-6.06331,0.81816,-6.37763,-4.5671,-6.21089,-9.98045,-9.55267,0.697348,6.13448,5.47893,1.71084,1.28513,-3.45069,-7.40473
 2001L,-1.79967,-1.19302,-3.44873,-5.0746,-4.23431,1.77424,9.83817,-0.51637,-4.3029,-8.68008,-0.660315,1.74337,1.84565,-1.73767,-3.36837,0.00119103,-1.00654,-1.76195,-8.42427,-13.8888,-8.77676,-4.52437,2.55035,-3.64867,-1.21353,10.8656,6.48286,2.77665,9.6733,-10.1455,-4.91466,-7.68232,-3.9557,-6.15914,-10.4635,-12.3471,-10.105,-19.2971,-13.3653,-20.0107,-16.1325,-22.3438,-11.9752,-8.30329,-18.368,-16.8511,-14.8702,-4.97532,-11.042,-8.39898,-13.1744,-21.7743,-10.4259,-1.23581,6.06637,7.34854,5.02213,-7.33387,-11.5037,-8.22734,-2.40602,-3.17393,-0.802883,2.92942,-8.6299,1.20852,-12.6559,-1.78878,-0.203132,3.99317,-5.0061,-6.06627,-17.1148,-8.28981,-12.7525,-10.519,-4.13632,-11.5547,-6.72876,-14.114,-7.04468,-9.43419,-11.1793,-11.4204,-9.67352,-15.8906,-2.43514,-1.22149,1.04718,-9.09928,0.473023,-7.75625,-12.7075,6.4987,-2.1951,-1.13373,-4.53108,-11.2014,-6.818,-7.15018,-6.76292,-4.52903,-0.496525,5.21149,-4.47721,3.53604,9.83625,5.45748,10.6411,-10.0245,-6.82788,-6.07077,5.04454,-7.13746,-3.5271,-9.82164,0.0479835,2.20932,0.998035,0.361664,-7.55726,-6.97433,-4.78822,-6.10043,4.06807,14.7594,-3.97478,-4.0431,1.99814,-1.91183,-0.241231,0.2306,-2.99974,-6.61837,-3.23436, 2001S,-3.99733,-4.48562,1.41008,1.41295,2.03081,0.606479,2.45123,-1.50026,0.0822228,1.71135,-1.78975,2.07855,1.06407,1.44797,11.1353,-1.60979,0.796665,0.71267,0.653958,8.50192,-0.047227,-3.08954,3.32995,4.74004,-2.08672,-2.49294,-2.62628,-0.86914,-1.54342,-7.07293,1.12622,-1.36101,-1.96064,0.79343,-9.30243,-7.68934,-6.48386,-14.9119,-7.94885,-9.67797,-11.561,-10.7872,-8.01697,-6.19741,-12.1267,-7.62558,-3.65142,-9.46819,-6.17845,-11.3723,-10.029,-13.1892,-7.92948,-9.70463,-8.0226,-4.22323,-7.0658,-7.02628,-9.80128,-5.58306,-7.59304,-7.71497,-3.9648,0.8242,7.12178,5.07829,7.05709,1.17021,-4.17036,-2.79411,-5.83862,-5.2473,-15.4363,-11.087,-7.39424,-1.79227,-3.51832,-12.2464,-9.10932,-15.2218,3.06772,-5.96108,-10.6705,-13.8066,1.87581,-14.8013,-5.84859,-10.1817,-7.59739,-2.08705,-9.08055,-8.41731,-9.42808,-5.50083,-4.73611,-8.95029,-5.59299,-3.04471,-8.11344,-4.70728,-3.76542,-4.82455,-3.78606,2.45233,-10.9623,-7.9425,-2.49034,-5.54256,-0.214695,-8.13552,-8.43391,-8.33054,-5.26575,-7.77677,-11.9242,-15.8938,-9.87334,-9.50735,-4.40118,-8.63025,-9.86537,-4.89431,-5.60557,-10.2788,-3.41266,-5.23801,-8.21868,-7.76744,-8.48545,-12.8788,-9.76512,-3.83642,-13.5118,-13.3796,-9.45295
 2002L,-16.4041,-17.0954,-5.56724,-8.67732,-13.7707,-16.071,-0.767773,-13.1097,-13.2777,-8.59378,-6.52389,-2.76477,-3.28239,-2.38184,24.7691,13.7707,12.289,11.2745,21.0627,22.295,11.5568,14.3898,27.5817,11.9126,13.5518,8.99069,5.13051,6.72223,9.43996,11.7034,17.2981,19.7014,23.7998,29.3066,9.6202,4.49964,0.512001,-1.60192,0.328881,-1.89724,0.947653,-4.21506,1.85777,7.85444,-2.0073,2.37168,4.74422,3.44942,5.43188,7.22895,1.43546,-1.92285,3.18725,2.50432,7.82879,13.8456,10.826,0.809982,9.57299,5.95506,9.87121,0.794288,0.236764,-3.30531,21.4717,14.3339,14.8945,7.29057,-2.68154,-0.534177,-4.16575,2.56483,2.67668,4.84165,-0.319257,1.38809,-5.88469,-2.50836,0.159045,-9.37212,0.813318,-3.36924,-0.396586,0.426791,1.9357,5.84376,-9.67614,-7.24315,10.7424,18.9329,5.23882,12.6813,9.91858,6.26096,6.05906,9.00181,11.5482,24.064,13.2452,17.7986,15.4245,8.0794,9.17359,12.3607,-1.89572,7.77177,2.14538,4.2179,13.0636,0.970293,0.516351,-4.5011,-2.29965,-2.00078,-0.516775,4.36521,-0.70335,-6.2523,-5.06925,-4.47636,-9.11075,-3.7666,-5.79599,2.8052,0.417107,4.25838,-6.1719,-5.16569,1.78378,-3.886,-1.80006,5.07837,2.04253,1.71132,3.19696, 2002S,-6.22002,-5.04377,-5.79546,-4.1206,-6.90211,-6.31366,-3.4739,-7.44883,-7.72809,-7.27771,-9.42509,-9.10964,-6.38656,-6.61303,6.37696,14.2492,5.42227,8.73175,3.33781,4.57686,0.338798,7.64138,10.7131,7.40526,6.87612,9.03657,7.71093,9.71433,6.67215,10.5573,8.97778,6.11168,8.30146,6.06636,8.93437,-1.01443,-1.33496,3.41002,-1.44927,-2.53941,2.80316,0.335623,2.33435,-0.353315,1.5712,0.823736,-3.31789,-0.462893,2.10836,4.64655,0.950822,-0.508346,-3.18538,4.29301,5.92277,8.96254,8.20305,0.426965,6.61381,4.23052,2.64173,-3.40137,-6.84498,13.1766,5.16328,12.0302,9.29915,15.3535,10.2397,9.93087,14.1352,3.70476,5.16492,0.289981,5.73938,0.611299,-4.92497,-3.96223,-3.28648,4.86974,6.10088,-5.37581,7.21844,-0.878978,8.75953,1.45193,-8.80373,-5.17816,2.43542,-2.16665,7.21189,0.520163,4.96222,-0.74572,-0.754626,2.98942,0.288682,1.96266,-3.63139,6.21971,-2.13309,2.03478,4.30759,3.01994,1.90213,3.84666,3.07938,4.21089,4.87151,3.01329,-0.0687533,11.4762,7.82388,6.3478,6.96712,6.47778,6.31391,6.44392,7.26674,8.15889,8.84607,8.98218,9.36055,8.11241,7.155,11.732,8.8819,7.20273,8.73031,9.97161,4.87739,4.5043,9.67824,9.8856,11.5848
 2003L,3.41072,1.4726,2.67523,3.32054,3.16708,2.93364,6.32442,4.45866,1.37217,5.92732,4.34764,5.37723,7.16058,9.59674,10.4625,28.7983,4.00319,15.4703,6.00395,7.52055,14.216,5.93242,18.6082,19.2255,7.19721,2.08104,-3.25769,1.84973,0.973504,25.1256,17.0742,13.3088,19.2712,12.4685,25.7678,12.1021,9.1345,7.10133,-3.64303,5.54768,19.5156,10.9775,12.54,4.47177,12.3572,-1.20536,2.17468,12.0717,8.74574,17.1791,-1.24932,15.8018,10.4293,9.05613,8.46503,15.7621,12.1294,6.54573,23.6124,15.6474,7.58279,9.51842,6.41732,7.50893,11.3571,11.433,18.9862,11.5384,3.03493,5.30594,8.50631,6.09112,20.6191,15.9789,8.92009,4.88722,-1.66576,4.32739,-1.37931,13.4727,0.0315146,3.24796,20.5414,3.64057,-1.87245,21.3414,-2.34927,0.149281,11.4422,12.8221,8.74299,12.1082,7.74642,13.9291,21.261,8.94578,2.80372,15.7547,10.4236,19.2801,20.4994,12.9501,16.8733,20.0858,14.1001,12.9845,7.17502,16.3822,14.1234,20.2872,19.6282,22.5629,23.8234,15.0072,11.5511,5.54993,28.379,19.2537,24.3923,26.7384,15.6256,13.0284,11.796,21.4204,23.2823,25.0207,21.4759,26.4579,-1.19124,3.3146,4.41794,2.66973,14.1624,15.5432,21.3943, 2003S,-5.10971,-6.77816,-3.36818,-3.11544,-4.7976,-8.98141,4.34568,-5.55886,-5.2054,-4.85081,-1.36301,-3.30169,-2.7183,-3.80937,4.43696,8.00714,1.509,1.17765,3.66445,5.97566,3.94504,10.606,4.10671,10.5686,4.1425,-1.58611,-3.27877,-2.65178,-0.743032,5.63798,8.08716,8.29923,0.589444,3.11865,12.7251,-2.21115,2.41372,-9.10086,-2.68085,-6.14906,2.73631,-3.57986,-1.63885,-2.87638,-0.0792539,-7.18345,-6.99862,0.336628,-5.59237,-0.366943,-6.90503,-6.33668,-3.14209,-1.0575,-0.951873,-0.12056,-1.24611,-1.40192,1.24386,3.05126,-2.14679,5.76143,1.84892,-0.41042,9.30927,2.47876,2.54988,3.84451,-2.64569,1.00257,-0.819035,-5.1164,1.90685,3.1052,-4.55552,-7.54059,-5.1972,-5.14301,-4.03987,-5.37152,-9.84936,-6.43119,2.18513,-6.4448,-6.72281,5.0007,-9.06602,-7.77258,-3.78725,4.72879,0.217633,-0.760035,0.144417,-6.21619,-3.8175,-1.61536,-5.7428,2.20666,-3.76392,3.44141,0.356199,-1.25244,-1.69575,-0.957635,-4.23197,-1.31622,-2.92956,0.364932,-1.42169,1.02568,-0.609031,3.86806,5.1055,4.22249,0.627025,1.85431,8.79122,6.00655,5.79658,5.48851,-1.18046,-0.541165,1.08929,1.88577,5.06146,1.99932,5.32328,4.18576,-7.73253,-2.54629,0.431039,1.71862,1.79794,6.15552,5.48037
 2004L,5.86017,3.59544,5.67895,4.88515,5.54642,-3.37333,8.23116,0.801674,1.01989,0.477775,1.21618,3.20402,4.23696,2.8203,-7.3956,1.36877,2.00652,-7.23321,1.50637,2.75093,0.627302,-5.94873,-6.81996,4.29978,-5.84633,-1.25802,2.91502,7.46885,0.00229669,8.17291,5.78482,3.31932,-5.39191,-6.98038,10.3851,0.662949,4.48854,-5.03386,-5.08353,-0.34769,1.70583,-0.612532,0.389959,-2.12083,3.57683,-4.83558,0.580151,-9.20776,-7.77268,-3.98568,-4.82109,-1.71895,-9.40718,-7.1357,3.34199,0.0651155,-4.54624,2.57657,3.71747,5.39139,3.20747,0.38826,0.755087,0.391157,1.71369,-3.9655,-4.15499,5.54758,7.85364,1.71289,5.49786,-9.68896,3.12945,-1.34254,-7.58333,-10.5516,-2.35233,-5.6787,-1.80969,-7.21415,-10.1173,-12.5301,-8.92793,-2.78564,-7.90249,0.349307,-7.2307,-5.61564,-1.89111,7.86342,0.379738,-1.08615,1.40997,-6.91888,-5.01986,0.673734,-6.61362,3.83924,-7.25384,-1.69026,-2.38718,14.2487,12.6561,1.98302,-1.30249,2.62643,8.65194,-0.329822,1.55654,-2.24486,0.380552,2.14289,-3.91707,3.44732,5.88248,10.3429,2.37198,-2.43984,4.92456,7.64314,-2.3647,-8.13797,-5.58052,7.26294,1.10964,-7.50282,0.340819,5.23469,-1.28647,-1.38059,-1.50547,1.64852,0.0208806,0.91334,5.44852, 2004S,1.97344,6.8075,0.825051,-0.242016,-2.91016,-0.867643,3.43735,2.66306,-0.178987,-2.87435,1.24041,1.00565,2.83909,-2.89482,0.250171,6.61164,-5.67771,-8.07268,-1.69512,-3.64307,2.22931,4.14869,-3.85171,9.02986,0.165727,-0.572942,-0.371664,-1.55025,-1.45496,11.0749,7.33063,10.9746,-0.216022,1.02878,8.06971,10.8868,9.82305,11.4548,11.435,11.1041,18.7209,13.6846,9.31904,5.31753,18.025,12.3884,11.642,9.71908,10.7926,14.4023,7.71208,12.4202,9.29121,4.28834,6.7117,1.55554,3.01105,2.43925,12.4332,9.46277,2.94858,0.502749,0.902924,-2.48798,6.29522,-1.3909,-6.45807,0.984594,-2.17542,5.07849,2.55014,3.23378,13.7995,0.865914,0.541472,0.000888079,-2.33977,2.57483,-3.83515,7.30903,-3.36134,-0.957789,6.48719,-2.42957,-6.93665,6.03615,-3.27268,-3.86845,3.00744,6.16726,8.35214,9.17785,9.06511,-2.23401,-1.19893,5.40078,2.86895,5.2148,3.08679,7.22647,-1.54571,0.539674,3.09289,0.997996,0.345615,2.25865,-0.701393,4.71655,-0.852113,2.6247,3.46081,5.338,5.3303,3.43173,10.2262,9.84487,10.4089,6.58192,5.98314,13.8492,0.574885,-1.16187,-1.07333,10.6595,8.40628,5.67233,7.92142,10.9064,8.67335,7.20684,7.67998,9.13657,9.18201,8.41767,9.43532
 2005L,8.8069,10.3379,4.34898,3.05795,3.97768,4.05324,-0.214512,3.69003,3.12415,-3.31922,-0.111251,-1.13597,2.17232,4.11236,-8.31757,-3.32282,-8.62862,-15.6286,-10.0052,-14.0003,-5.43185,4.37535,-11.204,-5.36688,-2.96471,-0.150832,1.58784,-3.79669,-0.0291458,0.44727,5.90493,12.7287,3.28567,-1.91434,-2.26495,3.00614,7.13064,6.70324,6.70503,1.56068,7.47085,2.42076,0.310187,-2.35927,8.64414,3.83207,3.20225,-7.48979,-7.70125,3.58544,7.33652,5.09671,-2.10357,-9.95944,-10.7207,-5.84478,-9.23082,3.08884,3.74668,-0.778728,-5.88489,-2.25676,1.17823,-2.77505,-6.40089,-12.7428,-14.1864,-3.00315,-8.11158,3.64075,1.75475,12.5123,8.7427,-8.2817,9.59942,8.21319,2.96159,1.77582,-4.89895,9.28787,4.38493,1.41083,8.24894,-7.32714,0.332234,-0.580853,-4.88107,-8.37992,-11.6586,-7.39507,-3.33649,-6.72803,-6.99668,-13.2231,-4.55642,-9.41263,-15.8112,-11.9976,-13.8426,-4.18059,-6.31464,2.99926,1.58735,-4.46631,-8.87838,-5.23532,-7.41127,-2.56575,-5.53564,-3.18201,-3.18657,-1.05432,-1.91541,8.14026,9.61902,6.28197,1.30769,9.6055,2.08997,1.39881,4.90617,10.8394,10.0509,5.4902,8.82937,-5.31693,4.46909,-1.6087,8.92305,8.59261,8.7978,7.17312,6.5781,5.78509,4.20955, 2005S,-6.74151,-12.2615,-13.0611,-10.9507,-9.688,-8.59961,-11.0984,-14.9657,-7.86494,-9.06066,-10.0302,-12.0581,-9.59639,-8.80457,-14.4999,-13.8709,-13.1362,-14.9117,-11.528,-14.043,-13.9766,-14.9238,-14.5653,-16.1337,-15.0434,-8.63225,-8.66332,-13.1252,-8.14592,-13.6906,-13.9131,-12.0454,-8.91755,-11.7755,-14.4704,-13.3387,-10.4475,-13.4202,-11.642,-14.7415,-13.6205,-15.4075,-14.5556,-14.7788,-13.9695,-12.3324,-13.4969,-13.7435,-13.8206,-15.4586,-12.8109,-13.4116,-13.5304,-14.2746,-13.2589,-13.4007,-12.9229,-9.58142,-12.939,-12.4702,-13.3077,-11.1026,-9.88338,-11.4653,-14.4118,-15.131,-13.1983,-12.1334,-9.84272,-9.55004,-8.84253,-8.83342,-6.46968,-10.8302,-10.4126,-10.3557,-5.11283,-8.3681,-9.52842,-10.8797,-9.41882,-9.9352,-9.26936,-7.08911,-12.426,-7.00539,-7.99844,-10.0403,-12.5075,-13.1754,-12.7988,-14.344,-14.5178,-11.6899,-10.9988,-15.1291,-13.6741,-12.178,-14.1411,-14.7303,-9.43903,-12.5158,-11.4,-12.549,-11.8883,-13.5285,-12.2115,-10.5623,-11.8991,-12.4335,-12.2302,-7.48345,-12.2922,-5.01596,-3.33123,-3.81957,-12.1476,-15.5065,-9.76756,-7.82868,-7.87691,-8.93257,-10.1324,-9.05962,-13.8151,-12.7985,-13.233,-14.9068,3.31481,3.37191,-0.788192,-5.94829,-0.950338,-5.63469,-7.89728
 2006L,-5.27754,-4.11417,-4.87053,-0.862361,-3.59227,-8.725,-7.8996,-5.41112,-10.2611,-10.4755,-8.2193,-15.0554,-4.27151,-9.92507,-13.57,-8.49708,-9.60599,-17.9456,-5.93528,-15.0335,-14.3224,-12.7286,-10.5818,-8.78633,-12.4651,-3.65688,-5.87718,-5.2951,-3.95173,-2.28936,-4.35871,-0.117531,-1.89926,-6.32207,-13.2843,-8.65001,-3.74955,-1.57401,-2.38353,-6.98079,-4.34524,-4.0621,-4.32176,-2.3614,-6.71631,-4.24174,-10.0407,0.604283,-0.423056,-7.21828,-10.4196,-4.8219,-3.4507,13.2056,7.44442,-3.51552,10.2732,-2.13426,-6.17136,-7.6009,-1.08767,-8.49193,-4.24033,-7.13641,-12.9172,-12.6519,-13.8797,-3.17514,0.580029,0.148965,-6.39843,-4.89871,-0.612226,-3.59661,-7.80415,-8.52403,-7.97662,-9.17447,-6.68521,-2.54347,-7.90244,-12.9523,-5.60473,-2.79635,-6.5201,-5.8325,-9.78809,-12.0562,2.5075,-6.04486,7.54564,-0.0445771,-5.72837,-1.74188,-10.3686,-4.40757,3.51302,-4.87905,-3.34237,-6.47142,-7.60188,2.63551,1.41112,-4.78817,6.28243,3.34678,-2.44105,0.801083,-2.32955,-4.93717,-6.43091,4.98133,-1.7418,-1.17941,-1.26829,-5.88521,-0.715478,-5.53208,-2.97869,3.84669,-0.249944,4.06504,9.37744,1.13016,4.33522,-0.270395,-0.310799,-0.670125,-1.1889,2.26118,4.22336,1.93964,-1.06659,-0.77709,0.779732, 2006S,15.8374,12.7721,12.5925,12.3327,14.2426,13.6769,9.0058,14.2549,13.0881,12.1639,13.8907,9.98803,12.3405,11.3156,13.8431,20.7697,15.2006,14.1191,25.0732,13.0742,22.1262,16.3557,22.1918,12.6487,16.8864,17.5599,15.4041,14.8209,16.6912,18.5207,16.9501,15.7924,22.5107,25.0301,13.9473,25.0753,23.9218,18.7064,27.5812,23.511,13.9209,22.5942,25.8931,27.9114,18.7077,25.8049,23.5002,24.8974,26.1235,21.283,23.9348,23.5314,27.5229,26.1827,26.415,17.4309,25.2922,13.6202,18.7087,13.3842,16.0477,11.6801,11.4841,16.3633,11.0572,14.0742,10.8231,10.5752,11.5935,13.1853,14.7844,12.7625,6.36865,-2.73186,14.4008,17.027,9.90441,11.9615,6.56265,7.47238,17.2704,15.9864,8.67226,5.5057,17.7698,7.14586,12.0618,9.53074,28.6286,20.019,24.2867,23.1682,21.7204,31.7827,27.5997,25.4059,27.7426,23.4376,26.7645,19.4071,24.4607,17.279,21.0351,21.6573,15.4949,20.1375,18.4323,10.7235,19.4556,12.9231,9.1417,4.44256,5.82045,9.36934,10.6795,8.03822,17.3343,14.5961,14.9508,11.2533,11.7287,14.585,15.4624,8.75546,11.331,3.78156,21.3945,22.1749,9.17349,6.33729,12.7987,11.7748,5.10762,10.0649,8.61945
 2007L,13.9985,19.2954,12.5322,14.8243,17.7585,18.1206,13.5014,19.8577,15.5405,18.8239,17.3021,17.2667,14.9708,15.2222,3.63399,0.552558,7.74237,12.6685,15.7989,12.0476,15.5571,13.6338,1.68134,6.93696,11.8522,9.42591,9.45523,11.919,7.49773,12.3487,3.7189,4.04858,4.32644,7.36219,16.155,17.3065,13.7489,0.407352,20.075,20.9366,10.9043,18.4569,19.9992,21.6248,13.8363,20.2602,22.3154,10.5563,18.2673,15.79,25.854,9.56658,26.2007,15.1657,12.1669,5.38961,5.73682,18.4098,14.2537,20.0299,15.5635,13.0817,11.8338,22.4447,10.1508,4.02335,8.072,1.15094,13.9838,9.62713,14.4488,15.8747,9.99575,10.1208,25.7857,19.171,14.5674,23.4272,16.6626,18.4224,27.4942,21.2598,20.547,19.3702,34.9431,12.6955,27.1131,23.9772,16.9662,-2.19714,17.6773,2.42432,15.5221,16.5037,4.83102,22.0156,13.2959,10.9602,8.2016,7.56976,2.13655,10.1697,6.45822,11.0801,21.8967,14.3453,12.3626,4.80246,2.24583,18.6993,16.478,7.72065,10.7087,4.1786,-2.81805,6.50592,5.23562,12.8265,3.03149,-4.06523,15.1342,17.1189,17.8109,0.127912,2.6566,3.37735,8.27731,3.06367,-7.39116,-8.03584,-2.00465,-0.0328548,-2.13973,1.85256,0.585234, 2007S,5.56003,4.48108,2.27885,4.69594,6.19911,2.22047,4.79232,6.23148,1.33161,1.33985,2.6251,7.289,6.41971,8.26893,-0.384453,-3.45529,13.1692,7.79534,-2.65355,4.84555,4.50793,8.2834,-7.79013,1.25128,9.95407,8.50653,8.22661,9.97439,10.2029,1.297,-2.62613,0.600393,-0.517827,-6.95535,2.13161,0.222872,-0.453044,-2.11779,-0.111423,-4.73399,-0.428086,-7.06485,0.175669,0.622152,-5.57925,-0.871255,-1.91547,4.74808,3.41278,-1.02517,-3.24009,-1.73801,1.14261,2.6599,-2.31141,-1.34512,-2.09336,2.09898,4.43073,4.84811,1.38709,6.11038,6.8994,4.65752,0.951763,6.27668,2.26283,0.584444,8.34913,7.04795,3.97266,-1.483,-1.8092,7.28612,1.91702,1.19435,1.84176,5.13092,4.89487,2.4971,0.279764,2.62468,-0.99389,7.83359,2.09334,0.447017,5.32196,7.83965,-0.357132,2.70594,-2.8781,2.01565,3.89558,-0.273367,0.0731578,1.49063,1.89993,-2.7575,3.12966,0.788034,-4.69232,2.68053,3.03878,1.02022,2.40048,1.36012,3.03722,-5.39773,-0.776432,-1.57876,-0.951923,-7.51425,-4.6502,-7.78022,-9.63205,-4.63014,-6.17685,0.248014,-4.41866,-8.39669,-2.49811,-2.10645,-0.251116,-7.1685,-7.48899,-5.08201,-3.38686,-6.87853,-8.39738,-9.11846,-8.83176,-6.34538,-6.67328,-6.12192,-9.12319
 2008L,2.26738,1.55419,-1.20352,-1.85948,-1.7121,0.548942,-11.8038,1.15061,-2.28478,-1.9846,-9.31414,-8.04953,0.834156,-0.234986,10.7773,8.57808,11.2836,10.9901,3.64278,9.6107,2.85623,6.97954,4.78033,1.0641,7.77581,3.61469,8.2806,9.86059,4.49697,-3.94444,2.62085,3.26015,1.2317,5.54781,-9.77981,0.856037,0.916799,-7.73024,5.78816,-2.36875,-1.56061,-2.97439,-0.380251,-0.574584,-2.956,1.38947,0.885653,12.55,3.04451,-0.41753,-2.45145,-7.17826,0.910137,1.51675,3.13702,3.91936,0.0978813,-9.15036,1.68331,-2.73639,-6.82123,-2.25853,-4.1898,9.08701,2.38454,12.4774,7.28992,2.11671,6.00783,3.89603,8.5097,-11.4039,-9.26919,-8.22497,-8.35053,-8.53965,-6.2966,-5.69728,-4.97554,-5.1542,-5.7781,-3.37303,-9.73892,-1.98125,-4.20523,-9.44244,-1.10674,-7.14144,5.44638,7.30847,0.576033,11.3925,4.40058,6.70295,13.2104,2.04986,13.4407,1.21734,12.7067,0.128953,13.8367,-6.26345,1.00882,-6.6493,0.46236,-2.57225,-5.08492,-2.36191,2.78976,-4.38787,-4.67755,-13.1144,-10.7495,-15.6298,-14.0536,-17.5167,-4.73969,-1.17319,-12.6723,-13.944,-8.64202,-7.29857,-8.94758,-20.1879,-14.8823,-2.98175,5.93094,-3.08597,1.16832,-4.47971,-7.57773,-12.0966,-12.7221,-12.4923,-18.604, 2008S,2.73105,6.16572,4.45246,2.9953,4.15452,3.59001,1.52959,5.78719,2.96295,6.3378,3.51226,6.75651,3.17665,3.95822,-3.10557,-3.48954,-5.19652,-3.72333,-7.04813,-6.46841,-8.03244,-7.45127,-4.33049,-5.39909,-5.23699,-9.22466,-6.94772,-6.33209,-9.46123,-0.844111,-4.78962,-2.70547,-3.8905,-0.829021,-1.39617,-3.01052,-2.44624,-2.73416,-7.13431,3.83249,-10.1712,1.90737,-0.835081,0.0728158,-3.25858,-5.50605,0.14142,-8.35385,-7.08882,-4.64722,1.38119,0.290199,-0.776018,3.49598,-1.55991,4.32041,0.737277,3.22186,0.754082,-0.752743,6.057,0.806635,1.69865,-8.5689,-8.90223,-9.34949,-9.25791,-8.75092,-9.82836,-7.36199,-8.18682,1.92909,1.00647,6.47444,2.80312,5.26453,4.36221,6.39903,7.76101,5.04788,3.32128,5.44045,-5.13673,11.6705,-0.0876389,-1.51044,8.97953,9.92633,-0.632134,-8.4668,-0.365653,-3.13792,-6.13333,-1.85838,-1.44331,-0.11882,-0.287402,-7.63894,-0.692913,-8.31289,-2.06181,5.79074,3.25088,-3.31459,10.2198,6.00983,1.80719,5.39258,4.12633,5.40933,8.36496,-0.991395,-0.275417,3.95,4.42477,5.01132,-0.624499,4.27517,-2.13223,0.0295218,4.32919,3.65501,2.21029,3.37278,2.61405,10.0997,2.09648,-0.858433,2.37268,2.27037,3.86937,3.58296,2.75852,3.59144,3.59813
 2009L,-27.6394,-28.75,-26.5665,-23.8734,-27.3652,-20.3256,-32.6868,-29.3223,-19.6208,-22.53,-27.4107,-31.1661,-30.7763,-30.3401,-5.19203,-15.1523,-10.1855,-12.2165,-11.9257,-7.06342,-13.2008,-8.27476,-16.6316,-10.9147,-10.1073,-11.2362,-9.75113,-9.98448,-16.0603,-22.4787,-12.7959,-16.3308,-18.1925,-17.7473,-24.6356,-14.6162,-8.85927,-13.7075,-15.729,-11.2405,-23.3539,-15.6627,-10.7565,-7.14355,-19.3082,-15.3089,-16.888,-11.4848,-13.9087,-23.3711,-10.4701,-16.4569,-9.41154,-7.53821,-13.9755,-12.8908,-12.3294,-18.7605,-21.4128,-25.2672,-17.575,-30.3162,-25.7094,-20.7026,-11.5766,-15.8198,-13.0106,-17.5248,-9.01463,-12.1789,-14.7473,-15.1433,-17.7419,-12.5698,-10.4225,-16.808,-16.5215,-12.591,-14.2554,-11.4292,-7.51592,-10.0676,-14.6888,-12.856,-10.8944,-15.6221,-16.571,-12.6714,-13.4332,-14.1317,-12.2495,-13.9734,-10.1539,-13.0281,-11.3863,-11.6658,-10.3882,-13.5454,-7.96146,-17.1974,-12.8315,-22.1472,-21.2261,-19.0786,-17.0896,-21.0027,-19.5268,-17.7547,-15.9255,-14.7808,-17.5419,-5.98376,-12.4873,-6.58423,-4.37793,-1.71475,-7.19763,-6.83657,-4.72788,-3.37075,-7.5502,-14.1704,-17.5196,-11.5416,-13.0347,-14.7708,-3.73121,1.55545,-6.63085,-5.63949,-7.26066,-7.56906,-4.96994,-4.15818,-5.33952, 2009S,-4.71084,-3.31713,-7.58271,-5.63007,-3.32134,1.77432,-8.58294,-3.74887,-0.0117826,-0.865021,-4.22304,-2.39005,-12.9596,-7.59089,-2.74782,-8.16682,0.406725,2.32763,3.94735,3.28372,1.99602,1.07166,3.29188,-5.04168,-0.681439,0.15276,1.79483,2.7923,-0.924642,-6.67061,-4.00655,-7.10486,-7.43186,-6.17156,-6.30682,-0.171539,-2.80093,8.67767,0.338169,2.94926,2.30319,5.10169,-0.785586,-0.131074,1.33746,-0.422711,-0.212704,1.01741,-2.64742,0.984184,3.40318,5.73751,-1.60945,-4.46182,-2.22269,-0.854552,-2.33417,-2.66042,-5.55127,-1.69325,-1.40558,-3.06594,-4.95976,-5.04129,-0.410879,-1.40359,5.84799,-0.919735,3.03372,-0.274816,0.29266,-4.63243,-2.69053,0.571678,0.290749,-1.30966,2.00163,1.92343,4.69604,2.12814,-2.68064,2.53981,1.04037,5.47378,-2.26443,-3.18265,6.84307,6.77273,-1.84591,2.22935,-4.11589,0.772923,2.11021,0.220865,-1.89702,-1.37753,-1.16255,6.11077,3.23724,4.51166,1.58167,0.972242,-1.09261,-3.8985,-1.26288,-2.26117,-4.66171,-1.70934,-5.14475,1.25723,-0.0717045,0.272461,0.954616,-1.36882,-2.43647,3.78462,-2.62679,1.7687,-6.33452,-6.51047,-0.655785,-3.44415,-6.50468,-2.19616,0.115865,-4.84183,-3.05886,-4.85705,-3.17138,-0.531593,-3.65791,-11.4581,-2.08697,-1.95255,-6.37551
 2010L,19.2881,21.7108,21.0031,18.0857,20.078,19.9827,17.3464,23.1847,22.0837,24.3446,23.0418,24.4022,19.4021,22.0964,10.435,0.458829,9.94281,19.9115,7.0186,12.4317,16.1549,10.7391,10.5394,13.5568,11.5834,4.05184,3.55517,-0.231231,5.97942,1.79519,-2.15793,-2.80479,-2.2089,4.40153,7.60216,16.1833,8.99857,38.8279,21.5674,29.8033,20.821,28.9743,10.2321,9.98923,25.3893,23.4123,22.7473,8.63361,19.1401,16.5587,17.7221,31.927,11.0485,11.103,-0.326591,-0.373488,2.8139,13.2991,4.86573,11.7803,10.8806,23.926,19.0209,6.23549,14.5433,18.7863,23.9734,16.1247,9.50003,7.69215,7.33846,18.9733,10.1615,17.6156,16.3918,21.3299,20.0816,22.9547,19.9807,20.1077,13.949,23.1285,16.7327,18.6925,16.6556,16.8814,22.99,24.804,-2.23946,10.1313,0.501705,9.40747,14.6879,3.29394,4.25238,4.85278,8.98583,6.14383,10.8374,12.4456,2.27021,5.63637,-2.72155,2.55389,8.55147,4.67032,10.828,6.86989,-0.0776407,17.8485,16.9011,9.86586,12.1458,11.2282,12.4239,7.78147,3.23422,3.08845,9.72327,7.77023,13.4047,13.4883,10.3255,16.5654,6.81363,4.21599,3.71164,4.83448,12.5342,15.2388,11.8966,7.60659,12.9194,11.5732,10.1685, 2010S,-3.11433,-2.87729,-1.69267,-5.40253,-7.55729,-4.95762,-4.67406,-0.934596,-8.29755,-6.04826,-6.18758,-6.39341,-1.0516,-2.42521,-16.8324,-13.8245,-15.2788,-13.5651,-13.8706,-15.2146,-14.7953,-18.414,-13.9648,-17.5801,-15.7691,-13.4528,-13.6518,-14.4096,-12.4735,-18.5057,-16.3827,-17.5988,-12.5925,-11.4568,-19.2904,-11.0196,-12.4826,-3.32961,-12.6556,-5.97483,-6.46451,-7.6981,-13.2002,-10.4111,-6.62197,-9.21984,-7.83627,-12.5862,-11.2052,-12.0008,-7.83837,-9.13408,-10.1933,-12.2839,-14.1514,-15.1014,-13.6997,-13.1972,-15.3866,-18.3769,-13.3741,-9.08025,-8.36002,-7.90736,-13.4714,-12.3793,-12.3869,-10.901,-12.1585,-13.5605,-11.5092,-5.74626,-7.40367,-2.61164,-9.151,-8.97721,-6.76948,-4.56255,-4.08187,-6.55871,-7.39341,-6.58567,-7.3197,-5.99553,-10.0342,-3.88031,-5.48007,-4.40638,-12.6278,-14.7616,-13.157,-13.5548,-14.1715,-9.7407,-9.89662,-12.1658,-11.9191,-13.9803,-12.4003,-16.4017,-10.9246,-11.5837,-16.0243,-11.9496,-7.89774,-14.0869,-9.08659,-9.1354,-11.6847,-9.55262,-8.3404,-7.3247,-10.2225,-8.19996,-9.88358,-8.58689,-11.0974,-13.9202,-4.09768,-7.4366,-8.67994,-8.59255,-9.23481,-7.10727,-12.1738,-12.0372,-14.776,-9.56084,-12.8402,-14.4343,-11.6244,-6.13969,-11.5425,-10.7825,-4.85897
 2011L,-2.51118,-6.81368,-4.58198,-3.82655,0.146852,1.08165,-1.86906,-4.78391,6.60698,6.00958,6.33188,6.1782,-12.2924,-9.22834,-22.2345,-26.5562,-17.8408,-15.5292,-18.7428,-16.6705,-19.2367,-24.5735,-20.5041,-28.2792,-19.3635,-22.7279,-18.5212,-21.2895,-18.022,-20.7351,-28.1747,-29.4315,-20.2665,-19.9636,-9.10214,-19.0034,-22.2162,-4.0951,-14.2602,-15.0027,-15.9731,-10.9589,-17.8954,-21.0773,-14.4478,-8.82293,-14.8508,-14.7076,-13.7819,-16.9505,-9.76214,-8.51891,-16.9769,-26.6824,-23.4278,-23.7057,-20.793,-7.35098,-22.3646,-14.1934,-13.3307,-1.2114,-4.49965,-14.6772,-22.0965,-17.0825,-15.3285,-18.2771,-20.9493,-23.299,-15.7383,-8.81513,-10.5871,-6.25155,-13.4648,-0.0471072,7.22327,-5.28086,3.93033,-11.4637,-8.31455,2.67944,-15.5338,-2.96321,-12.7985,-9.74289,3.93515,5.39862,-18.9295,-18.1902,-25.5493,-18.4254,-18.0991,-18.2775,-16.0878,-20.9199,-16.2433,-20.356,-16.1962,-20.5333,-18.2694,-23.7794,-24.7243,-18.2926,-17.6496,-20.4708,-16.5355,-15.5189,-20.5519,-18.2481,-15.2394,-16.5493,-18.6116,-9.4699,-12.9148,-5.88905,-27.2203,-24.7494,-19.7114,-21.9026,-13.5959,-18.1921,-16.7289,-16.9723,-23.595,-20.7891,-30.017,-26.5727,-8.71886,-4.07365,-8.94592,-6.64802,-11.8253,-13.3327,-18.6049, 2011S,14.4041,12.8441,10.8399,12.0906,17.1528,17.0774,6.15239,10.4735,19.312,17.8145,20.9949,16.0537,9.53035,11.3482,7.7307,0.00862285,7.23355,11.4033,11.0379,5.24671,11.2764,4.25134,8.8429,2.44474,7.83404,4.33542,0.816983,1.27234,3.05828,0.638281,1.58336,0.636667,17.9782,13.6789,7.79488,17.1311,12.2723,23.1583,19.5717,17.3745,17.7996,14.8965,13.251,10.569,15.7561,24.2822,17.6812,20.5089,24.583,14.9945,17.407,17.3801,14.8991,9.4017,8.38596,7.84185,11.198,13.8331,2.07795,5.51771,13.0491,17.232,14.9667,-2.69276,0.154599,5.02917,9.28346,4.06515,7.74951,-0.472945,0.194631,15.8369,17.6964,23.5095,11.6967,11.1298,16.0605,14.876,20.9167,12.9928,8.89375,17.6449,14.3398,16.8215,15.6793,23.3683,16.934,16.353,15.7404,25.6706,8.88631,22.3076,12.1981,14.2122,20.7805,15.4875,22.2363,12.0457,26.2657,8.82962,28.0481,10.3278,10.8401,8.78143,10.981,8.72213,11.6977,22.9177,11.3581,10.8099,16.1702,7.94211,11.0623,9.06919,7.80883,3.48212,7.26224,9.69731,12.4321,13.9455,11.5697,12.8473,9.89312,16.5706,6.89433,15.7338,4.90289,9.71948,3.27792,10.7851,8.70278,5.32366,13.4155,5.85824,13.0623
 2012L,12.3099,16.7873,5.40963,5.42512,13.1133,17.2128,3.9128,16.3999,20.6506,20.201,18.0459,15.6887,3.39383,5.64511,-6.41941,-17.2991,-13.6386,-10.46,3.17136,-11.4463,-5.25345,-7.48374,0.407633,-6.85362,-9.63236,-20.488,-29.6507,-25.241,-26.6203,-14.202,-15.2846,-20.2724,-0.345568,3.48896,4.67744,10.9828,16.0421,19.1107,9.55294,5.51698,9.33778,7.53444,20.1004,2.35767,9.33266,16.2076,6.65236,10.6009,19.1661,12.4226,13.535,10.1783,13.9647,-1.7034,-6.63768,-7.20297,-5.25393,10.3269,-7.89036,1.5382,13.1544,21.1267,16.2209,-9.81848,-6.95941,-9.69162,-4.45174,-9.50585,-19.3109,-25.581,-12.6353,29.9982,25.9136,15.8077,20.6679,22.1924,17.4203,15.8446,23.4832,24.8133,27.6954,26.1107,18.1804,10.3233,22.6544,12.1428,24.2473,23.0764,8.34385,-5.81605,0.27026,14.4979,0.325135,4.77881,-3.0538,12.2153,16.6723,-8.47325,18.7024,-14.0532,6.54265,14.2825,22.2323,-0.636484,7.70953,5.6996,6.16567,6.01288,1.54617,-4.51545,-2.19146,-7.10008,-2.08539,-0.902146,-1.70917,0.191976,-1.22112,-1.94994,0.688403,6.75506,7.68022,7.23843,3.56329,-0.343852,-4.54675,14.8229,-7.10962,-4.50035,2.71996,6.7911,0.557669,-2.12141,10.8696,4.57575,9.70682, 2012S,14.0548,18.098,11.4576,11.8585,13.1621,8.96448,8.26251,18.9152,9.34088,16.1841,8.42349,9.25292,11.8819,11.1523,-6.56696,-5.64398,-7.06448,-9.60239,-6.19342,-9.58696,-6.35197,-5.92067,-5.52138,-4.05141,-4.19485,-8.66632,-11.7982,-9.52299,-12.2166,-1.21485,-5.36889,-2.14185,-7.52802,-7.15353,-0.830387,1.64057,-0.877683,-5.70439,9.9838,-2.07625,-4.04443,-2.17413,2.93009,-3.89073,-0.738347,9.75681,0.143081,6.30065,9.90187,-1.7315,-0.691693,-4.79787,1.24736,2.06339,0.488849,-4.44587,-1.06607,6.88127,-0.408468,3.51443,3.85688,12.706,12.2467,-6.13135,-8.23595,-6.57006,-6.11951,-4.66528,-13.7608,-7.01161,-4.17293,14.6146,4.92312,2.56517,8.44666,13.2657,5.79259,9.20415,7.52659,8.88809,20.0389,15.8333,1.89252,2.58495,9.81928,3.15051,13.1859,4.93913,0.837282,-12.7051,-0.224538,-0.231522,-7.04633,-3.80149,-11.8458,1.55666,1.26469,-10.138,-0.461428,-12.8936,-11.4805,4.88931,1.95509,-1.0962,-1.77822,-1.35403,-0.92941,0.144095,-8.85644,-4.00965,-4.67223,0.769193,2.88057,-2.20222,-0.393765,0.528146,6.72835,5.25368,8.05121,10.2003,1.06129,1.68778,2.48237,-0.152404,3.05413,8.13608,-1.32417,1.66547,1.09623,2.59989,0.986204,-1.19565,3.69966,0.054453,5.20292
 2013L,17.8718,21.262,13.44,15.8011,21.0945,18.7701,11.3391,20.101,20.798,24.5251,23.13,25.8734,10.5575,14.1302,3.18156,-0.37854,0.0938773,-0.1854,13.5648,-7.28197,-1.54163,-1.56126,3.07802,3.5752,-0.140329,-8.5891,-7.81215,-6.71475,-8.5416,-1.82741,-4.45883,-1.34041,8.62852,-2.44723,3.80926,15.0602,17.5422,14.3027,31.2964,26.3036,19.4885,29.776,15.1014,16.6036,18.4221,42.0384,17.1484,22.4891,37.3899,18.6655,24.4464,19.0229,15.3467,16.5015,32.837,24.539,28.2909,5.69319,-1.73698,-1.01375,5.53586,21.9867,17.1973,-4.74814,1.56105,22.6822,11.3718,7.3838,-8.00529,0.0433947,-0.997258,17.4099,24.4061,17.8973,12.6187,14.8979,11.7762,18.7185,17.6983,15.1178,18.7946,27.0913,2.9927,12.919,4.88523,14.9202,27.7914,20.5002,38.7951,0.760069,29.4344,12.33,7.29114,32.4515,17.5039,32.1618,26.7369,13.7881,24.1557,-0.315895,11.0745,21.749,30.6563,3.87283,1.00618,8.71653,1.10967,3.5828,30.6905,1.15986,3.32668,0.705318,4.36586,-1.03009,-4.60154,-4.25633,19.2465,14.5752,26.3886,29.099,-2.27678,0.691753,-7.41531,7.94175,11.4225,13.6445,8.27531,14.2372,-7.11837,-9.14038,-7.20794,-10.1294,2.28759,-0.970671,13.7918, 2013S,9.55911,10.9515,6.77001,6.47298,8.62083,7.6805,8.61345,14.6016,8.51079,15.0402,10.5819,14.8218,8.24722,8.96649,0.580982,-9.28001,-11.04,-7.38103,-8.07977,-6.09904,-11.7916,-7.36073,-8.47674,-4.97703,-8.00267,-9.10219,-11.863,-9.49439,-12.0617,-6.74233,-6.04471,-6.75742,-1.47281,-8.79582,-5.02043,4.73406,3.52283,4.90149,0.200173,4.16605,4.97637,5.5776,3.38838,-1.13467,7.18602,4.53565,8.1984,-2.76913,0.12903,4.15097,-1.76965,3.53345,-0.601425,-6.24855,-0.453441,-0.108873,-0.328076,4.71185,-1.2991,-1.08591,3.68076,5.24981,7.46858,-0.722885,-9.17696,-7.81648,-10.9148,-9.25179,-16.6621,-8.0542,-4.68685,-0.210281,3.47874,3.00279,-3.89788,1.26908,2.52359,2.0321,5.37216,-3.61491,0.262178,12.14,-4.15185,1.20689,-3.81527,2.37357,10.8497,8.44865,0.963046,-11.5427,-3.7752,-7.29037,-11.2831,-0.806049,-4.49506,-1.44592,-2.44448,-5.73713,-4.72225,-11.1301,-5.77983,5.78323,7.88616,3.13213,-6.05718,-2.0973,-0.444265,-1.36732,9.24897,-2.13947,-5.60791,0.303702,2.6441,1.66581,3.93413,6.99095,1.70324,4.74812,9.00105,5.57982,0.831501,2.83171,-0.495837,0.805759,-2.1145,-2.21006,-4.31457,-0.612981,6.83632,6.5314,5.86522,1.17127,4.2699,7.62687,9.31462
,,,,,,,,,,,,,,,,,,,,,,,,,,,,,,,,,,,,,,,,,,,,,,,,,,,,,,,,,,,,,,,,,,,,,,,,,,,,,,,,,,,,,,,,,,,,,,,,,,,,,,,,,,,,,,,,,,,,,,,,,,,,,,,,,,,,,,,,,,,,,,,,,,,,,,,,,,,,,,,,,,,,,,,,,,,,,,,,,,,,,,,,,,,,,,,,,,,,,,,,,,,,,,,,,,,,,,,,,,,,,,,,,,,,,,,,,,,,,,,,,,,,,,,,,,,,,,,,,,,,,,,,,,,,,,,
Min,,,,,,,,,,,,,,,,,,,,,,,,,,,,,,,,,,,,,,,,,,,,,,,,,,,,,,,,,,,,,,,,,,,,,,,,,,,,,,,,,,,,,,,,,,,,,,,,,,,,,,,,,,,,,,,,,,,,,,,,,,,,,,,,,,,,,,,,Min,,,,,,,,,,,,,,,,,,,,,,,,,,,,,,,,,,,,,,,,,,,,,,,,,,,,,,,,,,,,,,,,,,,,,,,,,,,,,,,,,,,,,,,,,,,,,,,,,,,,,,,,,,,,,,,,,,,,,,,,,,,,,,,,,,,,,,,
Percentile 10 ,-16.70542,-20.13011,-6.334418,-10.045668,-15.55729,-21.28139,-11.69844,-12.599962,-15.38765,-12.80713,-22.82027,-21.01859,-12.08285,-9.855397,-8.761045,-7.979654,-10.127549,-12.08633,-8.175371,-13.86463,-8.636845,-8.195658,-11.14178,-6.704946,-9.51509,-11.066513,-14.44326,-19.04759,-15.69831,-12.76108,-4.869077,-7.194567,-5.324554,-7.110655,-17.66928,-8.543532,-8.119689,-6.60507,-5.531244,-10.814529,-4.066777,-5.606322,-7.584217,-8.187316,-6.340279,-6.338697,-9.171381,-7.238343,-7.765537,-6.89502,-9.268035,-7.149523,-9.171429,-14.27215,-10.66703,-11.334784,-12.019542,-24.34626,-9.587175,-14.47987,-17.17596,-17.93847,-23.84819,-6.897583,-8.623488,-12.355872,-12.97513,-8.003127,-14.82083,-13.73004,-12.011613,-10.895176,-8.4034936,-8.027628,-8.295892,-16.65829,-16.31945,-7.59924,-11.59794,-9.156323,-10.39612,-20.5526,-11.035262,-2.946524,-14.10431,-9.081446,-26.34513,-12.33448,-3.222683,-8.937397,-5.402797,-6.380828,-6.869849,-6.40118,-6.978949,-5.584581,-6.405366,-15.34193,-7.210256,-8.285942,-6.85301,-4.516191,-3.647119,-5.806799,-5.297335,-9.597512,-4.820533,-2.557333,-5.729077,-5.87974,-6.255574,-11.89161,-11.54492,-14.46502,-15.12585,-11.18423,-7.482606,-6.778143,-13.29537,-14.05299,-10.57197,-12.74057,-12.14371,-16.93659,-15.26732,-14.19813,-7.015848,-7.279853,-7.363881,-8.010181,-8.809101,-7.476956,-15.85944,-11.363678,-16.14427,Percentile 10 ,,,,,,,,,,,,,,,,,,,,,,,,,,,,,,,,,,,,,,,,,,,,,,,,,,,,,,,,,,,,,,,,,,,,,,,,,,,,,,,,,,,,,,,,,,,,,,,,,,,,,,,,,,,,,,,,,,,,,,,,,,,,,,,,,,,,,,,
Percentile 15,-14.685175,-15.880225,-5.1143785,-8.798931,-13.446545,-20.361475,-8.89731,-7.991208,-13.991455,-9.919958,-17.578745,-16.39877,-9.004358,-7.519971,-7.7182895,-3.001551,-8.9706995,-10.61918,-5.139563,-12.21658,-6.112866,-7.1055765,-9.7308135,-4.2500435,-8.122583,-9.351207,-12.389825,-16.44118,-12.279395,-9.0479685,-4.393752,-1.883077,-4.6237425,-6.748707,-14.825545,-5.3676315,-4.14582,-5.3496695,-4.147205,-5.1679335,0.0637608,-4.3029345,-4.6675425,-5.9032265,-2.339345,-4.833474,-0.95121085,-1.34857805,-5.7528815,-3.619249,-3.6153335,-6.0120185,-4.7103395,-10.873066,-7.878892,-7.4574095,-7.7588885,-18.725595,-6.9442265,-11.47068,-13.419565,-12.53447,-16.20174,-3.8103005,-7.5216395,-7.548193,-11.218425,-3.0633465,-10.954835,-12.54206,-5.663501,-9.512992,0.9234809,-4.525839,-7.660617,-12.217355,-12.57336,-6.5436175,-10.2622405,-6.3476545,-8.9455125,-14.987755,-9.2117765,-2.7893885,-12.357735,-4.02524,-22.93606,-10.851685,-2.0130325,-7.424953,-3.4505095,-2.623417,-3.402956,-1.0899482,-5.0256735,-3.631301,-3.2755725,-14.86536,-4.5588405,-7.295325,-6.5979045,-3.2896665,-1.8561985,-4.578961,-4.141849,-4.536323,-0.56415355,-2.4037945,-4.7517075,-4.663052,-3.708413,-11.402895,-9.4363115,-11.71563,-14.398805,-9.898276,-5.9177085,-5.908021,-11.18354,-11.99855,-9.5171875,-11.347035,-10.525012,-15.40659,-13.68136,-11.31991,-4.743772,-5.0547545,-6.801482,-6.388406,-7.372616,-6.585594,-13.36704,-8.2015365,-10.641026,,-6.427573,-8.0767815,-5.939192,-8.4383145,-7.131423,-6.0326225,-7.273775,-5.59238,-4.643293,-8.5953315,-5.066847,-7.58714,-5.5304125,-7.3098885,-8.4264655,-4.243594,-7.995821,-8.9404345,-6.4925685,-11.27986,-7.2667465,-7.893922,-5.114831,-7.4867185,-8.4846305,-13.46575,-12.29224,-10.911265,-12.24145,-5.8820885,-5.4173125,-6.879024,-2.636091,-6.4458865,-7.9027655,-5.7054625,-4.780088,-10.38088,-6.928065,-8.282511,-9.8656935,-9.293342,-8.0646015,-5.538739,-7.902093,-6.8122025,-5.951642,-5.8543085,-6.947143,-11.40296,-7.316784,-9.287128,-4.5335735,-10.0905295,-6.819454,-4.301154,-5.5611085,-7.2305435,-2.9361815,-7.45391,-5.6599735,-6.763657,-6.5486515,-8.138899,-9.9646,-7.8338925,-11.33737,-8.1448145,-10.596788,-9.368573,-8.875339,-2.7926245,0.0209855,-3.459937,-4.128054,-6.541611,-3.944872,-1.97291475,-3.793173,-5.489078,-9.149499,-6.1256185,-4.993639,-1.4216852,-9.909946,-1.9947875,-6.752737,-5.4518425,-4.3974265,-8.966537,-6.7736765,-7.9568015,-7.173569,-3.385841,-4.5794275,-5.5698285,-6.883536,-8.871125,-6.895669,-9.4276985,-4.089835,-4.1280685,-5.9406365,-1.00613275,-4.2557945,-1.6564115,-1.4757355,-1.487027,-1.550875,-1.7750085,-2.25403045,-8.182873,-7.599111,-7.8526665,-7.6859105,-10.64957,-6.3651465,-8.5624255,-8.6539605,-8.478436,-8.2479995,-9.4409005,-9.4673435,-8.253828,-7.588166,-5.670389,-6.735042,-7.050149,-8.669116,-9.838354,-7.743608,-6.01528,-9.239057,-10.71655,-9.238606
Percentile 20,,,,,,,,,,,,,,,,,,,,,,,,,,,,,,,,,,,,,,,,,,,,,,,,,,,,,,,,,,,,,,,,,,,,,,,,,,,,,,,,,,,,,,,,,,,,,,,,,,,,,,,,,,,,,,,,,,,,,,,,,,,,,,,,,,,,,,,,,,,,,,,,,,,,,,,,,,,,,,,,,,,,,,,,,,,,,,,,,,,,,,,,,,,,,,,,,,,,,,,,,,,,,,,,,,,,,,,,,,,,,,,,,,,,,,,,,,,,,,,,,,,,,,,,,,,,,,,,,,,,,,,,,,,,,,,
Percentile 25,,,,,,,,,,,,,,,,,,,,,,,,,,,,,,,,,,,,,,,,,,,,,,,,,,,,,,,,,,,,,,,,,,,,,,,,,,,,,,,,,,,,,,,,,,,,,,,,,,,,,,,,,,,,,,,,,,,,,,,,,,,,,,,,,,,,,,,,,,,,,,,,,,,,,,,,,,,,,,,,,,,,,,,,,,,,,,,,,,,,,,,,,,,,,,,,,,,,,,,,,,,,,,,,,,,,,,,,,,,,,,,,,,,,,,,,,,,,,,,,,,,,,,,,,,,,,,,,,,,,,,,,,,,,,,,
Percentile 30,-8.22021,-6.643615,-1.849319,-3.689852,-5.688294,-11.47099,-1.611513,-2.701847,-5.536836,-7.689904,-11.240149,-7.667984,-3.213081,-0.8003578,-1.364779,0.138482421,-0.6479391,-5.426903,1.173079,-7.298672,-1.963842,-1.500342,-6.362283,2.84005,-2.927105,-5.993295,-7.231659,-8.042325,-7.826256,-3.218517,0.2387677,1.912125,-2.116008,-5.095139,-9.66176,1.1789279,1.0362743,-1.939817,3.809764,-1.84306,6.471221,-2.802553,0.3341186,-1.7424538,-0.5454045,2.386998,0.6718016,5.060655,3.043012,3.886841,2.285054,-2.667125,0.9799779,-4.379428,3.198511,-1.2835865,-3.0093403,-9.794318,-4.282464,-3.785513,-4.915726,-6.581924,-8.780804,3.726574,-2.662484,1.641293,-2.458967,1.440671,-7.585896,-3.6184133,-1.3165014,-3.459709,3.83328,1.713962,-2.9863817,-8.534964,-6.23675,-5.559348,-4.759078,7.986395,-5.971888,-12.30171,-6.931895,0.3110047,-8.042707,-0.4888145,-9.754505,-6.754929,1.424736,-5.759641,0.4077235,-0.77367813,1.495788,2.912055,-4.155723,1.0224828,3.01651,-11.25845,1.102436,-4.063317,-5.278448,3.099145,1.463989,-2.220299,-1.258693,2.842535,2.008803,0.5831394,0.40950251,-2.900865,1.0204827,-6.044667,-2.235372,-8.7112,-4.534457,-5.396546,-0.7118396,-2.29287,-2.681828,0.48368,-6.948279,-7.510166,-6.089892,-2.039056,0.6248669,-2.1683435,0.4621147,-1.3271275,-1.257901,-3.293749,-3.582175,-2.097923,-6.934535,-5.656131,-2.729535,,-4.990049,-4.876325,-3.48186,-5.017951,-6.105099,-4.312267,-3.749497,-3.214555,-2.424692,-6.491493,-3.121767,-6.171207,-3.213777,-6.155174,-3.550553,-1.777804,-5.533353,-4.724525,-4.022002,-6.357599,-4.523519,-4.778923,-1.6613054,-3.551754,-4.924348,-9.187919,-8.963305,-8.51287,-8.346236,-4.014575,-2.592512,-2.756913,0.0256178,-1.855806,-5.455697,-2.892395,-3.285295,-6.811221,-3.521445,-6.096791,-7.111639,-7.001211,-5.583967,-3.357007,-5.819125,-4.722454,-3.28615,-2.559529,-5.601288,-8.397883,-3.116886,-6.557285,-2.960857,-6.036085,-5.066642,-2.356339,-3.988466,-5.189919,-1.217833,-4.999682,-2.012432,-3.300741,-3.35502,-5.917567,-5.529774,-4.74702,-7.905754,-4.253755,-8.139877,-6.842791,-5.493089,-0.087932,3.586086,1.0325418,-1.014009,-2.458659,-1.4575203,1.693977,0.9325507,0.5421335,-6.414526,-4.767017,-3.473513,0.6731916,-7.810029,0.3292616,-5.55861,-2.197443,-1.819699,-3.252846,-4.776977,-4.169291,-4.74477,-1.0597332,-1.803948,-3.141218,-5.064594,-6.093374,-3.981009,-5.891054,-0.9751373,-0.3973579,-1.659699,2.087623,-1.175481,-0.6079334,3.049868,2.994894,1.320387,0.1911499,2.241193,-7.397136,-5.603316,-6.81876,-3.816029,-6.413006,-4.053096,-2.982132,-6.300728,-6.505271,-6.183526,-7.566845,-6.234947,-7.150131,-5.760607,-4.625353,-3.28846,-2.085415,-2.10631,-1.50696,-1.5136846,-1.174686,-4.484546,-5.549028,-6.908563
Percentile 35,,,,,,,,,,,,,,,,,,,,,,,,,,,,,,,,,,,,,,,,,,,,,,,,,,,,,,,,,,,,,,,,,,,,,,,,,,,,,,,,,,,,,,,,,,,,,,,,,,,,,,,,,,,,,,,,,,,,,,,,,,,,,,,,,,,,,,,,,,,,,,,,,,,,,,,,,,,,,,,,,,,,,,,,,,,,,,,,,,,,,,,,,,,,,,,,,,,,,,,,,,,,,,,,,,,,,,,,,,,,,,,,,,,,,,,,,,,,,,,,,,,,,,,,,,,,,,,,,,,,,,,,,,,,,,,
Percentile 40,,,,,,,,,,,,,,,,,,,,,,,,,,,,,,,,,,,,,,,,,,,,,,,,,,,,,,,,,,,,,,,,,,,,,,,,,,,,,,,,,,,,,,,,,,,,,,,,,,,,,,,,,,,,,,,,,,,,,,,,,,,,,,,,,,,,,,,,,,,,,,,,,,,,,,,,,,,,,,,,,,,,,,,,,,,,,,,,,,,,,,,,,,,,,,,,,,,,,,,,,,,,,,,,,,,,,,,,,,,,,,,,,,,,,,,,,,,,,,,,,,,,,,,,,,,,,,,,,,,,,,,,,,,,,,,
Percentile 45,-2.330091,-1.193778,-0.59690615,1.70891945,-1.626334,-5.1334795,0.62217485,2.4210355,-2.357216,-2.1134615,-6.958916,-2.215423,-0.89740545,4.047757,2.0643099,1.35028395,0.7291775,-2.89934,3.619209,-1.5626525,0.6257947,4.370589,-0.90723005,6.829208,-1.2171835,-3.6609845,-3.6077595,-3.8716105,-3.309948,-0.51474965,4.397033,7.2203065,-1.038569,-2.457186,-4.608792,4.1430895,4.459,0.5735108,8.9044515,1.946668,10.825974,3.4836925,4.490317,4.0785475,7.1165875,5.7590335,3.4591395,7.730589,7.1502845,7.7607505,9.008332,2.6771692,4.9748365,-0.42702465,5.5077225,3.726647775,4.9117185,-7.12202,-0.7715019,-0.87951025,2.48968515,-2.404485,-4.1923265,7.5065145,1.48910605,2.9598985,-1.1051555,4.6461615,-0.21639805,0.026887315,1.74096,2.500501,6.922906,10.879565,5.465715,-1.9586385,-3.6289155,1.7564475,-0.98561005,15.035545,0.00418297,-6.1627985,-0.4333337,0.66723045,-5.22297,0.94486555,-6.155547,-0.93520115,3.8415315,-2.283099,5.2056105,2.9379565,3.205709,4.771548,-1.0590938,5.8692325,6.860943,-6.5060565,5.327368,-1.02993875,-2.4101005,7.9572485,5.749588,1.71762645,2.6740075,4.7347205,6.026303,4.693451,2.134462,1.1190875,3.6455945,-1.09987,2.2190889,-3.6141245,-2.480249,-2.11084,3.191108,3.0444935,0.9906542,3.826956,-2.281176,0.04788065,-2.7767885,0.60697585,3.9974965,4.2562605,3.656885,2.9887215,0.6057762,0.7489688,-1.4635465,-0.03891191,-2.1827305,0.8288185,0.7700071,,-2.7551825,-2.899282,1.38082855,-1.339681,-3.330138,-0.679334,1.43849445,2.4831772,-0.25221965,-4.8696605,-1.7651165,-2.390716,2.750339,-0.98653855,-2.123178,2.450012,-1.9841995,0.6604228,-1.4205035,-1.587137,-0.10469415,0.27994685,3.131779225,1.22295885,-2.1346465,-7.0250205,-4.3863615,-6.3322065,-3.1380825,-1.23455,-0.54219675,-0.7692118,3.114798,0.770365,-2.9774415,-0.21368355,-1.571179,-3.495708,-1.4628115,-4.4123675,-3.0499545,-5.186741,-1.657223,-1.157214,-2.700296,-0.5358499,0.131423355,-0.310646,-2.6280875,-4.7963295,-1.676227,-5.0747275,-0.7833122,-4.0637985,-1.593049,-0.81012335,-1.5011965,-2.09859,0.135394965,-1.114317,0.10710755,0.47622801,0.62062945,-2.498219,0.1390978,-0.21035685,0.42317395,-0.92602425,-5.6024875,-4.6711435,-3.754023,1.65931555,4.916176,4.985136,0.4802826,-1.318304,0.66423275,2.5645685,3.381429,5.038973,-3.39824,-0.99858955,-0.53542855,1.1893326,-6.2912155,1.27427695,-2.7729705,1.47355615,-0.3708821,-1.302363,-2.7768775,-0.87892925,-2.2329995,-0.57185005,-1.2093965,-1.301777,-2.1706565,-2.759595,-1.831318,-1.694416,1.4358665,2.6482425,2.715147,3.123699,2.084169,1.395308,4.378501,4.691267,2.7481205,1.850429,4.221324,-5.3157425,-3.1649555,-3.0086085,-0.40712785,-1.497757,-1.7072795,-0.9029068,-4.402054,-4.4688445,-1.540472,-4.8897215,-2.224512,-5.2517585,-3.405288,-2.3117515,-1.3414195,-0.75708225,-0.1082129,1.805464,0.95844575,1.1566288,-1.0793445,-3.4637835,-4.249196
Percentile 50,,,,,,,,,,,,,,,,,,,,,,,,,,,,,,,,,,,,,,,,,,,,,,,,,,,,,,,,,,,,,,,,,,,,,,,,,,,,,,,,,,,,,,,,,,,,,,,,,,,,,,,,,,,,,,,,,,,,,,,,,,,,,,,,,,,,,,,,,,,,,,,,,,,,,,,,,,,,,,,,,,,,,,,,,,,,,,,,,,,,,,,,,,,,,,,,,,,,,,,,,,,,,,,,,,,,,,,,,,,,,,,,,,,,,,,,,,,,,,,,,,,,,,,,,,,,,,,,,,,,,,,,,,,,,,,
Percentile 55,,,,,,,,,,,,,,,,,,,,,,,,,,,,,,,,,,,,,,,,,,,,,,,,,,,,,,,,,,,,,,,,,,,,,,,,,,,,,,,,,,,,,,,,,,,,,,,,,,,,,,,,,,,,,,,,,,,,,,,,,,,,,,,,,,,,,,,,,,,,,,,,,,,,,,,,,,,,,,,,,,,,,,,,,,,,,,,,,,,,,,,,,,,,,,,,,,,,,,,,,,,,,,,,,,,,,,,,,,,,,,,,,,,,,,,,,,,,,,,,,,,,,,,,,,,,,,,,,,,,,,,,,,,,,,,
Percentile 60,,,,,,,,,,,,,,,,,,,,,,,,,,,,,,,,,,,,,,,,,,,,,,,,,,,,,,,,,,,,,,,,,,,,,,,,,,,,,,,,,,,,,,,,,,,,,,,,,,,,,,,,,,,,,,,,,,,,,,,,,,,,,,,,,,,,,,,,,,,,,,,,,,,,,,,,,,,,,,,,,,,,,,,,,,,,,,,,,,,,,,,,,,,,,,,,,,,,,,,,,,,,,,,,,,,,,,,,,,,,,,,,,,,,,,,,,,,,,,,,,,,,,,,,,,,,,,,,,,,,,,,,,,,,,,,
Percentile 65,3.176222,4.0287135,4.4503245,4.5981645,2.7292025,1.839556,6.3607665,5.66078,1.072732,4.107648,-0.5779554,2.6693495,4.3019235,7.534227,7.589846,7.708598,2.655991,2.319435,7.409755,5.406141,3.820076,9.87941,2.6262125,11.98811,4.7374715,2.131701,1.786917,1.988768,0.5329626,3.8171205,6.26319,12.815715,3.42844,2.154152,1.9472755,6.3975405,10.1571675,7.225134,14.718435,5.9187635,13.672295,7.928649,9.5386945,9.2191655,9.4318625,13.58991,10.93192,10.56299,10.201106,12.54818,14.163065,10.007849,10.733575,9.2853705,8.6988965,9.1263245,8.906417,2.6534105,3.7218515,1.800548,6.3217245,2.5845835,0.81855845,9.7105435,8.8202185,7.622623,5.956712,7.4182865,1.6022125,2.6862055,5.77395,12.27515,10.034,17.657855,11.04469,2.6021735,2.6673115,6.308415,7.993653,23.24905,4.7726365,0.27103895,4.767663,2.6446395,0.8778538,5.9078265,-2.1628905,4.076212,9.5797615,4.276916,9.0486795,10.392315,7.825182,8.2455175,4.339176,10.51969,11.03803,2.162789,10.46242,5.158446,1.0650251,14.25377,13.84212,5.134395,13.99453,7.913484,8.9724965,8.4349655,6.9030735,7.229189,17.06262,1.6282105,5.5071085,-1.0108984,-0.21895975,0.27479865,12.114115,10.38867,5.105901,12.704535,3.10011,2.334204,4.0120465,5.058315,7.552194,12.773845,8.27561,7.3209645,3.641935,8.015776,4.0401,2.061984,2.079289,6.2075605,5.5298005,,3.1441725,6.261987,5.160718,4.251355,4.30299,2.5047045,3.5735995,6.413931,2.0113155,0.9101764,1.872945,2.0935605,6.5921695,4.636744,4.677758,7.0504225,1.367594,5.1227065,2.705274,4.6171635,2.9644495,2.7009615,5.4468865,7.4319,0.2569093,-1.5637585,-2.546981,-1.379684,-0.848041,2.725115,7.426243,5.3805015,8.6034645,6.253881,5.5967535,1.7449385,1.7776655,-2.3320835,0.6980519,-1.134649,0.3067924,-2.072943,0.06648735,0.15521623,-0.7276967,1.8415875,1.266627,1.0311935,0.53847875,-1.512135,1.2561465,-1.2696519,1.0215525,2.1528665,0.89286065,3.3640345,2.0213615,0.58090475,3.879454,3.16848,3.404765,5.326553,4.6830675,0.9514615,5.333071,5.036538,6.0199455,1.4071515,-1.19086365,-0.27001225,1.02216335,3.7882755,7.1041825,10.088582,2.933464,1.2055595,3.5821605,6.4978095,7.561753,12.43435,0.6979574,2.5525405,2.699254,1.8742735,0.206878435,2.661346,4.0868165,6.033026,1.1839021,2.7056255,0.088842615,1.1092185,1.4207295,3.553914,3.510157,1.5914225,0.3244093,2.224093,1.080213,3.8515935,5.21422,5.7843565,4.7310865,6.4874185,7.3724785,3.840761,6.515612,7.073389,7.0804335,3.4388165,9.04463,0.37352565,2.316884,2.421454,4.4603245,2.055217,5.7294075,3.369495,-0.6364825,1.9946045,0.6133774,-1.06876425,1.25744,1.902483,3.255904,2.7854195,2.097395,1.9460765,3.0961815,3.508011,4.0259025,2.2308295,2.899691,2.246077,3.6339695
Percentile 70,,,,,,,,,,,,,,,,,,,,,,,,,,,,,,,,,,,,,,,,,,,,,,,,,,,,,,,,,,,,,,,,,,,,,,,,,,,,,,,,,,,,,,,,,,,,,,,,,,,,,,,,,,,,,,,,,,,,,,,,,,,,,,,,,,,,,,,,Percentile 70,,,,,,,,,,,,,,,,,,,,,,,,,,,,,,,,,,,,,,,,,,,,,,,,,,,,,,,,,,,,,,,,,,,,,,,,,,,,,,,,,,,,,,,,,,,,,,,,,,,,,,,,,,,,,,,,,,,,,,,,,,,,,,,,,,,,,,,
Percentile 75,,,,,,,,,,,,,,,,,,,,,,,,,,,,,,,,,,,,,,,,,,,,,,,,,,,,,,,,,,,,,,,,,,,,,,,,,,,,,,,,,,,,,,,,,,,,,,,,,,,,,,,,,,,,,,,,,,,,,,,,,,,,,,,,,,,,,,,,Percentile 75,,,,,,,,,,,,,,,,,,,,,,,,,,,,,,,,,,,,,,,,,,,,,,,,,,,,,,,,,,,,,,,,,,,,,,,,,,,,,,,,,,,,,,,,,,,,,,,,,,,,,,,,,,,,,,,,,,,,,,,,,,,,,,,,,,,,,,,
Percentile 80,,,,,,,,,,,,,,,,,,,,,,,,,,,,,,,,,,,,,,,,,,,,,,,,,,,,,,,,,,,,,,,,,,,,,,,,,,,,,,,,,,,,,,,,,,,,,,,,,,,,,,,,,,,,,,,,,,,,,,,,,,,,,,,,,,,,,,,,Percentile 80,,,,,,,,,,,,,,,,,,,,,,,,,,,,,,,,,,,,,,,,,,,,,,,,,,,,,,,,,,,,,,,,,,,,,,,,,,,,,,,,,,,,,,,,,,,,,,,,,,,,,,,,,,,,,,,,,,,,,,,,,,,,,,,,,,,,,,,
Percentile 85,,,,,,,,,,,,,,,,,,,,,,,,,,,,,,,,,,,,,,,,,,,,,,,,,,,,,,,,,,,,,,,,,,,,,,,,,,,,,,,,,,,,,,,,,,,,,,,,,,,,,,,,,,,,,,,,,,,,,,,,,,,,,,,,,,,,,,,,Percentile 85,,,,,,,,,,,,,,,,,,,,,,,,,,,,,,,,,,,,,,,,,,,,,,,,,,,,,,,,,,,,,,,,,,,,,,,,,,,,,,,,,,,,,,,,,,,,,,,,,,,,,,,,,,,,,,,,,,,,,,,,,,,,,,,,,,,,,,,
Percentile 90,,,,,,,,,,,,,,,,,,,,,,,,,,,,,,,,,,,,,,,,,,,,,,,,,,,,,,,,,,,,,,,,,,,,,,,,,,,,,,,,,,,,,,,,,,,,,,,,,,,,,,,,,,,,,,,,,,,,,,,,,,,,,,,,,,,,,,,,Percentile 90,,,,,,,,,,,,,,,,,,,,,,,,,,,,,,,,,,,,,,,,,,,,,,,,,,,,,,,,,,,,,,,,,,,,,,,,,,,,,,,,,,,,,,,,,,,,,,,,,,,,,,,,,,,,,,,,,,,,,,,,,,,,,,,,,,,,,,,
Percentile 95,,,,,,,,,,,,,,,,,,,,,,,,,,,,,,,,,,,,,,,,,,,,,,,,,,,,,,,,,,,,,,,,,,,,,,,,,,,,,,,,,,,,,,,,,,,,,,,,,,,,,,,,,,,,,,,,,,,,,,,,,,,,,,,,,,,,,,,,Percentile 95,,,,,,,,,,,,,,,,,,,,,,,,,,,,,,,,,,,,,,,,,,,,,,,,,,,,,,,,,,,,,,,,,,,,,,,,,,,,,,,,,,,,,,,,,,,,,,,,,,,,,,,,,,,,,,,,,,,,,,,,,,,,,,,,,,,,,,,
